block,feature_set,n_features,feature_cols,zone,C,n,auc,auc_ci_lo,auc_ci_hi,ref_auc,delta_vs_ref,ci_strictly_above_ref,ci_strictly_below_ref,candidate_revision
A_mu,mu{0.25},1,nuts_D_0.25,pz,0.1,81,0.8799725651577504,0.7718479028029844,0.9595862614514845,0.934156378600823,-0.05418381344307266,False,False,False
A_mu,mu{0.25},1,nuts_D_0.25,pz,1.0,81,0.8799725651577504,0.7870221923470514,0.9661803713527851,0.9327846364883402,-0.05281207133058985,False,False,False
A_mu,mu{0.25},1,nuts_D_0.25,pz,10.0,81,0.8799725651577504,0.7706051552413093,0.9599999999999999,0.9286694101508915,-0.0486968449931412,False,False,False
A_mu,mu{0.25},1,nuts_D_0.25,tz,0.1,68,0.9076923076923077,0.7832327586206896,0.9965545977011494,0.937062937062937,-0.029370629370629286,False,False,False
A_mu,mu{0.25},1,nuts_D_0.25,tz,1.0,68,0.9076923076923077,0.7830780444884063,0.9952153110047847,0.9370629370629371,-0.029370629370629397,False,False,False
A_mu,mu{0.25},1,nuts_D_0.25,tz,10.0,68,0.9076923076923077,0.7894571218255428,0.9944131794131794,0.9272727272727272,-0.01958041958041956,False,False,False
A_mu,mu{0.25},1,nuts_D_0.25,pooled,0.1,149,0.8688073394495412,0.7897854327541828,0.9404394114509246,0.9011467889908257,-0.032339449541284426,False,False,False
A_mu,mu{0.25},1,nuts_D_0.25,pooled,1.0,149,0.8688073394495412,0.7813502788502789,0.9408581880982393,0.8986238532110091,-0.029816513761467878,False,False,False
A_mu,mu{0.25},1,nuts_D_0.25,pooled,10.0,149,0.8688073394495412,0.7762489598588737,0.9436971486533433,0.8963302752293578,-0.02752293577981657,False,False,False
A_mu,mu{0.50},1,nuts_D_0.50,pz,0.1,81,0.7962962962962963,0.6933646230367907,0.8867156194629958,0.934156378600823,-0.13786008230452673,False,False,False
A_mu,mu{0.50},1,nuts_D_0.50,pz,1.0,81,0.7962962962962963,0.6926118671433513,0.8888564489179939,0.9327846364883402,-0.13648834019204392,False,False,False
A_mu,mu{0.50},1,nuts_D_0.50,pz,10.0,81,0.7962962962962963,0.6852977211467778,0.8888980990274095,0.9286694101508915,-0.13237311385459527,False,False,False
A_mu,mu{0.50},1,nuts_D_0.50,tz,0.1,68,0.8531468531468532,0.725783455207487,0.9524593391542545,0.937062937062937,-0.08391608391608374,False,False,False
A_mu,mu{0.50},1,nuts_D_0.50,tz,1.0,68,0.8531468531468532,0.7051004464285714,0.9548078647654918,0.9370629370629371,-0.08391608391608385,False,False,False
A_mu,mu{0.50},1,nuts_D_0.50,tz,10.0,68,0.8531468531468532,0.715630324634562,0.9566907753750243,0.9272727272727272,-0.07412587412587401,False,False,False
A_mu,mu{0.50},1,nuts_D_0.50,pooled,0.1,149,0.7802752293577981,0.6880609046126288,0.8588775999972276,0.9011467889908257,-0.12087155963302754,False,False,False
A_mu,mu{0.50},1,nuts_D_0.50,pooled,1.0,149,0.7802752293577981,0.6990118028431285,0.8528013022420918,0.8986238532110091,-0.11834862385321099,False,False,False
A_mu,mu{0.50},1,nuts_D_0.50,pooled,10.0,149,0.7802752293577981,0.6913391433128275,0.8634164698937425,0.8963302752293578,-0.11605504587155968,False,False,False
A_mu,mu{0.75},1,nuts_D_0.75,pz,0.1,81,0.8079561042524005,0.704711142430223,0.9029285153605588,0.934156378600823,-0.12620027434842251,False,False,False
A_mu,mu{0.75},1,nuts_D_0.75,pz,1.0,81,0.8079561042524005,0.7095154810895551,0.8993002456287554,0.9327846364883402,-0.1248285322359397,False,False,False
A_mu,mu{0.75},1,nuts_D_0.75,pz,10.0,81,0.8079561042524005,0.6977639832107149,0.9007293233082706,0.9286694101508915,-0.12071330589849105,False,False,False
A_mu,mu{0.75},1,nuts_D_0.75,tz,0.1,68,0.8461538461538463,0.713772349936143,0.9538804945054944,0.937062937062937,-0.09090909090909072,False,False,False
A_mu,mu{0.75},1,nuts_D_0.75,tz,1.0,68,0.8461538461538463,0.7050985475541908,0.9580492424242424,0.9370629370629371,-0.09090909090909083,False,False,False
A_mu,mu{0.75},1,nuts_D_0.75,tz,10.0,68,0.8461538461538463,0.719942542989418,0.9464285714285713,0.9272727272727272,-0.08111888111888099,False,False,False
A_mu,mu{0.75},1,nuts_D_0.75,pooled,0.1,149,0.7855504587155963,0.7066644682897426,0.8626099454717876,0.9011467889908257,-0.11559633027522942,False,False,False
A_mu,mu{0.75},1,nuts_D_0.75,pooled,1.0,149,0.7855504587155963,0.7040500321750323,0.8626588679111615,0.8986238532110091,-0.11307339449541287,False,False,False
A_mu,mu{0.75},1,nuts_D_0.75,pooled,10.0,149,0.7855504587155963,0.7008517268201833,0.8645136541093132,0.8963302752293578,-0.11077981651376156,False,False,False
A_mu,mu{1.00},1,nuts_D_1.00,pz,0.1,81,0.8285322359396433,0.7300681818181818,0.9214438316556007,0.934156378600823,-0.1056241426611797,False,False,False
A_mu,mu{1.00},1,nuts_D_1.00,pz,1.0,81,0.8285322359396433,0.7263684258693698,0.9198186998186997,0.9327846364883402,-0.10425240054869689,False,False,False
A_mu,mu{1.00},1,nuts_D_1.00,pz,10.0,81,0.8285322359396433,0.7225697004608295,0.9162367724867725,0.9286694101508915,-0.10013717421124824,False,False,False
A_mu,mu{1.00},1,nuts_D_1.00,tz,0.1,68,0.8307692307692308,0.6904538690476191,0.9414561805086951,0.937062937062937,-0.10629370629370616,False,False,False
A_mu,mu{1.00},1,nuts_D_1.00,tz,1.0,68,0.8307692307692308,0.7067007211538461,0.939664369804717,0.9370629370629371,-0.10629370629370627,False,False,False
A_mu,mu{1.00},1,nuts_D_1.00,tz,10.0,68,0.8307692307692308,0.6943087182823683,0.939743514554376,0.9272727272727272,-0.09650349650349643,False,False,False
A_mu,mu{1.00},1,nuts_D_1.00,pooled,0.1,149,0.7903669724770642,0.703104879566904,0.8671174802209284,0.9011467889908257,-0.11077981651376145,False,False,False
A_mu,mu{1.00},1,nuts_D_1.00,pooled,1.0,149,0.7903669724770642,0.7047126693354837,0.865516025615,0.8986238532110091,-0.1082568807339449,False,False,False
A_mu,mu{1.00},1,nuts_D_1.00,pooled,10.0,149,0.7903669724770642,0.7034085424710426,0.8672296123829062,0.8963302752293578,-0.1059633027522936,False,False,False
A_mu,mu{1.50},1,nuts_D_1.50,pz,0.1,81,0.8333333333333333,0.7281037151702786,0.9250196776611693,0.934156378600823,-0.10082304526748975,False,False,False
A_mu,mu{1.50},1,nuts_D_1.50,pz,1.0,81,0.8333333333333333,0.7347249976763639,0.9206581590531036,0.9327846364883402,-0.09945130315500694,False,False,False
A_mu,mu{1.50},1,nuts_D_1.50,pz,10.0,81,0.8333333333333333,0.7253900935374149,0.9184794751442441,0.9286694101508915,-0.09533607681755829,False,False,False
A_mu,mu{1.50},1,nuts_D_1.50,tz,0.1,68,0.5454545454545454,0.3703418803418803,0.7195932539682539,0.937062937062937,-0.39160839160839156,False,True,False
A_mu,mu{1.50},1,nuts_D_1.50,tz,1.0,68,0.5454545454545454,0.3559150171862036,0.7394221230158731,0.9370629370629371,-0.39160839160839167,False,True,False
A_mu,mu{1.50},1,nuts_D_1.50,tz,10.0,68,0.5454545454545454,0.3685327443346311,0.7320749463784854,0.9272727272727272,-0.38181818181818183,False,True,False
A_mu,mu{1.50},1,nuts_D_1.50,pooled,0.1,149,0.7073394495412844,0.6160763609546795,0.7995214903655324,0.9011467889908257,-0.19380733944954132,False,True,False
A_mu,mu{1.50},1,nuts_D_1.50,pooled,1.0,149,0.7073394495412844,0.6086017164055778,0.7949423819459432,0.8986238532110091,-0.19128440366972477,False,True,False
A_mu,mu{1.50},1,nuts_D_1.50,pooled,10.0,149,0.7073394495412844,0.6188787902241402,0.7926654652686762,0.8963302752293578,-0.18899082568807346,False,True,False
A_mu,mu{2.00},1,nuts_D_2.00,pz,0.1,81,0.5871056241426611,0.4555477855477856,0.7149845916795069,0.934156378600823,-0.3470507544581619,False,True,False
A_mu,mu{2.00},1,nuts_D_2.00,pz,1.0,81,0.5871056241426611,0.4542559112600563,0.710711766961767,0.9327846364883402,-0.3456790123456791,False,True,False
A_mu,mu{2.00},1,nuts_D_2.00,pz,10.0,81,0.5871056241426611,0.4649965272418583,0.7151834484855474,0.9286694101508915,-0.34156378600823045,False,True,False
A_mu,mu{2.00},1,nuts_D_2.00,tz,0.1,68,0.7916083916083916,0.6295882936507936,0.9216866781017724,0.937062937062937,-0.1454545454545454,False,False,False
A_mu,mu{2.00},1,nuts_D_2.00,tz,1.0,68,0.7916083916083916,0.6515667440786614,0.9226264880952381,0.9370629370629371,-0.1454545454545455,False,False,False
A_mu,mu{2.00},1,nuts_D_2.00,tz,10.0,68,0.7916083916083916,0.6383813115763546,0.9258931419457735,0.9272727272727272,-0.13566433566433567,False,False,False
A_mu,mu{2.00},1,nuts_D_2.00,pooled,0.1,149,0.5738532110091743,0.4686231854676977,0.6719563305282176,0.9011467889908257,-0.3272935779816514,False,True,False
A_mu,mu{2.00},1,nuts_D_2.00,pooled,1.0,149,0.5738532110091743,0.4681350907913408,0.6795110659439928,0.8986238532110091,-0.3247706422018348,False,True,False
A_mu,mu{2.00},1,nuts_D_2.00,pooled,10.0,149,0.5738532110091743,0.46474704114974374,0.6685543751746075,0.8963302752293578,-0.3224770642201835,False,True,False
A_mu,mu{3.00},1,nuts_D_3.00,pz,0.1,81,0.921124828532236,0.8513705663335294,0.9739416242194019,0.934156378600823,-0.013031550068587028,False,False,False
A_mu,mu{3.00},1,nuts_D_3.00,pz,1.0,81,0.921124828532236,0.8464876910016979,0.9761288998357964,0.9327846364883402,-0.011659807956104218,False,False,False
A_mu,mu{3.00},1,nuts_D_3.00,pz,10.0,81,0.921124828532236,0.8501828829119368,0.9714299924213717,0.9286694101508915,-0.007544581618655566,False,False,False
A_mu,mu{3.00},1,nuts_D_3.00,tz,0.1,68,0.9020979020979021,0.8097902097902099,0.9717631826741997,0.937062937062937,-0.03496503496503489,False,False,False
A_mu,mu{3.00},1,nuts_D_3.00,tz,1.0,68,0.9020979020979021,0.8120276580459771,0.9735849056603773,0.9370629370629371,-0.034965034965035,False,False,False
A_mu,mu{3.00},1,nuts_D_3.00,tz,10.0,68,0.9020979020979021,0.8149920255183414,0.969963877688172,0.9272727272727272,-0.025174825174825166,False,False,False
A_mu,mu{3.00},1,nuts_D_3.00,pooled,0.1,149,0.8662844036697248,0.7931004234724743,0.9265768259518259,0.9011467889908257,-0.034862385321100864,False,False,False
A_mu,mu{3.00},1,nuts_D_3.00,pooled,1.0,149,0.8662844036697248,0.7962940065322611,0.9242486706631444,0.8986238532110091,-0.032339449541284315,False,False,False
A_mu,mu{3.00},1,nuts_D_3.00,pooled,10.0,149,0.8662844036697248,0.7938337213369183,0.9263596394291488,0.8963302752293578,-0.03004587155963301,False,False,False
A_mu,mu{20.00},1,nuts_D_20.00,pz,0.1,81,0.5185185185185186,0.3756880053908356,0.6664110666067562,0.934156378600823,-0.4156378600823044,False,True,False
A_mu,mu{20.00},1,nuts_D_20.00,pz,1.0,81,0.5185185185185186,0.37035856009070295,0.6585596630893736,0.9327846364883402,-0.4142661179698216,False,True,False
A_mu,mu{20.00},1,nuts_D_20.00,pz,10.0,81,0.5185185185185186,0.3753192436040044,0.6615268427224948,0.9286694101508915,-0.41015089163237295,False,True,False
A_mu,mu{20.00},1,nuts_D_20.00,tz,0.1,68,0.5454545454545454,0.33893614753224593,0.7482796573411408,0.937062937062937,-0.39160839160839156,False,True,False
A_mu,mu{20.00},1,nuts_D_20.00,tz,1.0,68,0.5454545454545454,0.344921875,0.744075235109718,0.9370629370629371,-0.39160839160839167,False,True,False
A_mu,mu{20.00},1,nuts_D_20.00,tz,10.0,68,0.5454545454545454,0.3492295933290288,0.7484297787511232,0.9272727272727272,-0.38181818181818183,False,True,False
A_mu,mu{20.00},1,nuts_D_20.00,pooled,0.1,149,0.5405963302752294,0.4275850536655663,0.6420930544381872,0.9011467889908257,-0.3605504587155963,False,True,False
A_mu,mu{20.00},1,nuts_D_20.00,pooled,1.0,149,0.5405963302752294,0.4357348685796962,0.6525427506808261,0.8986238532110091,-0.3580275229357798,False,True,False
A_mu,mu{20.00},1,nuts_D_20.00,pooled,10.0,149,0.5405963302752294,0.4262254750375628,0.6540241949762516,0.8963302752293578,-0.35573394495412847,False,True,False
A_mu,"mu{0.25,0.50}",2,"nuts_D_0.25,nuts_D_0.50",pz,0.1,81,0.9026063100137174,0.8129562965769862,0.9670180341927802,0.934156378600823,-0.03155006858710563,False,False,False
A_mu,"mu{0.25,0.50}",2,"nuts_D_0.25,nuts_D_0.50",pz,1.0,81,0.8998628257887518,0.8112956723569932,0.9760146217338173,0.9327846364883402,-0.03292181069958844,False,False,False
A_mu,"mu{0.25,0.50}",2,"nuts_D_0.25,nuts_D_0.50",pz,10.0,81,0.8991769547325101,0.8031610275689224,0.9737793763613436,0.9286694101508915,-0.029492455418381414,False,False,False
A_mu,"mu{0.25,0.50}",2,"nuts_D_0.25,nuts_D_0.50",tz,0.1,68,0.9342657342657342,0.8419435736677116,0.9942359196919047,0.937062937062937,-0.002797202797202747,False,False,False
A_mu,"mu{0.25,0.50}",2,"nuts_D_0.25,nuts_D_0.50",tz,1.0,68,0.932867132867133,0.8517065390749601,0.9933920976684134,0.9370629370629371,-0.00419580419580412,False,False,False
A_mu,"mu{0.25,0.50}",2,"nuts_D_0.25,nuts_D_0.50",tz,10.0,68,0.9286713286713286,0.8389638084007188,0.9958431603773585,0.9272727272727272,0.0013986013986013734,False,False,False
A_mu,"mu{0.25,0.50}",2,"nuts_D_0.25,nuts_D_0.50",pooled,0.1,149,0.8986238532110091,0.8332557644660137,0.9552006628980313,0.9011467889908257,-0.0025229357798165486,False,False,False
A_mu,"mu{0.25,0.50}",2,"nuts_D_0.25,nuts_D_0.50",pooled,1.0,149,0.8988532110091744,0.8271524171137004,0.9559703165453347,0.8986238532110091,0.0002293577981652417,False,False,False
A_mu,"mu{0.25,0.50}",2,"nuts_D_0.25,nuts_D_0.50",pooled,10.0,149,0.8956422018348624,0.8195577404447868,0.9543953634085214,0.8963302752293578,-0.0006880733944953921,False,False,False
A_mu,"mu{0.25,0.75}",2,"nuts_D_0.25,nuts_D_0.75",pz,0.1,81,0.9156378600823045,0.8433533724340175,0.9714989751627683,0.934156378600823,-0.01851851851851849,False,False,False
A_mu,"mu{0.25,0.75}",2,"nuts_D_0.25,nuts_D_0.75",pz,1.0,81,0.9163237311385459,0.8257926034538938,0.9766192119643371,0.9327846364883402,-0.016460905349794275,False,False,False
A_mu,"mu{0.25,0.75}",2,"nuts_D_0.25,nuts_D_0.75",pz,10.0,81,0.9135802469135803,0.823075208513086,0.9797687694614232,0.9286694101508915,-0.015089163237311243,False,False,False
A_mu,"mu{0.25,0.75}",2,"nuts_D_0.25,nuts_D_0.75",tz,0.1,68,0.9272727272727274,0.8238848194847604,1.0,0.937062937062937,-0.009790209790209614,False,False,False
A_mu,"mu{0.25,0.75}",2,"nuts_D_0.25,nuts_D_0.75",tz,1.0,68,0.9300699300699302,0.8188507718696397,1.0,0.9370629370629371,-0.006993006993006867,False,False,False
A_mu,"mu{0.25,0.75}",2,"nuts_D_0.25,nuts_D_0.75",tz,10.0,68,0.9216783216783218,0.8121693121693122,0.9960367904223837,0.9272727272727272,-0.005594405594405494,False,False,False
A_mu,"mu{0.25,0.75}",2,"nuts_D_0.25,nuts_D_0.75",pooled,0.1,149,0.9036697247706421,0.8370616120774421,0.9575403499165623,0.9011467889908257,0.0025229357798164376,False,False,False
A_mu,"mu{0.25,0.75}",2,"nuts_D_0.25,nuts_D_0.75",pooled,1.0,149,0.9064220183486239,0.8362259982945189,0.9631933952082884,0.8986238532110091,0.0077981651376147765,False,False,False
A_mu,"mu{0.25,0.75}",2,"nuts_D_0.25,nuts_D_0.75",pooled,10.0,149,0.905275229357798,0.8406023466414972,0.9623826185258135,0.8963302752293578,0.008944954128440208,False,False,False
A_mu,"mu{0.25,1.00}",2,"nuts_D_0.25,nuts_D_1.00",pz,0.1,81,0.924554183813443,0.847446949602122,0.9790258945230272,0.934156378600823,-0.009602194787380003,False,False,False
A_mu,"mu{0.25,1.00}",2,"nuts_D_0.25,nuts_D_1.00",pz,1.0,81,0.9279835390946503,0.8532210334909914,0.9825573192239859,0.9327846364883402,-0.004801097393689946,False,False,False
A_mu,"mu{0.25,1.00}",2,"nuts_D_0.25,nuts_D_1.00",pz,10.0,81,0.921124828532236,0.8386802643963378,0.9854827207257764,0.9286694101508915,-0.007544581618655566,False,False,False
A_mu,"mu{0.25,1.00}",2,"nuts_D_0.25,nuts_D_1.00",tz,0.1,68,0.9300699300699301,0.8136930311068242,1.0,0.937062937062937,-0.006993006993006867,False,False,False
A_mu,"mu{0.25,1.00}",2,"nuts_D_0.25,nuts_D_1.00",tz,1.0,68,0.9314685314685314,0.8263840876105026,1.0,0.9370629370629371,-0.005594405594405716,False,False,False
A_mu,"mu{0.25,1.00}",2,"nuts_D_0.25,nuts_D_1.00",tz,10.0,68,0.9244755244755244,0.8139880432067932,1.0,0.9272727272727272,-0.002797202797202858,False,False,False
A_mu,"mu{0.25,1.00}",2,"nuts_D_0.25,nuts_D_1.00",pooled,0.1,149,0.9128440366972477,0.8471926920324281,0.9633081869111281,0.9011467889908257,0.011697247706421998,False,False,False
A_mu,"mu{0.25,1.00}",2,"nuts_D_0.25,nuts_D_1.00",pooled,1.0,149,0.9137614678899082,0.845891878739817,0.967840293175659,0.8986238532110091,0.01513761467889907,False,False,False
A_mu,"mu{0.25,1.00}",2,"nuts_D_0.25,nuts_D_1.00",pooled,10.0,149,0.9105504587155963,0.841637212494214,0.9664627574002574,0.8963302752293578,0.014220183486238436,False,False,False
A_mu,"mu{0.25,1.50}",2,"nuts_D_0.25,nuts_D_1.50",pz,0.1,81,0.9176954732510288,0.8471428571428572,0.9739456202233979,0.934156378600823,-0.016460905349794164,False,False,False
A_mu,"mu{0.25,1.50}",2,"nuts_D_0.25,nuts_D_1.50",pz,1.0,81,0.9211248285322359,0.846111111111111,0.9761174014613052,0.9327846364883402,-0.011659807956104329,False,False,False
A_mu,"mu{0.25,1.50}",2,"nuts_D_0.25,nuts_D_1.50",pz,10.0,81,0.9156378600823045,0.8341468502294536,0.9784458506041098,0.9286694101508915,-0.013031550068587028,False,False,False
A_mu,"mu{0.25,1.50}",2,"nuts_D_0.25,nuts_D_1.50",tz,0.1,68,0.9062937062937063,0.7913715420997635,0.9910714285714285,0.937062937062937,-0.03076923076923066,False,False,False
A_mu,"mu{0.25,1.50}",2,"nuts_D_0.25,nuts_D_1.50",tz,1.0,68,0.9216783216783216,0.8206526397818041,0.9931105181536216,0.9370629370629371,-0.015384615384615441,False,False,False
A_mu,"mu{0.25,1.50}",2,"nuts_D_0.25,nuts_D_1.50",tz,10.0,68,0.9216783216783218,0.8121569814366424,0.994232987312572,0.9272727272727272,-0.005594405594405494,False,False,False
A_mu,"mu{0.25,1.50}",2,"nuts_D_0.25,nuts_D_1.50",pooled,0.1,149,0.8999999999999999,0.834393436578171,0.9557340019309979,0.9011467889908257,-0.0011467889908257645,False,False,False
A_mu,"mu{0.25,1.50}",2,"nuts_D_0.25,nuts_D_1.50",pooled,1.0,149,0.8981651376146789,0.8274903863303188,0.9567454268292682,0.8986238532110091,-0.0004587155963302614,False,False,False
A_mu,"mu{0.25,1.50}",2,"nuts_D_0.25,nuts_D_1.50",pooled,10.0,149,0.8965596330275228,0.8178575747902987,0.9541192705217094,0.8963302752293578,0.00022935779816501967,False,False,False
A_mu,"mu{0.25,2.00}",2,"nuts_D_0.25,nuts_D_2.00",pz,0.1,81,0.8566529492455418,0.7458522109559256,0.9502923976608186,0.934156378600823,-0.0775034293552812,False,False,False
A_mu,"mu{0.25,2.00}",2,"nuts_D_0.25,nuts_D_2.00",pz,1.0,81,0.8587105624142661,0.7384602425876011,0.9522919371483738,0.9327846364883402,-0.07407407407407407,False,False,False
A_mu,"mu{0.25,2.00}",2,"nuts_D_0.25,nuts_D_2.00",pz,10.0,81,0.855281207133059,0.7423065253087742,0.9567460664335663,0.9286694101508915,-0.07338820301783255,False,False,False
A_mu,"mu{0.25,2.00}",2,"nuts_D_0.25,nuts_D_2.00",tz,0.1,68,0.8685314685314685,0.7185082476559439,0.9888322884012539,0.937062937062937,-0.06853146853146852,False,False,False
A_mu,"mu{0.25,2.00}",2,"nuts_D_0.25,nuts_D_2.00",tz,1.0,68,0.8601398601398602,0.7144237140610961,0.986773607748184,0.9370629370629371,-0.07692307692307687,False,False,False
A_mu,"mu{0.25,2.00}",2,"nuts_D_0.25,nuts_D_2.00",tz,10.0,68,0.8377622377622378,0.6544098883572568,0.9832167832167832,0.9272727272727272,-0.08951048951048945,False,False,False
A_mu,"mu{0.25,2.00}",2,"nuts_D_0.25,nuts_D_2.00",pooled,0.1,149,0.8552752293577981,0.76114355556322,0.9365759989675966,0.9011467889908257,-0.04587155963302758,False,False,False
A_mu,"mu{0.25,2.00}",2,"nuts_D_0.25,nuts_D_2.00",pooled,1.0,149,0.8545871559633027,0.7602510683760684,0.9314745884420818,0.8986238532110091,-0.044036697247706424,False,False,False
A_mu,"mu{0.25,2.00}",2,"nuts_D_0.25,nuts_D_2.00",pooled,10.0,149,0.8536697247706422,0.7546343130553658,0.9320521944842597,0.8963302752293578,-0.04266055045871564,False,False,False
A_mu,"mu{0.25,3.00}",2,"nuts_D_0.25,nuts_D_3.00",pz,0.1,81,0.934156378600823,0.8619335927310668,0.9819500338371306,0.934156378600823,0.0,False,False,False
A_mu,"mu{0.25,3.00}",2,"nuts_D_0.25,nuts_D_3.00",pz,1.0,81,0.9327846364883402,0.8604993261455525,0.9838798176910483,0.9327846364883402,0.0,False,False,False
A_mu,"mu{0.25,3.00}",2,"nuts_D_0.25,nuts_D_3.00",pz,10.0,81,0.9286694101508915,0.8421015826278984,0.985188679245283,0.9286694101508915,0.0,False,False,False
A_mu,"mu{0.25,3.00}",2,"nuts_D_0.25,nuts_D_3.00",tz,0.1,68,0.937062937062937,0.841351116894383,0.9949685534591195,0.937062937062937,0.0,False,False,False
A_mu,"mu{0.25,3.00}",2,"nuts_D_0.25,nuts_D_3.00",tz,1.0,68,0.9370629370629371,0.850689460915025,0.9936236543062201,0.9370629370629371,0.0,False,False,False
A_mu,"mu{0.25,3.00}",2,"nuts_D_0.25,nuts_D_3.00",tz,10.0,68,0.9272727272727272,0.828892070979335,0.9925698916861827,0.9272727272727272,0.0,False,False,False
A_mu,"mu{0.25,3.00}",2,"nuts_D_0.25,nuts_D_3.00",pooled,0.1,149,0.9011467889908257,0.8320848889965382,0.9526183681756301,0.9011467889908257,0.0,False,False,False
A_mu,"mu{0.25,3.00}",2,"nuts_D_0.25,nuts_D_3.00",pooled,1.0,149,0.8986238532110091,0.8311262822886163,0.9563839834699911,0.8986238532110091,0.0,False,False,False
A_mu,"mu{0.25,3.00}",2,"nuts_D_0.25,nuts_D_3.00",pooled,10.0,149,0.8963302752293578,0.8246527533787741,0.956417748917749,0.8963302752293578,0.0,False,False,False
A_mu,"mu{0.25,20.00}",2,"nuts_D_0.25,nuts_D_20.00",pz,0.1,81,0.8532235939643346,0.7363232457197973,0.9600079365079365,0.934156378600823,-0.08093278463648845,False,False,False
A_mu,"mu{0.25,20.00}",2,"nuts_D_0.25,nuts_D_20.00",pz,1.0,81,0.8573388203017832,0.7434161714770798,0.951654726703483,0.9327846364883402,-0.07544581618655699,False,False,False
A_mu,"mu{0.25,20.00}",2,"nuts_D_0.25,nuts_D_20.00",pz,10.0,81,0.8559670781893004,0.7365949697109118,0.9588959359605911,0.9286694101508915,-0.07270233196159115,False,False,False
A_mu,"mu{0.25,20.00}",2,"nuts_D_0.25,nuts_D_20.00",tz,0.1,68,0.862937062937063,0.6860772424792387,0.9874213836477987,0.937062937062937,-0.07412587412587401,False,False,False
A_mu,"mu{0.25,20.00}",2,"nuts_D_0.25,nuts_D_20.00",tz,1.0,68,0.8615384615384616,0.6898506944444445,0.9838714008523614,0.9370629370629371,-0.0755244755244755,False,False,False
A_mu,"mu{0.25,20.00}",2,"nuts_D_0.25,nuts_D_20.00",tz,10.0,68,0.8601398601398602,0.6809729064039407,0.9875120192307693,0.9272727272727272,-0.06713286713286704,False,False,False
A_mu,"mu{0.25,20.00}",2,"nuts_D_0.25,nuts_D_20.00",pooled,0.1,149,0.8509174311926605,0.7519490200166806,0.9322984417344173,0.9011467889908257,-0.050229357798165175,False,False,False
A_mu,"mu{0.25,20.00}",2,"nuts_D_0.25,nuts_D_20.00",pooled,1.0,149,0.8509174311926606,0.7497869468333616,0.9356019440493123,0.8986238532110091,-0.047706422018348515,False,False,False
A_mu,"mu{0.25,20.00}",2,"nuts_D_0.25,nuts_D_20.00",pooled,10.0,149,0.8495412844036697,0.7587571839080459,0.9378223803071363,0.8963302752293578,-0.046788990825688104,False,False,False
A_mu,"mu{0.50,0.75}",2,"nuts_D_0.50,nuts_D_0.75",pz,0.1,81,0.7784636488340193,0.6677589385922719,0.8694125271280444,0.934156378600823,-0.1556927297668037,False,False,False
A_mu,"mu{0.50,0.75}",2,"nuts_D_0.50,nuts_D_0.75",pz,1.0,81,0.7770919067215363,0.6677271060971572,0.8834398883009994,0.9327846364883402,-0.15569272976680393,False,False,False
A_mu,"mu{0.50,0.75}",2,"nuts_D_0.50,nuts_D_0.75",pz,10.0,81,0.7791495198902605,0.6671282425043257,0.8826014762771645,0.9286694101508915,-0.14951989026063106,False,False,False
A_mu,"mu{0.50,0.75}",2,"nuts_D_0.50,nuts_D_0.75",tz,0.1,68,0.8237762237762238,0.6698165869218501,0.9399086099086098,0.937062937062937,-0.11328671328671314,False,False,False
A_mu,"mu{0.50,0.75}",2,"nuts_D_0.50,nuts_D_0.75",tz,1.0,68,0.8195804195804196,0.666633597883598,0.9472854872881357,0.9370629370629371,-0.11748251748251748,False,False,False
A_mu,"mu{0.50,0.75}",2,"nuts_D_0.50,nuts_D_0.75",tz,10.0,68,0.8125874125874126,0.6452285296031229,0.9397435145543761,0.9272727272727272,-0.11468531468531462,False,False,False
A_mu,"mu{0.50,0.75}",2,"nuts_D_0.50,nuts_D_0.75",pooled,0.1,149,0.7660550458715597,0.6783578733707749,0.8523333478365365,0.9011467889908257,-0.13509174311926597,False,False,False
A_mu,"mu{0.50,0.75}",2,"nuts_D_0.50,nuts_D_0.75",pooled,1.0,149,0.763532110091743,0.6747953218472631,0.8424897402217498,0.8986238532110091,-0.13509174311926608,False,False,False
A_mu,"mu{0.50,0.75}",2,"nuts_D_0.50,nuts_D_0.75",pooled,10.0,149,0.763302752293578,0.6682418699186993,0.841702147154348,0.8963302752293578,-0.1330275229357798,False,False,False
A_mu,"mu{0.50,1.00}",2,"nuts_D_0.50,nuts_D_1.00",pz,0.1,81,0.8017832647462277,0.6937132713777451,0.8968778077268643,0.934156378600823,-0.13237311385459527,False,False,False
A_mu,"mu{0.50,1.00}",2,"nuts_D_0.50,nuts_D_1.00",pz,1.0,81,0.8052126200274348,0.690966275659824,0.9009081615223857,0.9327846364883402,-0.12757201646090544,False,False,False
A_mu,"mu{0.50,1.00}",2,"nuts_D_0.50,nuts_D_1.00",pz,10.0,81,0.8052126200274348,0.6867041881941616,0.8998774281996468,0.9286694101508915,-0.12345679012345678,False,False,False
A_mu,"mu{0.50,1.00}",2,"nuts_D_0.50,nuts_D_1.00",tz,0.1,68,0.8125874125874126,0.6587400318979266,0.939655172413793,0.937062937062937,-0.12447552447552435,False,False,False
A_mu,"mu{0.50,1.00}",2,"nuts_D_0.50,nuts_D_1.00",tz,1.0,68,0.813986013986014,0.6558772997835498,0.939006801520043,0.9370629370629371,-0.12307692307692308,False,False,False
A_mu,"mu{0.50,1.00}",2,"nuts_D_0.50,nuts_D_1.00",tz,10.0,68,0.8125874125874125,0.6351612340510366,0.9431107677293428,0.9272727272727272,-0.11468531468531473,False,False,False
A_mu,"mu{0.50,1.00}",2,"nuts_D_0.50,nuts_D_1.00",pooled,0.1,149,0.778211009174312,0.6932114413364414,0.8623433355643141,0.9011467889908257,-0.12293577981651371,False,False,False
A_mu,"mu{0.50,1.00}",2,"nuts_D_0.50,nuts_D_1.00",pooled,1.0,149,0.7759174311926605,0.6922498145728635,0.8566783216783216,0.8986238532110091,-0.12270642201834858,False,False,False
A_mu,"mu{0.50,1.00}",2,"nuts_D_0.50,nuts_D_1.00",pooled,10.0,149,0.7736238532110091,0.6852776392033462,0.8473830580586562,0.8963302752293578,-0.1227064220183487,False,False,False
A_mu,"mu{0.50,1.50}",2,"nuts_D_0.50,nuts_D_1.50",pz,0.1,81,0.8196159122085047,0.7111111111111111,0.905936876480858,0.934156378600823,-0.1145404663923183,False,False,False
A_mu,"mu{0.50,1.50}",2,"nuts_D_0.50,nuts_D_1.50",pz,1.0,81,0.8223593964334704,0.7182504251700681,0.9077156432748538,0.9327846364883402,-0.11042524005486976,False,False,False
A_mu,"mu{0.50,1.50}",2,"nuts_D_0.50,nuts_D_1.50",pz,10.0,81,0.8203017832647462,0.7104136081309995,0.9065902670775552,0.9286694101508915,-0.10836762688614532,False,False,False
A_mu,"mu{0.50,1.50}",2,"nuts_D_0.50,nuts_D_1.50",tz,0.1,68,0.806993006993007,0.6433441558441558,0.9314327025490747,0.937062937062937,-0.13006993006992995,False,False,False
A_mu,"mu{0.50,1.50}",2,"nuts_D_0.50,nuts_D_1.50",tz,1.0,68,0.8055944055944058,0.6488731060606061,0.9393986742424243,0.9370629370629371,-0.13146853146853132,False,False,False
A_mu,"mu{0.50,1.50}",2,"nuts_D_0.50,nuts_D_1.50",tz,10.0,68,0.8041958041958044,0.6429947916666666,0.9333398437499999,0.9272727272727272,-0.12307692307692286,False,False,False
A_mu,"mu{0.50,1.50}",2,"nuts_D_0.50,nuts_D_1.50",pooled,0.1,149,0.7788990825688074,0.6853846483959133,0.8584199421268386,0.9011467889908257,-0.12224770642201832,False,False,False
A_mu,"mu{0.50,1.50}",2,"nuts_D_0.50,nuts_D_1.50",pooled,1.0,149,0.7798165137614678,0.6915833404461137,0.859919931017492,0.8986238532110091,-0.11880733944954136,False,False,False
A_mu,"mu{0.50,1.50}",2,"nuts_D_0.50,nuts_D_1.50",pooled,10.0,149,0.7800458715596329,0.6889540026536931,0.8599335840193442,0.8963302752293578,-0.11628440366972492,False,False,False
A_mu,"mu{0.50,2.00}",2,"nuts_D_0.50,nuts_D_2.00",pz,0.1,81,0.7764060356652949,0.6735183831492311,0.8620805836973697,0.934156378600823,-0.15775034293552814,False,False,False
A_mu,"mu{0.50,2.00}",2,"nuts_D_0.50,nuts_D_2.00",pz,1.0,81,0.7818930041152262,0.6811170528817587,0.8721413874191652,0.9327846364883402,-0.15089163237311398,False,False,False
A_mu,"mu{0.50,2.00}",2,"nuts_D_0.50,nuts_D_2.00",pz,10.0,81,0.7832647462277091,0.6925917846074928,0.8721134085213031,0.9286694101508915,-0.1454046639231824,False,False,False
A_mu,"mu{0.50,2.00}",2,"nuts_D_0.50,nuts_D_2.00",tz,0.1,68,0.8125874125874126,0.6602762985369893,0.9414519906323184,0.937062937062937,-0.12447552447552435,False,False,False
A_mu,"mu{0.50,2.00}",2,"nuts_D_0.50,nuts_D_2.00",tz,1.0,68,0.8083916083916085,0.6405342902711325,0.9393996569468268,0.9370629370629371,-0.12867132867132858,False,False,False
A_mu,"mu{0.50,2.00}",2,"nuts_D_0.50,nuts_D_2.00",tz,10.0,68,0.8083916083916084,0.6398675351288057,0.9496795827123696,0.9272727272727272,-0.11888111888111885,False,False,False
A_mu,"mu{0.50,2.00}",2,"nuts_D_0.50,nuts_D_2.00",pooled,0.1,149,0.7573394495412843,0.6612514599674253,0.8363703870387038,0.9011467889908257,-0.14380733944954138,False,False,False
A_mu,"mu{0.50,2.00}",2,"nuts_D_0.50,nuts_D_2.00",pooled,1.0,149,0.7538990825688073,0.6662531677038558,0.8345771654599088,0.8986238532110091,-0.1447247706422018,False,False,False
A_mu,"mu{0.50,2.00}",2,"nuts_D_0.50,nuts_D_2.00",pooled,10.0,149,0.7557339449541284,0.666897818871503,0.8388281572140794,0.8963302752293578,-0.14059633027522944,False,False,False
A_mu,"mu{0.50,3.00}",2,"nuts_D_0.50,nuts_D_3.00",pz,0.1,81,0.9135802469135802,0.8460231356693619,0.9685188422688423,0.934156378600823,-0.020576131687242816,False,False,False
A_mu,"mu{0.50,3.00}",2,"nuts_D_0.50,nuts_D_3.00",pz,1.0,81,0.9190672153635117,0.8444418238993711,0.9707967444849004,0.9327846364883402,-0.013717421124828544,False,False,False
A_mu,"mu{0.50,3.00}",2,"nuts_D_0.50,nuts_D_3.00",pz,10.0,81,0.9163237311385459,0.8489375901875901,0.9707646176911544,0.9286694101508915,-0.012345679012345623,False,False,False
A_mu,"mu{0.50,3.00}",2,"nuts_D_0.50,nuts_D_3.00",tz,0.1,68,0.8993006993006993,0.7702072013624198,0.9808674906964381,0.937062937062937,-0.03776223776223764,False,False,False
A_mu,"mu{0.50,3.00}",2,"nuts_D_0.50,nuts_D_3.00",tz,1.0,68,0.8979020979020979,0.7767549603174604,0.9808655749876258,0.9370629370629371,-0.039160839160839234,False,False,False
A_mu,"mu{0.50,3.00}",2,"nuts_D_0.50,nuts_D_3.00",tz,10.0,68,0.8951048951048952,0.7761964886964887,0.9808612440191387,0.9272727272727272,-0.03216783216783203,False,False,False
A_mu,"mu{0.50,3.00}",2,"nuts_D_0.50,nuts_D_3.00",pooled,0.1,149,0.865137614678899,0.7947029852052425,0.9282708802670006,0.9011467889908257,-0.03600917431192663,False,False,False
A_mu,"mu{0.50,3.00}",2,"nuts_D_0.50,nuts_D_3.00",pooled,1.0,149,0.8690366972477064,0.804264766726657,0.9293747883221567,0.8986238532110091,-0.029587155963302747,False,False,False
A_mu,"mu{0.50,3.00}",2,"nuts_D_0.50,nuts_D_3.00",pooled,10.0,149,0.8667431192660551,0.7941144906662148,0.9321380135016499,0.8963302752293578,-0.029587155963302747,False,False,False
A_mu,"mu{0.50,20.00}",2,"nuts_D_0.50,nuts_D_20.00",pz,0.1,81,0.7503429355281207,0.6347453138864243,0.8524905303030302,0.934156378600823,-0.1838134430727023,False,True,False
A_mu,"mu{0.50,20.00}",2,"nuts_D_0.50,nuts_D_20.00",pz,1.0,81,0.757201646090535,0.648140873015873,0.853578548644338,0.9327846364883402,-0.17558299039780523,False,True,False
A_mu,"mu{0.50,20.00}",2,"nuts_D_0.50,nuts_D_20.00",pz,10.0,81,0.757201646090535,0.6432162208369501,0.8621497620711456,0.9286694101508915,-0.17146776406035658,False,False,False
A_mu,"mu{0.50,20.00}",2,"nuts_D_0.50,nuts_D_20.00",tz,0.1,68,0.8,0.633919517982018,0.9272492784992785,0.937062937062937,-0.13706293706293693,False,False,False
A_mu,"mu{0.50,20.00}",2,"nuts_D_0.50,nuts_D_20.00",tz,1.0,68,0.8013986013986014,0.6364404344437951,0.9327613334940922,0.9370629370629371,-0.13566433566433567,False,False,False
A_mu,"mu{0.50,20.00}",2,"nuts_D_0.50,nuts_D_20.00",tz,10.0,68,0.8,0.6221875000000001,0.9328091397849463,0.9272727272727272,-0.1272727272727272,False,False,False
A_mu,"mu{0.50,20.00}",2,"nuts_D_0.50,nuts_D_20.00",pooled,0.1,149,0.7580275229357798,0.6749514503441495,0.8431252443034191,0.9011467889908257,-0.14311926605504588,False,False,False
A_mu,"mu{0.50,20.00}",2,"nuts_D_0.50,nuts_D_20.00",pooled,1.0,149,0.7587155963302752,0.669109129010421,0.8422577919728464,0.8986238532110091,-0.13990825688073394,False,False,False
A_mu,"mu{0.50,20.00}",2,"nuts_D_0.50,nuts_D_20.00",pooled,10.0,149,0.7584862385321101,0.6637274291682438,0.840923675113651,0.8963302752293578,-0.13784403669724776,False,False,False
A_mu,"mu{0.75,1.00}",2,"nuts_D_0.75,nuts_D_1.00",pz,0.1,81,0.8024691358024691,0.6966191520467837,0.8962163663876673,0.934156378600823,-0.13168724279835387,False,False,False
A_mu,"mu{0.75,1.00}",2,"nuts_D_0.75,nuts_D_1.00",pz,1.0,81,0.8100137174211248,0.6948414516517966,0.9087889476778366,0.9327846364883402,-0.12277091906721538,False,False,False
A_mu,"mu{0.75,1.00}",2,"nuts_D_0.75,nuts_D_1.00",pz,10.0,81,0.812071330589849,0.7049414946904426,0.909036292163891,0.9286694101508915,-0.11659807956104251,False,False,False
A_mu,"mu{0.75,1.00}",2,"nuts_D_0.75,nuts_D_1.00",tz,0.1,68,0.7986013986013987,0.6299421217184376,0.9298304354636592,0.937062937062937,-0.1384615384615383,False,False,False
A_mu,"mu{0.75,1.00}",2,"nuts_D_0.75,nuts_D_1.00",tz,1.0,68,0.7972027972027973,0.615478960694478,0.9266522905249913,0.9370629370629371,-0.1398601398601398,False,False,False
A_mu,"mu{0.75,1.00}",2,"nuts_D_0.75,nuts_D_1.00",tz,10.0,68,0.7972027972027973,0.6267887375782113,0.9291810597189696,0.9272727272727272,-0.13006993006992995,False,False,False
A_mu,"mu{0.75,1.00}",2,"nuts_D_0.75,nuts_D_1.00",pooled,0.1,149,0.7713302752293577,0.6866785183521116,0.8490106230580007,0.9011467889908257,-0.12981651376146797,False,False,False
A_mu,"mu{0.75,1.00}",2,"nuts_D_0.75,nuts_D_1.00",pooled,1.0,149,0.7724770642201836,0.6858651439299124,0.8537766195768532,0.8986238532110091,-0.12614678899082554,False,False,False
A_mu,"mu{0.75,1.00}",2,"nuts_D_0.75,nuts_D_1.00",pooled,10.0,149,0.7694954128440367,0.6836207849204344,0.8519357416879796,0.8963302752293578,-0.12683486238532116,False,False,False
A_mu,"mu{0.75,1.50}",2,"nuts_D_0.75,nuts_D_1.50",pz,0.1,81,0.8196159122085047,0.7164792396382111,0.9153942048517519,0.934156378600823,-0.1145404663923183,False,False,False
A_mu,"mu{0.75,1.50}",2,"nuts_D_0.75,nuts_D_1.50",pz,1.0,81,0.8189300411522634,0.7095421348522326,0.91702349927397,0.9327846364883402,-0.11385459533607678,False,False,False
A_mu,"mu{0.75,1.50}",2,"nuts_D_0.75,nuts_D_1.50",pz,10.0,81,0.8155006858710562,0.6942639257294428,0.9078861241217799,0.9286694101508915,-0.11316872427983538,False,False,False
A_mu,"mu{0.75,1.50}",2,"nuts_D_0.75,nuts_D_1.50",tz,0.1,68,0.7874125874125875,0.6189630774235524,0.9241512435872459,0.937062937062937,-0.1496503496503495,False,False,False
A_mu,"mu{0.75,1.50}",2,"nuts_D_0.75,nuts_D_1.50",tz,1.0,68,0.8097902097902098,0.630677966101695,0.9328708133971292,0.9370629370629371,-0.12727272727272732,False,False,False
A_mu,"mu{0.75,1.50}",2,"nuts_D_0.75,nuts_D_1.50",tz,10.0,68,0.8083916083916084,0.6370647875310175,0.934609250398724,0.9272727272727272,-0.11888111888111885,False,False,False
A_mu,"mu{0.75,1.50}",2,"nuts_D_0.75,nuts_D_1.50",pooled,0.1,149,0.7729357798165138,0.6884508547008547,0.8566589618615923,0.9011467889908257,-0.12821100917431183,False,False,False
A_mu,"mu{0.75,1.50}",2,"nuts_D_0.75,nuts_D_1.50",pooled,1.0,149,0.7727064220183487,0.6831912485945906,0.8594038790722155,0.8986238532110091,-0.1259174311926604,False,False,False
A_mu,"mu{0.75,1.50}",2,"nuts_D_0.75,nuts_D_1.50",pooled,10.0,149,0.7720183486238532,0.6827820875526386,0.8527797263592105,0.8963302752293578,-0.12431192660550461,False,False,False
A_mu,"mu{0.75,2.00}",2,"nuts_D_0.75,nuts_D_2.00",pz,0.1,81,0.7901234567901234,0.6843419913419914,0.8793454433497536,0.934156378600823,-0.1440329218106996,False,False,False
A_mu,"mu{0.75,2.00}",2,"nuts_D_0.75,nuts_D_2.00",pz,1.0,81,0.7983539094650206,0.7032105207674468,0.8853239710789766,0.9327846364883402,-0.1344307270233196,False,False,False
A_mu,"mu{0.75,2.00}",2,"nuts_D_0.75,nuts_D_2.00",pz,10.0,81,0.7976680384087791,0.6963785853986587,0.8811395202020202,0.9286694101508915,-0.13100137174211246,False,False,False
A_mu,"mu{0.75,2.00}",2,"nuts_D_0.75,nuts_D_2.00",tz,0.1,68,0.7958041958041958,0.6293033926585094,0.9220483885528572,0.937062937062937,-0.14125874125874116,False,False,False
A_mu,"mu{0.75,2.00}",2,"nuts_D_0.75,nuts_D_2.00",tz,1.0,68,0.7986013986013987,0.6263163689933783,0.9359757251371881,0.9370629370629371,-0.1384615384615384,False,False,False
A_mu,"mu{0.75,2.00}",2,"nuts_D_0.75,nuts_D_2.00",tz,10.0,68,0.7972027972027974,0.6274879495736003,0.9416566822520942,0.9272727272727272,-0.13006993006992984,False,False,False
A_mu,"mu{0.75,2.00}",2,"nuts_D_0.75,nuts_D_2.00",pooled,0.1,149,0.7603211009174312,0.6702933673469387,0.8422493815708101,0.9011467889908257,-0.14082568807339446,False,False,False
A_mu,"mu{0.75,2.00}",2,"nuts_D_0.75,nuts_D_2.00",pooled,1.0,149,0.760091743119266,0.6666607396870554,0.8370119460092236,0.8986238532110091,-0.13853211009174315,False,False,False
A_mu,"mu{0.75,2.00}",2,"nuts_D_0.75,nuts_D_2.00",pooled,10.0,149,0.7605504587155963,0.6715941734417346,0.839741318124659,0.8963302752293578,-0.13577981651376148,False,False,False
A_mu,"mu{0.75,3.00}",2,"nuts_D_0.75,nuts_D_3.00",pz,0.1,81,0.9080932784636488,0.8417972913715173,0.9685837842712842,0.934156378600823,-0.026063100137174167,False,False,False
A_mu,"mu{0.75,3.00}",2,"nuts_D_0.75,nuts_D_3.00",pz,1.0,81,0.9142661179698216,0.8404720431342867,0.9713424367128071,0.9327846364883402,-0.0185185185185186,False,False,False
A_mu,"mu{0.75,3.00}",2,"nuts_D_0.75,nuts_D_3.00",pz,10.0,81,0.9108367626886145,0.8289665555202279,0.9696838498840396,0.9286694101508915,-0.017832647462277085,False,False,False
A_mu,"mu{0.75,3.00}",2,"nuts_D_0.75,nuts_D_3.00",tz,0.1,68,0.8965034965034966,0.7812446120689656,0.9774078879788067,0.937062937062937,-0.040559440559440385,False,False,False
A_mu,"mu{0.75,3.00}",2,"nuts_D_0.75,nuts_D_3.00",tz,1.0,68,0.897902097902098,0.784501201923077,0.97590334792921,0.9370629370629371,-0.03916083916083912,False,False,False
A_mu,"mu{0.75,3.00}",2,"nuts_D_0.75,nuts_D_3.00",tz,10.0,68,0.8881118881118881,0.7525721563135058,0.9762532100667694,0.9272727272727272,-0.03916083916083912,False,False,False
A_mu,"mu{0.75,3.00}",2,"nuts_D_0.75,nuts_D_3.00",pooled,0.1,149,0.8607798165137615,0.781406799932153,0.9286697247706422,0.9011467889908257,-0.04036697247706422,False,False,False
A_mu,"mu{0.75,3.00}",2,"nuts_D_0.75,nuts_D_3.00",pooled,1.0,149,0.8646788990825688,0.7953901950568237,0.9243467077725256,0.8986238532110091,-0.03394495412844034,False,False,False
A_mu,"mu{0.75,3.00}",2,"nuts_D_0.75,nuts_D_3.00",pooled,10.0,149,0.8642201834862386,0.7874188311688313,0.9252175105300106,0.8963302752293578,-0.032110091743119185,False,False,False
A_mu,"mu{0.75,20.00}",2,"nuts_D_0.75,nuts_D_20.00",pz,0.1,81,0.7674897119341563,0.6528155551345206,0.8748220939607237,0.934156378600823,-0.16666666666666674,False,False,False
A_mu,"mu{0.75,20.00}",2,"nuts_D_0.75,nuts_D_20.00",pz,1.0,81,0.7695473251028807,0.6555433673469389,0.8687167729930888,0.9327846364883402,-0.1632373113854595,False,False,False
A_mu,"mu{0.75,20.00}",2,"nuts_D_0.75,nuts_D_20.00",pz,10.0,81,0.7695473251028807,0.6604034257381115,0.8733528829847372,0.9286694101508915,-0.15912208504801084,False,False,False
A_mu,"mu{0.75,20.00}",2,"nuts_D_0.75,nuts_D_20.00",tz,0.1,68,0.7860139860139861,0.6112761375897607,0.9206349206349206,0.937062937062937,-0.15104895104895089,False,False,False
A_mu,"mu{0.75,20.00}",2,"nuts_D_0.75,nuts_D_20.00",tz,1.0,68,0.7916083916083916,0.6070684523809524,0.9242084892033038,0.9370629370629371,-0.1454545454545455,False,False,False
A_mu,"mu{0.75,20.00}",2,"nuts_D_0.75,nuts_D_20.00",tz,10.0,68,0.7888111888111887,0.6433438275491685,0.9340911066334796,0.9272727272727272,-0.13846153846153852,False,False,False
A_mu,"mu{0.75,20.00}",2,"nuts_D_0.75,nuts_D_20.00",pooled,0.1,149,0.763532110091743,0.6678540478213375,0.8439734376042153,0.9011467889908257,-0.13761467889908263,False,False,False
A_mu,"mu{0.75,20.00}",2,"nuts_D_0.75,nuts_D_20.00",pooled,1.0,149,0.7637614678899083,0.6662138611143036,0.8472055296098813,0.8986238532110091,-0.13486238532110084,False,False,False
A_mu,"mu{0.75,20.00}",2,"nuts_D_0.75,nuts_D_20.00",pooled,10.0,149,0.7639908256880734,0.6752751092537288,0.8477457732956795,0.8963302752293578,-0.1323394495412844,False,False,False
A_mu,"mu{1.00,1.50}",2,"nuts_D_1.00,nuts_D_1.50",pz,0.1,81,0.8203017832647461,0.7150737337375267,0.9164420485175202,0.934156378600823,-0.11385459533607689,False,False,False
A_mu,"mu{1.00,1.50}",2,"nuts_D_1.00,nuts_D_1.50",pz,1.0,81,0.8189300411522634,0.7078544921054842,0.9215869345301838,0.9327846364883402,-0.11385459533607678,False,False,False
A_mu,"mu{1.00,1.50}",2,"nuts_D_1.00,nuts_D_1.50",pz,10.0,81,0.8161865569272976,0.7015326265438708,0.9122893729860365,0.9286694101508915,-0.11248285322359397,False,False,False
A_mu,"mu{1.00,1.50}",2,"nuts_D_1.00,nuts_D_1.50",tz,0.1,68,0.779020979020979,0.6044258373205742,0.9050792176573427,0.937062937062937,-0.15804195804195798,False,False,False
A_mu,"mu{1.00,1.50}",2,"nuts_D_1.00,nuts_D_1.50",tz,1.0,68,0.8,0.6430245535714285,0.9285714285714286,0.9370629370629371,-0.13706293706293704,False,False,False
A_mu,"mu{1.00,1.50}",2,"nuts_D_1.00,nuts_D_1.50",tz,10.0,68,0.7972027972027973,0.6379148761485519,0.9328250718390805,0.9272727272727272,-0.13006993006992995,False,False,False
A_mu,"mu{1.00,1.50}",2,"nuts_D_1.00,nuts_D_1.50",pooled,0.1,149,0.7667431192660551,0.6792524385057956,0.8472794243676252,0.9011467889908257,-0.13440366972477058,False,False,False
A_mu,"mu{1.00,1.50}",2,"nuts_D_1.00,nuts_D_1.50",pooled,1.0,149,0.7688073394495413,0.674114086249558,0.8495781086729364,0.8986238532110091,-0.12981651376146786,False,False,False
A_mu,"mu{1.00,1.50}",2,"nuts_D_1.00,nuts_D_1.50",pooled,10.0,149,0.7674311926605505,0.669464532607915,0.84643619445044,0.8963302752293578,-0.12889908256880733,False,False,False
A_mu,"mu{1.00,2.00}",2,"nuts_D_1.00,nuts_D_2.00",pz,0.1,81,0.8175582990397805,0.719827380952381,0.9006368168868168,0.934156378600823,-0.11659807956104251,False,False,False
A_mu,"mu{1.00,2.00}",2,"nuts_D_1.00,nuts_D_2.00",pz,1.0,81,0.8244170096021948,0.7342074297557788,0.9056535371350186,0.9327846364883402,-0.10836762688614543,False,False,False
A_mu,"mu{1.00,2.00}",2,"nuts_D_1.00,nuts_D_2.00",pz,10.0,81,0.8244170096021948,0.7287581699346405,0.9119145199063231,0.9286694101508915,-0.10425240054869678,False,False,False
A_mu,"mu{1.00,2.00}",2,"nuts_D_1.00,nuts_D_2.00",tz,0.1,68,0.7874125874125875,0.614378125115745,0.9152895480225989,0.937062937062937,-0.1496503496503495,False,False,False
A_mu,"mu{1.00,2.00}",2,"nuts_D_1.00,nuts_D_2.00",tz,1.0,68,0.7846153846153846,0.6124060347409405,0.930088458994709,0.9370629370629371,-0.15244755244755248,False,False,False
A_mu,"mu{1.00,2.00}",2,"nuts_D_1.00,nuts_D_2.00",tz,10.0,68,0.7832167832167832,0.6211078088578088,0.9267231721698113,0.9272727272727272,-0.14405594405594402,False,False,False
A_mu,"mu{1.00,2.00}",2,"nuts_D_1.00,nuts_D_2.00",pooled,0.1,149,0.7653669724770642,0.6739863541048886,0.8442999374478732,0.9011467889908257,-0.13577981651376148,False,False,False
A_mu,"mu{1.00,2.00}",2,"nuts_D_1.00,nuts_D_2.00",pooled,1.0,149,0.7649082568807338,0.669624007936508,0.8498366307485693,0.8986238532110091,-0.1337155963302753,False,False,False
A_mu,"mu{1.00,2.00}",2,"nuts_D_1.00,nuts_D_2.00",pooled,10.0,149,0.7653669724770642,0.677063555328742,0.8500526932877901,0.8963302752293578,-0.13096330275229362,False,False,False
A_mu,"mu{1.00,3.00}",2,"nuts_D_1.00,nuts_D_3.00",pz,0.1,81,0.9067215363511659,0.8300534759358288,0.965713602184701,0.934156378600823,-0.027434842249657088,False,False,False
A_mu,"mu{1.00,3.00}",2,"nuts_D_1.00,nuts_D_3.00",pz,1.0,81,0.9115226337448559,0.8359722222222223,0.9709141194054988,0.9327846364883402,-0.02126200274348433,False,False,False
A_mu,"mu{1.00,3.00}",2,"nuts_D_1.00,nuts_D_3.00",pz,10.0,81,0.9101508916323731,0.8333222811671088,0.9725692106247662,0.9286694101508915,-0.01851851851851849,False,False,False
A_mu,"mu{1.00,3.00}",2,"nuts_D_1.00,nuts_D_3.00",tz,0.1,68,0.8937062937062937,0.7637891849529781,0.9792850185076953,0.937062937062937,-0.04335664335664324,False,False,False
A_mu,"mu{1.00,3.00}",2,"nuts_D_1.00,nuts_D_3.00",tz,1.0,68,0.8923076923076922,0.7555536332179931,0.9785031575354156,0.9370629370629371,-0.04475524475524484,False,False,False
A_mu,"mu{1.00,3.00}",2,"nuts_D_1.00,nuts_D_3.00",tz,10.0,68,0.8937062937062938,0.7678030303030302,0.9776785714285714,0.9272727272727272,-0.03356643356643341,False,False,False
A_mu,"mu{1.00,3.00}",2,"nuts_D_1.00,nuts_D_3.00",pooled,0.1,149,0.860091743119266,0.7905319372035324,0.9273851423204788,0.9011467889908257,-0.041055045871559726,False,False,False
A_mu,"mu{1.00,3.00}",2,"nuts_D_1.00,nuts_D_3.00",pooled,1.0,149,0.8621559633027522,0.7883152627189325,0.926262183168271,0.8986238532110091,-0.03646788990825689,False,False,False
A_mu,"mu{1.00,3.00}",2,"nuts_D_1.00,nuts_D_3.00",pooled,10.0,149,0.8630733944954128,0.7870915963277744,0.9257076324392856,0.8963302752293578,-0.03325688073394506,False,False,False
A_mu,"mu{1.00,20.00}",2,"nuts_D_1.00,nuts_D_20.00",pz,0.1,81,0.7935528120713305,0.6791996915787591,0.8859809088370794,0.934156378600823,-0.14060356652949246,False,False,False
A_mu,"mu{1.00,20.00}",2,"nuts_D_1.00,nuts_D_20.00",pz,1.0,81,0.7969821673525377,0.6871604462706158,0.894141017726431,0.9327846364883402,-0.13580246913580252,False,False,False
A_mu,"mu{1.00,20.00}",2,"nuts_D_1.00,nuts_D_20.00",pz,10.0,81,0.7969821673525377,0.6877215897111533,0.8985544737261569,0.9286694101508915,-0.13168724279835387,False,False,False
A_mu,"mu{1.00,20.00}",2,"nuts_D_1.00,nuts_D_20.00",tz,0.1,68,0.7580419580419582,0.5928710837185414,0.8954927884615383,0.937062937062937,-0.1790209790209788,False,False,False
A_mu,"mu{1.00,20.00}",2,"nuts_D_1.00,nuts_D_20.00",tz,1.0,68,0.765034965034965,0.5836820252116305,0.9118979266347688,0.9370629370629371,-0.17202797202797204,False,False,False
A_mu,"mu{1.00,20.00}",2,"nuts_D_1.00,nuts_D_20.00",tz,10.0,68,0.7636363636363637,0.5828765707671958,0.9125212236533957,0.9272727272727272,-0.16363636363636358,False,False,False
A_mu,"mu{1.00,20.00}",2,"nuts_D_1.00,nuts_D_20.00",pooled,0.1,149,0.7699541284403669,0.6749168797953964,0.85595600500417,0.9011467889908257,-0.13119266055045875,False,False,False
A_mu,"mu{1.00,20.00}",2,"nuts_D_1.00,nuts_D_20.00",pooled,1.0,149,0.7708715596330274,0.6808561175666439,0.8553878476904793,0.8986238532110091,-0.12775229357798168,False,False,False
A_mu,"mu{1.00,20.00}",2,"nuts_D_1.00,nuts_D_20.00",pooled,10.0,149,0.7708715596330274,0.686513032925285,0.8526940467446508,0.8963302752293578,-0.12545871559633037,False,False,False
A_mu,"mu{1.50,2.00}",2,"nuts_D_1.50,nuts_D_2.00",pz,0.1,81,0.7901234567901234,0.6633811858076565,0.892258064516129,0.934156378600823,-0.1440329218106996,False,False,False
A_mu,"mu{1.50,2.00}",2,"nuts_D_1.50,nuts_D_2.00",pz,1.0,81,0.7887517146776406,0.6699896745932417,0.8915524833589349,0.9327846364883402,-0.1440329218106996,False,False,False
A_mu,"mu{1.50,2.00}",2,"nuts_D_1.50,nuts_D_2.00",pz,10.0,81,0.7887517146776406,0.6600808844059751,0.8944174222004411,0.9286694101508915,-0.13991769547325095,False,False,False
A_mu,"mu{1.50,2.00}",2,"nuts_D_1.50,nuts_D_2.00",tz,0.1,68,0.7454545454545455,0.5810434287573194,0.8867145135566188,0.937062937062937,-0.1916083916083915,False,False,False
A_mu,"mu{1.50,2.00}",2,"nuts_D_1.50,nuts_D_2.00",tz,1.0,68,0.7510489510489511,0.5714285714285714,0.9017488175768574,0.9370629370629371,-0.186013986013986,False,False,False
A_mu,"mu{1.50,2.00}",2,"nuts_D_1.50,nuts_D_2.00",tz,10.0,68,0.7496503496503497,0.5667984483550942,0.899540933299157,0.9272727272727272,-0.17762237762237754,False,False,False
A_mu,"mu{1.50,2.00}",2,"nuts_D_1.50,nuts_D_2.00",pooled,0.1,149,0.7128440366972477,0.6148456339057362,0.8054690438871472,0.9011467889908257,-0.18830275229357796,False,True,False
A_mu,"mu{1.50,2.00}",2,"nuts_D_1.50,nuts_D_2.00",pooled,1.0,149,0.7155963302752293,0.6209382567956001,0.8100821745078995,0.8986238532110091,-0.18302752293577984,False,True,False
A_mu,"mu{1.50,2.00}",2,"nuts_D_1.50,nuts_D_2.00",pooled,10.0,149,0.715137614678899,0.6157153238210609,0.8069564439460084,0.8963302752293578,-0.1811926605504588,False,True,False
A_mu,"mu{1.50,3.00}",2,"nuts_D_1.50,nuts_D_3.00",pz,0.1,81,0.9005486968449932,0.8179489193901548,0.9653051900584795,0.934156378600823,-0.033607681755829844,False,False,False
A_mu,"mu{1.50,3.00}",2,"nuts_D_1.50,nuts_D_3.00",pz,1.0,81,0.9046639231824417,0.8294880511166731,0.9645718412942988,0.9327846364883402,-0.028120713305898493,False,False,False
A_mu,"mu{1.50,3.00}",2,"nuts_D_1.50,nuts_D_3.00",pz,10.0,81,0.9026063100137173,0.8169295228337238,0.9628591408591408,0.9286694101508915,-0.026063100137174278,False,False,False
A_mu,"mu{1.50,3.00}",2,"nuts_D_1.50,nuts_D_3.00",tz,0.1,68,0.848951048951049,0.7314487971045349,0.9454788961038961,0.937062937062937,-0.08811188811188797,False,False,False
A_mu,"mu{1.50,3.00}",2,"nuts_D_1.50,nuts_D_3.00",tz,1.0,68,0.8727272727272728,0.7739996693121693,0.9580531732418526,0.9370629370629371,-0.06433566433566429,False,False,False
A_mu,"mu{1.50,3.00}",2,"nuts_D_1.50,nuts_D_3.00",tz,10.0,68,0.8643356643356643,0.7486666111666113,0.9479166666666666,0.9272727272727272,-0.06293706293706292,False,False,False
A_mu,"mu{1.50,3.00}",2,"nuts_D_1.50,nuts_D_3.00",pooled,0.1,149,0.8378440366972476,0.7632419493462411,0.9038965803986028,0.9011467889908257,-0.06330275229357807,False,False,False
A_mu,"mu{1.50,3.00}",2,"nuts_D_1.50,nuts_D_3.00",pooled,1.0,149,0.8518348623853211,0.7785497221022099,0.918446246213564,0.8986238532110091,-0.04678899082568799,False,False,False
A_mu,"mu{1.50,3.00}",2,"nuts_D_1.50,nuts_D_3.00",pooled,10.0,149,0.8511467889908256,0.7808044823305328,0.9172969328734631,0.8963302752293578,-0.04518348623853219,False,False,False
A_mu,"mu{1.50,20.00}",2,"nuts_D_1.50,nuts_D_20.00",pz,0.1,81,0.8024691358024691,0.7065338393421885,0.8962532884501144,0.934156378600823,-0.13168724279835387,False,False,False
A_mu,"mu{1.50,20.00}",2,"nuts_D_1.50,nuts_D_20.00",pz,1.0,81,0.8086419753086419,0.711055469953775,0.8971175401978974,0.9327846364883402,-0.1241426611796983,False,False,False
A_mu,"mu{1.50,20.00}",2,"nuts_D_1.50,nuts_D_20.00",pz,10.0,81,0.808641975308642,0.7112227600074822,0.9010589526665239,0.9286694101508915,-0.12002743484224954,False,False,False
A_mu,"mu{1.50,20.00}",2,"nuts_D_1.50,nuts_D_20.00",tz,0.1,68,0.7832167832167832,0.6389671437865972,0.8969339622641509,0.937062937062937,-0.15384615384615374,False,False,False
A_mu,"mu{1.50,20.00}",2,"nuts_D_1.50,nuts_D_20.00",tz,1.0,68,0.6853146853146852,0.525679786945924,0.8203352526672434,0.9370629370629371,-0.2517482517482519,False,True,False
A_mu,"mu{1.50,20.00}",2,"nuts_D_1.50,nuts_D_20.00",tz,10.0,68,0.6727272727272726,0.5022191142191142,0.8181989708404803,0.9272727272727272,-0.25454545454545463,False,True,False
A_mu,"mu{1.50,20.00}",2,"nuts_D_1.50,nuts_D_20.00",pooled,0.1,149,0.6821100917431192,0.5795281484113023,0.7798252032340335,0.9011467889908257,-0.21903669724770647,False,True,False
A_mu,"mu{1.50,20.00}",2,"nuts_D_1.50,nuts_D_20.00",pooled,1.0,149,0.683256880733945,0.5819926948051948,0.769053204058938,0.8986238532110091,-0.21536697247706416,False,True,False
A_mu,"mu{1.50,20.00}",2,"nuts_D_1.50,nuts_D_20.00",pooled,10.0,149,0.6827981651376146,0.5824672476646162,0.7771758942811574,0.8963302752293578,-0.21353211009174322,False,True,False
A_mu,"mu{2.00,3.00}",2,"nuts_D_2.00,nuts_D_3.00",pz,0.1,81,0.9156378600823045,0.8463225118210125,0.9712435711989714,0.934156378600823,-0.01851851851851849,False,False,False
A_mu,"mu{2.00,3.00}",2,"nuts_D_2.00,nuts_D_3.00",pz,1.0,81,0.9259259259259259,0.8522899925698526,0.9780521262002743,0.9327846364883402,-0.006858710562414272,False,False,False
A_mu,"mu{2.00,3.00}",2,"nuts_D_2.00,nuts_D_3.00",pz,10.0,81,0.921124828532236,0.8471356143856145,0.9806482630272954,0.9286694101508915,-0.007544581618655566,False,False,False
A_mu,"mu{2.00,3.00}",2,"nuts_D_2.00,nuts_D_3.00",tz,0.1,68,0.9006993006993007,0.7568357450738916,0.9985119047619048,0.937062937062937,-0.036363636363636265,False,False,False
A_mu,"mu{2.00,3.00}",2,"nuts_D_2.00,nuts_D_3.00",tz,1.0,68,0.9048951048951049,0.7555282738095239,0.9999999999999999,0.9370629370629371,-0.032167832167832144,False,False,False
A_mu,"mu{2.00,3.00}",2,"nuts_D_2.00,nuts_D_3.00",tz,10.0,68,0.8965034965034966,0.7470238095238095,0.9976794252537081,0.9272727272727272,-0.03076923076923066,False,False,False
A_mu,"mu{2.00,3.00}",2,"nuts_D_2.00,nuts_D_3.00",pooled,0.1,149,0.8727064220183486,0.7944774204379212,0.9341034842252878,0.9011467889908257,-0.028440366972477094,False,False,False
A_mu,"mu{2.00,3.00}",2,"nuts_D_2.00,nuts_D_3.00",pooled,1.0,149,0.8736238532110091,0.7984829894204893,0.938161975809427,0.8986238532110091,-0.025000000000000022,False,False,False
A_mu,"mu{2.00,3.00}",2,"nuts_D_2.00,nuts_D_3.00",pooled,10.0,149,0.873394495412844,0.7914916413653421,0.9379512244807487,0.8963302752293578,-0.022935779816513846,False,False,False
A_mu,"mu{2.00,20.00}",2,"nuts_D_2.00,nuts_D_20.00",pz,0.1,81,0.6076817558299039,0.478973559120618,0.7310228696741855,0.934156378600823,-0.3264746227709191,False,True,False
A_mu,"mu{2.00,20.00}",2,"nuts_D_2.00,nuts_D_20.00",pz,1.0,81,0.5699588477366255,0.4362073347857661,0.7119622618760548,0.9327846364883402,-0.3628257887517147,False,True,False
A_mu,"mu{2.00,20.00}",2,"nuts_D_2.00,nuts_D_20.00",pz,10.0,81,0.5672153635116598,0.44607766399324333,0.6941998207885305,0.9286694101508915,-0.36145404663923175,False,True,False
A_mu,"mu{2.00,20.00}",2,"nuts_D_2.00,nuts_D_20.00",tz,0.1,68,0.7132867132867133,0.5443553459119498,0.8583779761904762,0.937062937062937,-0.22377622377622364,False,False,False
A_mu,"mu{2.00,20.00}",2,"nuts_D_2.00,nuts_D_20.00",tz,1.0,68,0.7328671328671329,0.5465453384418902,0.9011403058236243,0.9370629370629371,-0.2041958041958042,False,False,False
A_mu,"mu{2.00,20.00}",2,"nuts_D_2.00,nuts_D_20.00",tz,10.0,68,0.7328671328671329,0.5396379171545668,0.903507960965588,0.9272727272727272,-0.19440559440559435,False,False,False
A_mu,"mu{2.00,20.00}",2,"nuts_D_2.00,nuts_D_20.00",pooled,0.1,149,0.5403669724770643,0.4387850351613617,0.6408193830481559,0.9011467889908257,-0.36077981651376134,False,True,False
A_mu,"mu{2.00,20.00}",2,"nuts_D_2.00,nuts_D_20.00",pooled,1.0,149,0.5277522935779817,0.4229437300829633,0.6260534993461822,0.8986238532110091,-0.3708715596330274,False,True,False
A_mu,"mu{2.00,20.00}",2,"nuts_D_2.00,nuts_D_20.00",pooled,10.0,149,0.5268348623853212,0.4309835993739447,0.6220633889919605,0.8963302752293578,-0.36949541284403664,False,True,False
A_mu,"mu{3.00,20.00}",2,"nuts_D_3.00,nuts_D_20.00",pz,0.1,81,0.9039780521262003,0.8321211787184009,0.9649144736842106,0.934156378600823,-0.030178326474622708,False,False,False
A_mu,"mu{3.00,20.00}",2,"nuts_D_3.00,nuts_D_20.00",pz,1.0,81,0.9101508916323731,0.8348057315668203,0.9717041297651136,0.9327846364883402,-0.02263374485596714,False,False,False
A_mu,"mu{3.00,20.00}",2,"nuts_D_3.00,nuts_D_20.00",pz,10.0,81,0.9060356652949244,0.8313261059140638,0.9706327518059154,0.9286694101508915,-0.02263374485596714,False,False,False
A_mu,"mu{3.00,20.00}",2,"nuts_D_3.00,nuts_D_20.00",tz,0.1,68,0.8727272727272728,0.7645798611111111,0.9548022598870056,0.937062937062937,-0.06433566433566418,False,False,False
A_mu,"mu{3.00,20.00}",2,"nuts_D_3.00,nuts_D_20.00",tz,1.0,68,0.8979020979020979,0.8055224867724867,0.9682663690476191,0.9370629370629371,-0.039160839160839234,False,False,False
A_mu,"mu{3.00,20.00}",2,"nuts_D_3.00,nuts_D_20.00",tz,10.0,68,0.9034965034965035,0.8149620524665896,0.9742332952918009,0.9272727272727272,-0.023776223776223793,False,False,False
A_mu,"mu{3.00,20.00}",2,"nuts_D_3.00,nuts_D_20.00",pooled,0.1,149,0.8766055045871559,0.8097553649904071,0.9322079739937078,0.9011467889908257,-0.02454128440366976,False,False,False
A_mu,"mu{3.00,20.00}",2,"nuts_D_3.00,nuts_D_20.00",pooled,1.0,149,0.8800458715596329,0.8141944407743221,0.9346481995406962,0.8986238532110091,-0.018577981651376252,False,False,False
A_mu,"mu{3.00,20.00}",2,"nuts_D_3.00,nuts_D_20.00",pooled,10.0,149,0.8805045871559632,0.8108036457826374,0.9380346607669616,0.8963302752293578,-0.015825688073394573,False,False,False
A_mu,"mu{0.25,0.50,0.75}",3,"nuts_D_0.25,nuts_D_0.50,nuts_D_0.75",pz,0.1,81,0.9039780521262002,0.8171224489795919,0.9636124724332271,0.934156378600823,-0.03017832647462282,False,False,False
A_mu,"mu{0.25,0.50,0.75}",3,"nuts_D_0.25,nuts_D_0.50,nuts_D_0.75",pz,1.0,81,0.9149519890260631,0.8216439082179823,0.9781459359605911,0.9327846364883402,-0.017832647462277085,False,False,False
A_mu,"mu{0.25,0.50,0.75}",3,"nuts_D_0.25,nuts_D_0.50,nuts_D_0.75",pz,10.0,81,0.9122085048010973,0.8267462406015037,0.9845129970227084,0.9286694101508915,-0.016460905349794275,False,False,False
A_mu,"mu{0.25,0.50,0.75}",3,"nuts_D_0.25,nuts_D_0.50,nuts_D_0.75",tz,0.1,68,0.9314685314685315,0.8395654324477105,0.9953216481264637,0.937062937062937,-0.005594405594405494,False,False,False
A_mu,"mu{0.25,0.50,0.75}",3,"nuts_D_0.25,nuts_D_0.50,nuts_D_0.75",tz,1.0,68,0.9328671328671327,0.8321597673160173,1.0,0.9370629370629371,-0.004195804195804342,False,False,False
A_mu,"mu{0.25,0.50,0.75}",3,"nuts_D_0.25,nuts_D_0.50,nuts_D_0.75",tz,10.0,68,0.9216783216783216,0.8055488782051282,0.9979216690207157,0.9272727272727272,-0.005594405594405605,False,False,False
A_mu,"mu{0.25,0.50,0.75}",3,"nuts_D_0.25,nuts_D_0.50,nuts_D_0.75",pooled,0.1,149,0.8986238532110092,0.832099295721557,0.9516292420239789,0.9011467889908257,-0.0025229357798164376,False,False,False
A_mu,"mu{0.25,0.50,0.75}",3,"nuts_D_0.25,nuts_D_0.50,nuts_D_0.75",pooled,1.0,149,0.9061926605504587,0.8399760881010881,0.9633626215365844,0.8986238532110091,0.007568807339449535,False,False,False
A_mu,"mu{0.25,0.50,0.75}",3,"nuts_D_0.25,nuts_D_0.50,nuts_D_0.75",pooled,10.0,149,0.9096330275229357,0.8372466795905253,0.9660036163448227,0.8963302752293578,0.013302752293577913,False,False,False
A_mu,"mu{0.25,0.50,1.00}",3,"nuts_D_0.25,nuts_D_0.50,nuts_D_1.00",pz,0.1,81,0.9080932784636488,0.8335481123074826,0.9678649583175445,0.934156378600823,-0.026063100137174167,False,False,False
A_mu,"mu{0.25,0.50,1.00}",3,"nuts_D_0.25,nuts_D_0.50,nuts_D_1.00",pz,1.0,81,0.9218106995884774,0.8415035496957403,0.9838225060887719,0.9327846364883402,-0.010973936899862813,False,False,False
A_mu,"mu{0.25,0.50,1.00}",3,"nuts_D_0.25,nuts_D_0.50,nuts_D_1.00",pz,10.0,81,0.9142661179698217,0.824719855616082,0.984097550608363,0.9286694101508915,-0.014403292181069838,False,False,False
A_mu,"mu{0.25,0.50,1.00}",3,"nuts_D_0.25,nuts_D_0.50,nuts_D_1.00",tz,0.1,68,0.9328671328671329,0.8314465408805031,0.9999999999999999,0.937062937062937,-0.00419580419580412,False,False,False
A_mu,"mu{0.25,0.50,1.00}",3,"nuts_D_0.25,nuts_D_0.50,nuts_D_1.00",tz,1.0,68,0.9286713286713286,0.816321011577708,1.0,0.9370629370629371,-0.008391608391608463,False,False,False
A_mu,"mu{0.25,0.50,1.00}",3,"nuts_D_0.25,nuts_D_0.50,nuts_D_1.00",tz,10.0,68,0.9244755244755244,0.8094253490870033,1.0,0.9272727272727272,-0.002797202797202858,False,False,False
A_mu,"mu{0.25,0.50,1.00}",3,"nuts_D_0.25,nuts_D_0.50,nuts_D_1.00",pooled,0.1,149,0.8995412844036696,0.8328318439706826,0.953286665626913,0.9011467889908257,-0.0016055045871560258,False,False,False
A_mu,"mu{0.25,0.50,1.00}",3,"nuts_D_0.25,nuts_D_0.50,nuts_D_1.00",pooled,1.0,149,0.9087155963302753,0.8345761462479728,0.9665141827373152,0.8986238532110091,0.010091743119266194,False,False,False
A_mu,"mu{0.25,0.50,1.00}",3,"nuts_D_0.25,nuts_D_0.50,nuts_D_1.00",pooled,10.0,149,0.9048165137614679,0.8318594052773496,0.9611257874415768,0.8963302752293578,0.008486238532110058,False,False,False
A_mu,"mu{0.25,0.50,1.50}",3,"nuts_D_0.25,nuts_D_0.50,nuts_D_1.50",pz,0.1,81,0.9204389574759946,0.8494681387376487,0.9751891485760972,0.934156378600823,-0.013717421124828433,False,False,False
A_mu,"mu{0.25,0.50,1.50}",3,"nuts_D_0.25,nuts_D_0.50,nuts_D_1.50",pz,1.0,81,0.9197530864197531,0.846488069453469,0.9777913752913754,0.9327846364883402,-0.013031550068587139,False,False,False
A_mu,"mu{0.25,0.50,1.50}",3,"nuts_D_0.25,nuts_D_0.50,nuts_D_1.50",pz,10.0,81,0.9135802469135803,0.8372299621603028,0.9813289218622877,0.9286694101508915,-0.015089163237311243,False,False,False
A_mu,"mu{0.25,0.50,1.50}",3,"nuts_D_0.25,nuts_D_0.50,nuts_D_1.50",tz,0.1,68,0.9244755244755245,0.8120671260390566,0.9999999999999999,0.937062937062937,-0.012587412587412472,False,False,False
A_mu,"mu{0.25,0.50,1.50}",3,"nuts_D_0.25,nuts_D_0.50,nuts_D_1.50",tz,1.0,68,0.9314685314685315,0.8221911421911423,1.0,0.9370629370629371,-0.005594405594405605,False,False,False
A_mu,"mu{0.25,0.50,1.50}",3,"nuts_D_0.25,nuts_D_0.50,nuts_D_1.50",tz,10.0,68,0.9202797202797204,0.8139832204433497,0.9999999999999999,0.9272727272727272,-0.006993006993006867,False,False,False
A_mu,"mu{0.25,0.50,1.50}",3,"nuts_D_0.25,nuts_D_0.50,nuts_D_1.50",pooled,0.1,149,0.9027522935779816,0.8404698567667523,0.9617722284047736,0.9011467889908257,0.0016055045871559148,False,False,False
A_mu,"mu{0.25,0.50,1.50}",3,"nuts_D_0.25,nuts_D_0.50,nuts_D_1.50",pooled,1.0,149,0.9073394495412843,0.8372205891453679,0.9631452813172935,0.8986238532110091,0.008715596330275188,False,False,False
A_mu,"mu{0.25,0.50,1.50}",3,"nuts_D_0.25,nuts_D_0.50,nuts_D_1.50",pooled,10.0,149,0.9041284403669725,0.8362918602223498,0.9568149410478957,0.8963302752293578,0.0077981651376146655,False,False,False
A_mu,"mu{0.25,0.50,2.00}",3,"nuts_D_0.25,nuts_D_0.50,nuts_D_2.00",pz,0.1,81,0.9197530864197531,0.8470675830117728,0.9741416256157636,0.934156378600823,-0.014403292181069949,False,False,False
A_mu,"mu{0.25,0.50,2.00}",3,"nuts_D_0.25,nuts_D_0.50,nuts_D_2.00",pz,1.0,81,0.9197530864197531,0.8476190476190477,0.9763976541703638,0.9327846364883402,-0.013031550068587139,False,False,False
A_mu,"mu{0.25,0.50,2.00}",3,"nuts_D_0.25,nuts_D_0.50,nuts_D_2.00",pz,10.0,81,0.9156378600823045,0.8342486711189859,0.9759949500558364,0.9286694101508915,-0.013031550068587028,False,False,False
A_mu,"mu{0.25,0.50,2.00}",3,"nuts_D_0.25,nuts_D_0.50,nuts_D_2.00",tz,0.1,68,0.9062937062937063,0.781516231728096,0.9940476190476191,0.937062937062937,-0.03076923076923066,False,False,False
A_mu,"mu{0.25,0.50,2.00}",3,"nuts_D_0.25,nuts_D_0.50,nuts_D_2.00",tz,1.0,68,0.9174825174825175,0.8041352418025032,0.9931105181536217,0.9370629370629371,-0.01958041958041956,False,False,False
A_mu,"mu{0.25,0.50,2.00}",3,"nuts_D_0.25,nuts_D_0.50,nuts_D_2.00",tz,10.0,68,0.9244755244755244,0.8210550314465409,0.9916756379585326,0.9272727272727272,-0.002797202797202858,False,False,False
A_mu,"mu{0.25,0.50,2.00}",3,"nuts_D_0.25,nuts_D_0.50,nuts_D_2.00",pooled,0.1,149,0.9011467889908257,0.8349280650542119,0.9575381020117862,0.9011467889908257,0.0,False,False,False
A_mu,"mu{0.25,0.50,2.00}",3,"nuts_D_0.25,nuts_D_0.50,nuts_D_2.00",pooled,1.0,149,0.9045871559633029,0.8342673328763772,0.9583348997493735,0.8986238532110091,0.005963302752293731,False,False,False
A_mu,"mu{0.25,0.50,2.00}",3,"nuts_D_0.25,nuts_D_0.50,nuts_D_2.00",pooled,10.0,149,0.9034403669724771,0.8365476190476191,0.9586591100639773,0.8963302752293578,0.007110091743119273,False,False,False
A_mu,"mu{0.25,0.50,3.00}",3,"nuts_D_0.25,nuts_D_0.50,nuts_D_3.00",pz,0.1,81,0.9444444444444444,0.8832657200811359,0.9878608642107518,0.934156378600823,0.010288065843621408,False,False,False
A_mu,"mu{0.25,0.50,3.00}",3,"nuts_D_0.25,nuts_D_0.50,nuts_D_3.00",pz,1.0,81,0.9389574759945131,0.8728825457460856,0.9882379165658032,0.9327846364883402,0.006172839506172867,False,False,False
A_mu,"mu{0.25,0.50,3.00}",3,"nuts_D_0.25,nuts_D_0.50,nuts_D_3.00",pz,10.0,81,0.9320987654320988,0.8555360300618922,0.9827635188087774,0.9286694101508915,0.003429355281207247,False,False,False
A_mu,"mu{0.25,0.50,3.00}",3,"nuts_D_0.25,nuts_D_0.50,nuts_D_3.00",tz,0.1,68,0.9496503496503497,0.8707847000325601,1.0,0.937062937062937,0.012587412587412694,False,False,False
A_mu,"mu{0.25,0.50,3.00}",3,"nuts_D_0.25,nuts_D_0.50,nuts_D_3.00",tz,1.0,68,0.951048951048951,0.8720217076943771,1.0,0.9370629370629371,0.013986013986013957,False,False,False
A_mu,"mu{0.25,0.50,3.00}",3,"nuts_D_0.25,nuts_D_0.50,nuts_D_3.00",tz,10.0,68,0.9412587412587412,0.8580252846065006,0.9981167608286252,0.9272727272727272,0.013986013986013957,False,False,False
A_mu,"mu{0.25,0.50,3.00}",3,"nuts_D_0.25,nuts_D_0.50,nuts_D_3.00",pooled,0.1,149,0.9135321100917432,0.8586348010690116,0.965971298349347,0.9011467889908257,0.012385321100917501,False,False,False
A_mu,"mu{0.25,0.50,3.00}",3,"nuts_D_0.25,nuts_D_0.50,nuts_D_3.00",pooled,1.0,149,0.9137614678899082,0.8518214320795423,0.9655819500903342,0.8986238532110091,0.01513761467889907,False,False,False
A_mu,"mu{0.25,0.50,3.00}",3,"nuts_D_0.25,nuts_D_0.50,nuts_D_3.00",pooled,10.0,149,0.9110091743119265,0.8442347850917489,0.9619172451589333,0.8963302752293578,0.014678899082568697,False,False,False
A_mu,"mu{0.25,0.50,20.00}",3,"nuts_D_0.25,nuts_D_0.50,nuts_D_20.00",pz,0.1,81,0.8964334705075444,0.79705072497444,0.9643449197860964,0.934156378600823,-0.037722908093278607,False,False,False
A_mu,"mu{0.25,0.50,20.00}",3,"nuts_D_0.25,nuts_D_0.50,nuts_D_20.00",pz,1.0,81,0.8978052126200274,0.8010665895754993,0.9695074650656182,0.9327846364883402,-0.034979423868312765,False,False,False
A_mu,"mu{0.25,0.50,20.00}",3,"nuts_D_0.25,nuts_D_0.50,nuts_D_20.00",pz,10.0,81,0.8957475994513031,0.7975325289464633,0.9693226868708502,0.9286694101508915,-0.03292181069958844,False,False,False
A_mu,"mu{0.25,0.50,20.00}",3,"nuts_D_0.25,nuts_D_0.50,nuts_D_20.00",tz,0.1,68,0.9300699300699301,0.8293062200956938,0.9936522911051213,0.937062937062937,-0.006993006993006867,False,False,False
A_mu,"mu{0.25,0.50,20.00}",3,"nuts_D_0.25,nuts_D_0.50,nuts_D_20.00",tz,1.0,68,0.9216783216783218,0.8120469616590307,0.9924693553268765,0.9370629370629371,-0.01538461538461533,False,False,False
A_mu,"mu{0.25,0.50,20.00}",3,"nuts_D_0.25,nuts_D_0.50,nuts_D_20.00",tz,10.0,68,0.9104895104895104,0.794687626109766,0.9910843063186813,0.9272727272727272,-0.016783216783216814,False,False,False
A_mu,"mu{0.25,0.50,20.00}",3,"nuts_D_0.25,nuts_D_0.50,nuts_D_20.00",pooled,0.1,149,0.8967889908256881,0.8237808642536734,0.9505019782866317,0.9011467889908257,-0.004357798165137594,False,False,False
A_mu,"mu{0.25,0.50,20.00}",3,"nuts_D_0.25,nuts_D_0.50,nuts_D_20.00",pooled,1.0,149,0.8940366972477064,0.8205462519936204,0.9528010274974403,0.8986238532110091,-0.004587155963302725,False,False,False
A_mu,"mu{0.25,0.50,20.00}",3,"nuts_D_0.25,nuts_D_0.50,nuts_D_20.00",pooled,10.0,149,0.8912844036697247,0.8238178380891187,0.9497850425436631,0.8963302752293578,-0.005045871559633097,False,False,False
A_mu,"mu{0.25,0.75,1.00}",3,"nuts_D_0.25,nuts_D_0.75,nuts_D_1.00",pz,0.1,81,0.9122085048010973,0.8412586818953542,0.9750734168580082,0.934156378600823,-0.021947873799725737,False,False,False
A_mu,"mu{0.25,0.75,1.00}",3,"nuts_D_0.25,nuts_D_0.75,nuts_D_1.00",pz,1.0,81,0.924554183813443,0.8454388714733543,0.9814464285714286,0.9327846364883402,-0.008230452674897193,False,False,False
A_mu,"mu{0.25,0.75,1.00}",3,"nuts_D_0.25,nuts_D_0.75,nuts_D_1.00",pz,10.0,81,0.9122085048010974,0.814784356725146,0.982148368606702,0.9286694101508915,-0.016460905349794164,False,False,False
A_mu,"mu{0.25,0.75,1.00}",3,"nuts_D_0.25,nuts_D_0.75,nuts_D_1.00",tz,0.1,68,0.9272727272727272,0.8104114334130781,1.0,0.937062937062937,-0.009790209790209725,False,False,False
A_mu,"mu{0.25,0.75,1.00}",3,"nuts_D_0.25,nuts_D_0.75,nuts_D_1.00",tz,1.0,68,0.9272727272727272,0.8103386107427055,1.0,0.9370629370629371,-0.009790209790209836,False,False,False
A_mu,"mu{0.25,0.75,1.00}",3,"nuts_D_0.25,nuts_D_0.75,nuts_D_1.00",tz,10.0,68,0.9244755244755244,0.8125000000000001,1.0,0.9272727272727272,-0.002797202797202858,False,False,False
A_mu,"mu{0.25,0.75,1.00}",3,"nuts_D_0.25,nuts_D_0.75,nuts_D_1.00",pooled,0.1,149,0.9020642201834862,0.8382339149171574,0.9564156294217809,0.9011467889908257,0.0009174311926605228,False,False,False
A_mu,"mu{0.25,0.75,1.00}",3,"nuts_D_0.25,nuts_D_0.75,nuts_D_1.00",pooled,1.0,149,0.9087155963302752,0.8380135658914728,0.9660806229169061,0.8986238532110091,0.010091743119266083,False,False,False
A_mu,"mu{0.25,0.75,1.00}",3,"nuts_D_0.25,nuts_D_0.75,nuts_D_1.00",pooled,10.0,149,0.9057339449541284,0.8364384671884102,0.9648769392489488,0.8963302752293578,0.00940366972477058,False,False,False
A_mu,"mu{0.25,0.75,1.50}",3,"nuts_D_0.25,nuts_D_0.75,nuts_D_1.50",pz,0.1,81,0.9224965706447188,0.8478489858906526,0.9773726582059915,0.934156378600823,-0.011659807956104218,False,False,False
A_mu,"mu{0.25,0.75,1.50}",3,"nuts_D_0.25,nuts_D_0.75,nuts_D_1.50",pz,1.0,81,0.9238683127572016,0.8494062396557431,0.9808911178107605,0.9327846364883402,-0.008916323731138598,False,False,False
A_mu,"mu{0.25,0.75,1.50}",3,"nuts_D_0.25,nuts_D_0.75,nuts_D_1.50",pz,10.0,81,0.9197530864197532,0.8285597572362279,0.9836120807741593,0.9286694101508915,-0.008916323731138376,False,False,False
A_mu,"mu{0.25,0.75,1.50}",3,"nuts_D_0.25,nuts_D_0.75,nuts_D_1.50",tz,0.1,68,0.9272727272727272,0.8095238095238095,1.0,0.937062937062937,-0.009790209790209725,False,False,False
A_mu,"mu{0.25,0.75,1.50}",3,"nuts_D_0.25,nuts_D_0.75,nuts_D_1.50",tz,1.0,68,0.9272727272727272,0.8086204834185778,1.0,0.9370629370629371,-0.009790209790209836,False,False,False
A_mu,"mu{0.25,0.75,1.50}",3,"nuts_D_0.25,nuts_D_0.75,nuts_D_1.50",tz,10.0,68,0.9244755244755245,0.8085858084318859,1.0,0.9272727272727272,-0.002797202797202747,False,False,False
A_mu,"mu{0.25,0.75,1.50}",3,"nuts_D_0.25,nuts_D_0.75,nuts_D_1.50",pooled,0.1,149,0.9052752293577981,0.8387222655860763,0.9624134539708641,0.9011467889908257,0.004128440366972463,False,False,False
A_mu,"mu{0.25,0.75,1.50}",3,"nuts_D_0.25,nuts_D_0.75,nuts_D_1.50",pooled,1.0,149,0.9107798165137614,0.8432667782560178,0.963698377581121,0.8986238532110091,0.01215596330275226,False,False,False
A_mu,"mu{0.25,0.75,1.50}",3,"nuts_D_0.25,nuts_D_0.75,nuts_D_1.50",pooled,10.0,149,0.9096330275229357,0.8466765043449747,0.9614716599112806,0.8963302752293578,0.013302752293577913,False,False,False
A_mu,"mu{0.25,0.75,2.00}",3,"nuts_D_0.25,nuts_D_0.75,nuts_D_2.00",pz,0.1,81,0.9314128943758574,0.8552553861050594,0.9811414011359261,0.934156378600823,-0.00274348422496562,False,False,False
A_mu,"mu{0.25,0.75,2.00}",3,"nuts_D_0.25,nuts_D_0.75,nuts_D_2.00",pz,1.0,81,0.930727023319616,0.8573230253353203,0.9840848806366048,0.9327846364883402,-0.002057613168724215,False,False,False
A_mu,"mu{0.25,0.75,2.00}",3,"nuts_D_0.25,nuts_D_0.75,nuts_D_2.00",pz,10.0,81,0.9259259259259259,0.8481067390272323,0.9865173692427791,0.9286694101508915,-0.00274348422496562,False,False,False
A_mu,"mu{0.25,0.75,2.00}",3,"nuts_D_0.25,nuts_D_0.75,nuts_D_2.00",tz,0.1,68,0.9132867132867133,0.7861067592667366,0.9972027972027973,0.937062937062937,-0.02377622377622368,False,False,False
A_mu,"mu{0.25,0.75,2.00}",3,"nuts_D_0.25,nuts_D_0.75,nuts_D_2.00",tz,1.0,68,0.9272727272727272,0.8126728544525155,1.0,0.9370629370629371,-0.009790209790209836,False,False,False
A_mu,"mu{0.25,0.75,2.00}",3,"nuts_D_0.25,nuts_D_0.75,nuts_D_2.00",tz,10.0,68,0.9468531468531469,0.8794670077816864,0.9968831949300698,0.9272727272727272,0.019580419580419672,False,False,False
A_mu,"mu{0.25,0.75,2.00}",3,"nuts_D_0.25,nuts_D_0.75,nuts_D_2.00",pooled,0.1,149,0.9089449541284403,0.8429369122257053,0.9588818473193473,0.9011467889908257,0.0077981651376146655,False,False,False
A_mu,"mu{0.25,0.75,2.00}",3,"nuts_D_0.25,nuts_D_0.75,nuts_D_2.00",pooled,1.0,149,0.9188073394495412,0.8575774217643687,0.9686112701276371,0.8986238532110091,0.020183486238532056,False,False,False
A_mu,"mu{0.25,0.75,2.00}",3,"nuts_D_0.25,nuts_D_0.75,nuts_D_2.00",pooled,10.0,149,0.9188073394495413,0.8524171387411588,0.9665151258874365,0.8963302752293578,0.022477064220183474,False,False,False
A_mu,"mu{0.25,0.75,3.00}",3,"nuts_D_0.25,nuts_D_0.75,nuts_D_3.00",pz,0.1,81,0.9451303155006858,0.8800584707646176,0.9880087333243395,0.934156378600823,0.010973936899862813,False,False,False
A_mu,"mu{0.25,0.75,3.00}",3,"nuts_D_0.25,nuts_D_0.75,nuts_D_3.00",pz,1.0,81,0.9382716049382716,0.8678479253797051,0.987145695009638,0.9327846364883402,0.005486968449931351,False,False,False
A_mu,"mu{0.25,0.75,3.00}",3,"nuts_D_0.25,nuts_D_0.75,nuts_D_3.00",pz,10.0,81,0.9314128943758574,0.8449651386748844,0.9904002869828893,0.9286694101508915,0.002743484224965842,False,False,False
A_mu,"mu{0.25,0.75,3.00}",3,"nuts_D_0.25,nuts_D_0.75,nuts_D_3.00",tz,0.1,68,0.9440559440559442,0.8563765182186235,1.0,0.937062937062937,0.0069930069930072,False,False,False
A_mu,"mu{0.25,0.75,3.00}",3,"nuts_D_0.25,nuts_D_0.75,nuts_D_3.00",tz,1.0,68,0.944055944055944,0.8594820330796252,1.0,0.9370629370629371,0.006993006993006867,False,False,False
A_mu,"mu{0.25,0.75,3.00}",3,"nuts_D_0.25,nuts_D_0.75,nuts_D_3.00",tz,10.0,68,0.9412587412587412,0.8544463960447567,1.0,0.9272727272727272,0.013986013986013957,False,False,False
A_mu,"mu{0.25,0.75,3.00}",3,"nuts_D_0.25,nuts_D_0.75,nuts_D_3.00",pooled,0.1,149,0.9174311926605504,0.8575581585845345,0.9681704260651629,0.9011467889908257,0.016284403669724723,False,False,False
A_mu,"mu{0.25,0.75,3.00}",3,"nuts_D_0.25,nuts_D_0.75,nuts_D_3.00",pooled,1.0,149,0.9169724770642201,0.8542387218045112,0.96953910604373,0.8986238532110091,0.01834862385321101,False,False,False
A_mu,"mu{0.25,0.75,3.00}",3,"nuts_D_0.25,nuts_D_0.75,nuts_D_3.00",pooled,10.0,149,0.9158256880733945,0.8521039565160687,0.965830572633646,0.8963302752293578,0.019495412844036664,False,False,False
A_mu,"mu{0.25,0.75,20.00}",3,"nuts_D_0.25,nuts_D_0.75,nuts_D_20.00",pz,0.1,81,0.9060356652949245,0.8139233671610719,0.9721344655541082,0.934156378600823,-0.028120713305898493,False,False,False
A_mu,"mu{0.25,0.75,20.00}",3,"nuts_D_0.25,nuts_D_0.75,nuts_D_20.00",pz,1.0,81,0.9087791495198903,0.820077216636437,0.9731033658144108,0.9327846364883402,-0.02400548696844995,False,False,False
A_mu,"mu{0.25,0.75,20.00}",3,"nuts_D_0.25,nuts_D_0.75,nuts_D_20.00",pz,10.0,81,0.9060356652949245,0.816272095959596,0.9773928830791575,0.9286694101508915,-0.02263374485596703,False,False,False
A_mu,"mu{0.25,0.75,20.00}",3,"nuts_D_0.25,nuts_D_0.75,nuts_D_20.00",tz,0.1,68,0.9286713286713287,0.8172619047619047,1.0,0.937062937062937,-0.00839160839160824,False,False,False
A_mu,"mu{0.25,0.75,20.00}",3,"nuts_D_0.25,nuts_D_0.75,nuts_D_20.00",tz,1.0,68,0.9258741258741259,0.8112530468538414,1.0,0.9370629370629371,-0.01118881118881121,False,False,False
A_mu,"mu{0.25,0.75,20.00}",3,"nuts_D_0.25,nuts_D_0.75,nuts_D_20.00",tz,10.0,68,0.916083916083916,0.8059815263205093,0.9952153110047847,0.9272727272727272,-0.01118881118881121,False,False,False
A_mu,"mu{0.25,0.75,20.00}",3,"nuts_D_0.25,nuts_D_0.75,nuts_D_20.00",pooled,0.1,149,0.9045871559633026,0.8350840736616599,0.9590645785084366,0.9011467889908257,0.0034403669724769603,False,False,False
A_mu,"mu{0.25,0.75,20.00}",3,"nuts_D_0.25,nuts_D_0.75,nuts_D_20.00",pooled,1.0,149,0.9080275229357799,0.8402760490753911,0.9620588085005043,0.8986238532110091,0.009403669724770802,False,False,False
A_mu,"mu{0.25,0.75,20.00}",3,"nuts_D_0.25,nuts_D_0.75,nuts_D_20.00",pooled,10.0,149,0.9057339449541284,0.8320865304420351,0.9657894179445904,0.8963302752293578,0.00940366972477058,False,False,False
A_mu,"mu{0.25,1.00,1.50}",3,"nuts_D_0.25,nuts_D_1.00,nuts_D_1.50",pz,0.1,81,0.9252400548696845,0.8530669504643963,0.9808182038247398,0.934156378600823,-0.008916323731138487,False,False,False
A_mu,"mu{0.25,1.00,1.50}",3,"nuts_D_0.25,nuts_D_1.00,nuts_D_1.50",pz,1.0,81,0.9218106995884774,0.8475385260357937,0.9778982843137256,0.9327846364883402,-0.010973936899862813,False,False,False
A_mu,"mu{0.25,1.00,1.50}",3,"nuts_D_0.25,nuts_D_1.00,nuts_D_1.50",pz,10.0,81,0.9197530864197531,0.8361081593927894,0.9807163188320595,0.9286694101508915,-0.008916323731138487,False,False,False
A_mu,"mu{0.25,1.00,1.50}",3,"nuts_D_0.25,nuts_D_1.00,nuts_D_1.50",tz,0.1,68,0.9258741258741259,0.7988389436234264,1.0,0.937062937062937,-0.011188811188811099,False,False,False
A_mu,"mu{0.25,1.00,1.50}",3,"nuts_D_0.25,nuts_D_1.00,nuts_D_1.50",tz,1.0,68,0.9286713286713286,0.8187301587301588,1.0,0.9370629370629371,-0.008391608391608463,False,False,False
A_mu,"mu{0.25,1.00,1.50}",3,"nuts_D_0.25,nuts_D_1.00,nuts_D_1.50",tz,10.0,68,0.9230769230769231,0.8134694472194473,1.0,0.9272727272727272,-0.00419580419580412,False,False,False
A_mu,"mu{0.25,1.00,1.50}",3,"nuts_D_0.25,nuts_D_1.00,nuts_D_1.50",pooled,0.1,149,0.9055045871559633,0.842788722216251,0.962287214743732,0.9011467889908257,0.004357798165137594,False,False,False
A_mu,"mu{0.25,1.00,1.50}",3,"nuts_D_0.25,nuts_D_1.00,nuts_D_1.50",pooled,1.0,149,0.908256880733945,0.8433014936227344,0.9656021938964213,0.8986238532110091,0.009633027522935822,False,False,False
A_mu,"mu{0.25,1.00,1.50}",3,"nuts_D_0.25,nuts_D_1.00,nuts_D_1.50",pooled,10.0,149,0.9071100917431192,0.8395825065289676,0.9639109078590786,0.8963302752293578,0.010779816513761364,False,False,False
A_mu,"mu{0.25,1.00,2.00}",3,"nuts_D_0.25,nuts_D_1.00,nuts_D_2.00",pz,0.1,81,0.9334705075445816,0.8692710780598712,0.9821722516166961,0.934156378600823,-0.000685871056241405,False,False,False
A_mu,"mu{0.25,1.00,2.00}",3,"nuts_D_0.25,nuts_D_1.00,nuts_D_2.00",pz,1.0,81,0.9307270233196159,0.8575663602624917,0.9842892271662764,0.9327846364883402,-0.002057613168724326,False,False,False
A_mu,"mu{0.25,1.00,2.00}",3,"nuts_D_0.25,nuts_D_1.00,nuts_D_2.00",pz,10.0,81,0.9259259259259258,0.844055284992785,0.9821776690302606,0.9286694101508915,-0.002743484224965731,False,False,False
A_mu,"mu{0.25,1.00,2.00}",3,"nuts_D_0.25,nuts_D_1.00,nuts_D_2.00",tz,0.1,68,0.9104895104895104,0.7747997835497836,0.9999999999999999,0.937062937062937,-0.02657342657342654,False,False,False
A_mu,"mu{0.25,1.00,2.00}",3,"nuts_D_0.25,nuts_D_1.00,nuts_D_2.00",tz,1.0,68,0.9286713286713286,0.813951048951049,1.0,0.9370629370629371,-0.008391608391608463,False,False,False
A_mu,"mu{0.25,1.00,2.00}",3,"nuts_D_0.25,nuts_D_1.00,nuts_D_2.00",tz,10.0,68,0.9356643356643357,0.8293526785714285,1.0,0.9272727272727272,0.008391608391608463,False,False,False
A_mu,"mu{0.25,1.00,2.00}",3,"nuts_D_0.25,nuts_D_1.00,nuts_D_2.00",pooled,0.1,149,0.9126146788990825,0.8428129515169571,0.9665772553158224,0.9011467889908257,0.011467889908256867,False,False,False
A_mu,"mu{0.25,1.00,2.00}",3,"nuts_D_0.25,nuts_D_1.00,nuts_D_2.00",pooled,1.0,149,0.921559633027523,0.8610683760683762,0.9713003577022071,0.8986238532110091,0.022935779816513846,False,False,False
A_mu,"mu{0.25,1.00,2.00}",3,"nuts_D_0.25,nuts_D_1.00,nuts_D_2.00",pooled,10.0,149,0.9227064220183486,0.8588897260380649,0.9727466248841792,0.8963302752293578,0.026376146788990806,False,False,False
A_mu,"mu{0.25,1.00,3.00}",3,"nuts_D_0.25,nuts_D_1.00,nuts_D_3.00",pz,0.1,81,0.9403292181069959,0.8772264584846283,0.9873858225108225,0.934156378600823,0.006172839506172867,False,False,False
A_mu,"mu{0.25,1.00,3.00}",3,"nuts_D_0.25,nuts_D_1.00,nuts_D_3.00",pz,1.0,81,0.9396433470507545,0.8695518934081345,0.9900040983606557,0.9327846364883402,0.006858710562414272,False,False,False
A_mu,"mu{0.25,1.00,3.00}",3,"nuts_D_0.25,nuts_D_1.00,nuts_D_3.00",pz,10.0,81,0.9300411522633744,0.8422649089141051,0.9873858225108224,0.9286694101508915,0.00137174211248281,False,False,False
A_mu,"mu{0.25,1.00,3.00}",3,"nuts_D_0.25,nuts_D_1.00,nuts_D_3.00",tz,0.1,68,0.9426573426573426,0.8551453047061376,1.0,0.937062937062937,0.005594405594405605,False,False,False
A_mu,"mu{0.25,1.00,3.00}",3,"nuts_D_0.25,nuts_D_1.00,nuts_D_3.00",tz,1.0,68,0.9370629370629371,0.8348077666801184,1.0,0.9370629370629371,0.0,False,False,False
A_mu,"mu{0.25,1.00,3.00}",3,"nuts_D_0.25,nuts_D_1.00,nuts_D_3.00",tz,10.0,68,0.9286713286713286,0.8191014097131682,1.0,0.9272727272727272,0.0013986013986013734,False,False,False
A_mu,"mu{0.25,1.00,3.00}",3,"nuts_D_0.25,nuts_D_1.00,nuts_D_3.00",pooled,0.1,149,0.9169724770642202,0.8519039883873643,0.9640868398842537,0.9011467889908257,0.015825688073394573,False,False,False
A_mu,"mu{0.25,1.00,3.00}",3,"nuts_D_0.25,nuts_D_1.00,nuts_D_3.00",pooled,1.0,149,0.9172018348623854,0.8474537226407657,0.970442739640429,0.8986238532110091,0.018577981651376252,False,False,False
A_mu,"mu{0.25,1.00,3.00}",3,"nuts_D_0.25,nuts_D_1.00,nuts_D_3.00",pooled,10.0,149,0.9149082568807339,0.8515915907487007,0.9675289780313144,0.8963302752293578,0.01857798165137603,False,False,False
A_mu,"mu{0.25,1.00,20.00}",3,"nuts_D_0.25,nuts_D_1.00,nuts_D_20.00",pz,0.1,81,0.9197530864197531,0.8405162191631457,0.9761431784107946,0.934156378600823,-0.014403292181069949,False,False,False
A_mu,"mu{0.25,1.00,20.00}",3,"nuts_D_0.25,nuts_D_1.00,nuts_D_20.00",pz,1.0,81,0.9190672153635117,0.8294811320754717,0.9816203345373238,0.9327846364883402,-0.013717421124828544,False,False,False
A_mu,"mu{0.25,1.00,20.00}",3,"nuts_D_0.25,nuts_D_1.00,nuts_D_20.00",pz,10.0,81,0.9142661179698216,0.8219451459034793,0.9828571428571428,0.9286694101508915,-0.014403292181069949,False,False,False
A_mu,"mu{0.25,1.00,20.00}",3,"nuts_D_0.25,nuts_D_1.00,nuts_D_20.00",tz,0.1,68,0.9272727272727272,0.799976076555024,1.0,0.937062937062937,-0.009790209790209725,False,False,False
A_mu,"mu{0.25,1.00,20.00}",3,"nuts_D_0.25,nuts_D_1.00,nuts_D_20.00",tz,1.0,68,0.9272727272727272,0.809790237131742,1.0,0.9370629370629371,-0.009790209790209836,False,False,False
A_mu,"mu{0.25,1.00,20.00}",3,"nuts_D_0.25,nuts_D_1.00,nuts_D_20.00",tz,10.0,68,0.9216783216783218,0.8149562079312302,1.0,0.9272727272727272,-0.005594405594405494,False,False,False
A_mu,"mu{0.25,1.00,20.00}",3,"nuts_D_0.25,nuts_D_1.00,nuts_D_20.00",pooled,0.1,149,0.910091743119266,0.8389458164610605,0.9649365753938925,0.9011467889908257,0.008944954128440319,False,False,False
A_mu,"mu{0.25,1.00,20.00}",3,"nuts_D_0.25,nuts_D_1.00,nuts_D_20.00",pooled,1.0,149,0.9135321100917431,0.8450807965075589,0.9658102722822348,0.8986238532110091,0.014908256880733939,False,False,False
A_mu,"mu{0.25,1.00,20.00}",3,"nuts_D_0.25,nuts_D_1.00,nuts_D_20.00",pooled,10.0,149,0.9128440366972477,0.8395584222218615,0.9697384264205595,0.8963302752293578,0.016513761467889854,False,False,False
A_mu,"mu{0.25,1.50,2.00}",3,"nuts_D_0.25,nuts_D_1.50,nuts_D_2.00",pz,0.1,81,0.9170096021947873,0.8374104443943154,0.9732590388007054,0.934156378600823,-0.01714677640603568,False,False,False
A_mu,"mu{0.25,1.50,2.00}",3,"nuts_D_0.25,nuts_D_1.50,nuts_D_2.00",pz,1.0,81,0.9128943758573388,0.8329059522499291,0.9776883615288221,0.9327846364883402,-0.01989026063100141,False,False,False
A_mu,"mu{0.25,1.50,2.00}",3,"nuts_D_0.25,nuts_D_1.50,nuts_D_2.00",pz,10.0,81,0.9087791495198903,0.8188524590163935,0.9728610516170486,0.9286694101508915,-0.0198902606310013,False,False,False
A_mu,"mu{0.25,1.50,2.00}",3,"nuts_D_0.25,nuts_D_1.50,nuts_D_2.00",tz,0.1,68,0.895104895104895,0.7658520646020647,0.9947119594964422,0.937062937062937,-0.04195804195804198,False,False,False
A_mu,"mu{0.25,1.50,2.00}",3,"nuts_D_0.25,nuts_D_1.50,nuts_D_2.00",tz,1.0,68,0.9076923076923078,0.7974152355320119,0.9943502824858756,0.9370629370629371,-0.029370629370629286,False,False,False
A_mu,"mu{0.25,1.50,2.00}",3,"nuts_D_0.25,nuts_D_1.50,nuts_D_2.00",tz,10.0,68,0.9006993006993007,0.7654704944178629,0.9920758928571429,0.9272727272727272,-0.02657342657342654,False,False,False
A_mu,"mu{0.25,1.50,2.00}",3,"nuts_D_0.25,nuts_D_1.50,nuts_D_2.00",pooled,0.1,149,0.8924311926605505,0.8167931732895466,0.9548165011815096,0.9011467889908257,-0.008715596330275188,False,False,False
A_mu,"mu{0.25,1.50,2.00}",3,"nuts_D_0.25,nuts_D_1.50,nuts_D_2.00",pooled,1.0,149,0.8919724770642202,0.8170436886960831,0.9571963364785165,0.8986238532110091,-0.006651376146788901,False,False,False
A_mu,"mu{0.25,1.50,2.00}",3,"nuts_D_0.25,nuts_D_1.50,nuts_D_2.00",pooled,10.0,149,0.8878440366972478,0.809360885673959,0.9515154327932793,0.8963302752293578,-0.008486238532110058,False,False,False
A_mu,"mu{0.25,1.50,3.00}",3,"nuts_D_0.25,nuts_D_1.50,nuts_D_3.00",pz,0.1,81,0.9348422496570644,0.8683639272913467,0.9821512803234501,0.934156378600823,0.000685871056241405,False,False,False
A_mu,"mu{0.25,1.50,3.00}",3,"nuts_D_0.25,nuts_D_1.50,nuts_D_3.00",pz,1.0,81,0.9334705075445816,0.8573641765704584,0.9834239130434783,0.9327846364883402,0.000685871056241405,False,False,False
A_mu,"mu{0.25,1.50,3.00}",3,"nuts_D_0.25,nuts_D_1.50,nuts_D_3.00",pz,10.0,81,0.9259259259259258,0.8388874312843578,0.9831581311769991,0.9286694101508915,-0.002743484224965731,False,False,False
A_mu,"mu{0.25,1.50,3.00}",3,"nuts_D_0.25,nuts_D_1.50,nuts_D_3.00",tz,0.1,68,0.9314685314685316,0.8377646282569632,0.9942359196919047,0.937062937062937,-0.005594405594405383,False,False,False
A_mu,"mu{0.25,1.50,3.00}",3,"nuts_D_0.25,nuts_D_1.50,nuts_D_3.00",tz,1.0,68,0.9384615384615386,0.8497491466572504,0.9943502824858756,0.9370629370629371,0.0013986013986014845,False,False,False
A_mu,"mu{0.25,1.50,3.00}",3,"nuts_D_0.25,nuts_D_1.50,nuts_D_3.00",tz,10.0,68,0.93006993006993,0.8362056789401908,0.9931196120689656,0.9272727272727272,0.002797202797202747,False,False,False
A_mu,"mu{0.25,1.50,3.00}",3,"nuts_D_0.25,nuts_D_1.50,nuts_D_3.00",pooled,0.1,149,0.9057339449541285,0.8423411884319111,0.9592931990620889,0.9011467889908257,0.004587155963302836,False,False,False
A_mu,"mu{0.25,1.50,3.00}",3,"nuts_D_0.25,nuts_D_1.50,nuts_D_3.00",pooled,1.0,149,0.9057339449541284,0.8409534162113745,0.9614111426881231,0.8986238532110091,0.007110091743119273,False,False,False
A_mu,"mu{0.25,1.50,3.00}",3,"nuts_D_0.25,nuts_D_1.50,nuts_D_3.00",pooled,10.0,149,0.9009174311926604,0.8335480288688932,0.9584666992299735,0.8963302752293578,0.004587155963302614,False,False,False
A_mu,"mu{0.25,1.50,20.00}",3,"nuts_D_0.25,nuts_D_1.50,nuts_D_20.00",pz,0.1,81,0.9163237311385459,0.8432235926628715,0.9745132790747483,0.934156378600823,-0.017832647462277085,False,False,False
A_mu,"mu{0.25,1.50,20.00}",3,"nuts_D_0.25,nuts_D_1.50,nuts_D_20.00",pz,1.0,81,0.9128943758573388,0.8290793450983402,0.9766451400610885,0.9327846364883402,-0.01989026063100141,False,False,False
A_mu,"mu{0.25,1.50,20.00}",3,"nuts_D_0.25,nuts_D_1.50,nuts_D_20.00",pz,10.0,81,0.9080932784636488,0.8157954432820623,0.9804269480519481,0.9286694101508915,-0.020576131687242705,False,False,False
A_mu,"mu{0.25,1.50,20.00}",3,"nuts_D_0.25,nuts_D_1.50,nuts_D_20.00",tz,0.1,68,0.8937062937062936,0.7703073242546927,0.9916866760828625,0.937062937062937,-0.043356643356643354,False,False,False
A_mu,"mu{0.25,1.50,20.00}",3,"nuts_D_0.25,nuts_D_1.50,nuts_D_20.00",tz,1.0,68,0.9048951048951048,0.7901785714285714,0.9896637931034482,0.9370629370629371,-0.032167832167832255,False,False,False
A_mu,"mu{0.25,1.50,20.00}",3,"nuts_D_0.25,nuts_D_1.50,nuts_D_20.00",tz,10.0,68,0.9048951048951048,0.8022084800337035,0.9883001193053775,0.9272727272727272,-0.02237762237762242,False,False,False
A_mu,"mu{0.25,1.50,20.00}",3,"nuts_D_0.25,nuts_D_1.50,nuts_D_20.00",pooled,0.1,149,0.8979357798165138,0.8321843079007714,0.9570337631192257,0.9011467889908257,-0.0032110091743118296,False,False,False
A_mu,"mu{0.25,1.50,20.00}",3,"nuts_D_0.25,nuts_D_1.50,nuts_D_20.00",pooled,1.0,149,0.8922018348623854,0.8177093545084199,0.9573568879115716,0.8986238532110091,-0.00642201834862377,False,False,False
A_mu,"mu{0.25,1.50,20.00}",3,"nuts_D_0.25,nuts_D_1.50,nuts_D_20.00",pooled,10.0,149,0.89151376146789,0.8158703463878296,0.9522333826290249,0.8963302752293578,-0.0048165137614678555,False,False,False
A_mu,"mu{0.25,2.00,3.00}",3,"nuts_D_0.25,nuts_D_2.00,nuts_D_3.00",pz,0.1,81,0.9314128943758573,0.8577374412617595,0.9836220175852841,0.934156378600823,-0.002743484224965731,False,False,False
A_mu,"mu{0.25,2.00,3.00}",3,"nuts_D_0.25,nuts_D_2.00,nuts_D_3.00",pz,1.0,81,0.9314128943758573,0.8552386363636363,0.988095238095238,0.9327846364883402,-0.001371742112482921,False,False,False
A_mu,"mu{0.25,2.00,3.00}",3,"nuts_D_0.25,nuts_D_2.00,nuts_D_3.00",pz,10.0,81,0.9272976680384087,0.843644199746794,0.990663442881397,0.9286694101508915,-0.00137174211248281,False,False,False
A_mu,"mu{0.25,2.00,3.00}",3,"nuts_D_0.25,nuts_D_2.00,nuts_D_3.00",tz,0.1,68,0.9244755244755245,0.8124627976190475,1.0,0.937062937062937,-0.012587412587412472,False,False,False
A_mu,"mu{0.25,2.00,3.00}",3,"nuts_D_0.25,nuts_D_2.00,nuts_D_3.00",tz,1.0,68,0.9230769230769231,0.8083566433566434,1.0,0.9370629370629371,-0.013986013986013957,False,False,False
A_mu,"mu{0.25,2.00,3.00}",3,"nuts_D_0.25,nuts_D_2.00,nuts_D_3.00",tz,10.0,68,0.9146853146853147,0.8052827380952381,0.9985176606019767,0.9272727272727272,-0.012587412587412583,False,False,False
A_mu,"mu{0.25,2.00,3.00}",3,"nuts_D_0.25,nuts_D_2.00,nuts_D_3.00",pooled,0.1,149,0.9055045871559633,0.8405542264752791,0.9630747307244729,0.9011467889908257,0.004357798165137594,False,False,False
A_mu,"mu{0.25,2.00,3.00}",3,"nuts_D_0.25,nuts_D_2.00,nuts_D_3.00",pooled,1.0,149,0.9038990825688074,0.8348307878582565,0.9619193394522342,0.8986238532110091,0.005275229357798228,False,False,False
A_mu,"mu{0.25,2.00,3.00}",3,"nuts_D_0.25,nuts_D_2.00,nuts_D_3.00",pooled,10.0,149,0.9002293577981653,0.8253092255839659,0.9594470463165152,0.8963302752293578,0.0038990825688074437,False,False,False
A_mu,"mu{0.25,2.00,20.00}",3,"nuts_D_0.25,nuts_D_2.00,nuts_D_20.00",pz,0.1,81,0.8511659807956105,0.7439655172413793,0.942251461988304,0.934156378600823,-0.08299039780521256,False,False,False
A_mu,"mu{0.25,2.00,20.00}",3,"nuts_D_0.25,nuts_D_2.00,nuts_D_20.00",pz,1.0,81,0.8518518518518519,0.7328591088101244,0.9532652361356065,0.9327846364883402,-0.08093278463648834,False,False,False
A_mu,"mu{0.25,2.00,20.00}",3,"nuts_D_0.25,nuts_D_2.00,nuts_D_20.00",pz,10.0,81,0.8491083676268861,0.7248597729107474,0.954258123342175,0.9286694101508915,-0.07956104252400542,False,False,False
A_mu,"mu{0.25,2.00,20.00}",3,"nuts_D_0.25,nuts_D_2.00,nuts_D_20.00",tz,0.1,68,0.855944055944056,0.7006421356421356,0.9776609848484848,0.937062937062937,-0.08111888111888099,False,False,False
A_mu,"mu{0.25,2.00,20.00}",3,"nuts_D_0.25,nuts_D_2.00,nuts_D_20.00",tz,1.0,68,0.8293706293706293,0.6361871408045977,0.9777121316183816,0.9370629370629371,-0.10769230769230775,False,False,False
A_mu,"mu{0.25,2.00,20.00}",3,"nuts_D_0.25,nuts_D_2.00,nuts_D_20.00",tz,10.0,68,0.8083916083916083,0.6058039135194306,0.969907183212268,0.9272727272727272,-0.11888111888111896,False,False,False
A_mu,"mu{0.25,2.00,20.00}",3,"nuts_D_0.25,nuts_D_2.00,nuts_D_20.00",pooled,0.1,149,0.846788990825688,0.754327749607481,0.9321770633496296,0.9011467889908257,-0.05435779816513764,False,False,False
A_mu,"mu{0.25,2.00,20.00}",3,"nuts_D_0.25,nuts_D_2.00,nuts_D_20.00",pooled,1.0,149,0.8458715596330275,0.7454245036572622,0.9327235003221845,0.8986238532110091,-0.05275229357798161,False,False,False
A_mu,"mu{0.25,2.00,20.00}",3,"nuts_D_0.25,nuts_D_2.00,nuts_D_20.00",pooled,10.0,149,0.8447247706422019,0.7451088156170241,0.9303320937695937,0.8963302752293578,-0.05160550458715596,False,False,False
A_mu,"mu{0.25,3.00,20.00}",3,"nuts_D_0.25,nuts_D_3.00,nuts_D_20.00",pz,0.1,81,0.9334705075445816,0.8641940514785342,0.9832196969696969,0.934156378600823,-0.000685871056241405,False,False,False
A_mu,"mu{0.25,3.00,20.00}",3,"nuts_D_0.25,nuts_D_3.00,nuts_D_20.00",pz,1.0,81,0.929355281207133,0.8457365026133721,0.9833354591836734,0.9327846364883402,-0.003429355281207247,False,False,False
A_mu,"mu{0.25,3.00,20.00}",3,"nuts_D_0.25,nuts_D_3.00,nuts_D_20.00",pz,10.0,81,0.9238683127572016,0.8450643171082876,0.9804277244494636,0.9286694101508915,-0.004801097393689946,False,False,False
A_mu,"mu{0.25,3.00,20.00}",3,"nuts_D_0.25,nuts_D_3.00,nuts_D_20.00",tz,0.1,68,0.9314685314685315,0.8366205357142857,0.9905959947538338,0.937062937062937,-0.005594405594405494,False,False,False
A_mu,"mu{0.25,3.00,20.00}",3,"nuts_D_0.25,nuts_D_3.00,nuts_D_20.00",tz,1.0,68,0.9202797202797204,0.8229605301741834,0.9924831610275688,0.9370629370629371,-0.016783216783216703,False,False,False
A_mu,"mu{0.25,3.00,20.00}",3,"nuts_D_0.25,nuts_D_3.00,nuts_D_20.00",tz,10.0,68,0.9076923076923078,0.7929569504569505,0.988095238095238,0.9272727272727272,-0.01958041958041945,False,False,False
A_mu,"mu{0.25,3.00,20.00}",3,"nuts_D_0.25,nuts_D_3.00,nuts_D_20.00",pooled,0.1,149,0.9064220183486238,0.8392850792521845,0.9597461261479954,0.9011467889908257,0.005275229357798117,False,False,False
A_mu,"mu{0.25,3.00,20.00}",3,"nuts_D_0.25,nuts_D_3.00,nuts_D_20.00",pooled,1.0,149,0.903211009174312,0.8413650296064088,0.9582576123201123,0.8986238532110091,0.004587155963302836,False,False,False
A_mu,"mu{0.25,3.00,20.00}",3,"nuts_D_0.25,nuts_D_3.00,nuts_D_20.00",pooled,10.0,149,0.9013761467889908,0.833742772143068,0.9546422044695071,0.8963302752293578,0.005045871559632986,False,False,False
A_mu,"mu{0.50,0.75,1.00}",3,"nuts_D_0.50,nuts_D_0.75,nuts_D_1.00",pz,0.1,81,0.7990397805212619,0.6926561762391817,0.8950613660006732,0.934156378600823,-0.1351165980795611,False,False,False
A_mu,"mu{0.50,0.75,1.00}",3,"nuts_D_0.50,nuts_D_0.75,nuts_D_1.00",pz,1.0,81,0.803840877914952,0.6912845423878969,0.8993035490792062,0.9327846364883402,-0.12894375857338825,False,False,False
A_mu,"mu{0.50,0.75,1.00}",3,"nuts_D_0.50,nuts_D_0.75,nuts_D_1.00",pz,10.0,81,0.8209876543209876,0.7080817865310789,0.9138256343526349,0.9286694101508915,-0.10768175582990391,False,False,False
A_mu,"mu{0.50,0.75,1.00}",3,"nuts_D_0.50,nuts_D_0.75,nuts_D_1.00",tz,0.1,68,0.8167832167832167,0.6586472941758786,0.9426068791405963,0.937062937062937,-0.12027972027972023,False,False,False
A_mu,"mu{0.50,0.75,1.00}",3,"nuts_D_0.50,nuts_D_0.75,nuts_D_1.00",tz,1.0,68,0.813986013986014,0.6364879794651954,0.9419816121378621,0.9370629370629371,-0.12307692307692308,False,False,False
A_mu,"mu{0.50,0.75,1.00}",3,"nuts_D_0.50,nuts_D_0.75,nuts_D_1.00",tz,10.0,68,0.8111888111888113,0.651673972335866,0.9442088142801791,0.9272727272727272,-0.116083916083916,False,False,False
A_mu,"mu{0.50,0.75,1.00}",3,"nuts_D_0.50,nuts_D_0.75,nuts_D_1.00",pooled,0.1,149,0.7754587155963303,0.6868062461623243,0.8602746664819134,0.9011467889908257,-0.1256880733944954,False,False,False
A_mu,"mu{0.50,0.75,1.00}",3,"nuts_D_0.50,nuts_D_0.75,nuts_D_1.00",pooled,1.0,149,0.7756880733944954,0.6881450297720636,0.8576150210032744,0.8986238532110091,-0.12293577981651371,False,False,False
A_mu,"mu{0.50,0.75,1.00}",3,"nuts_D_0.50,nuts_D_0.75,nuts_D_1.00",pooled,10.0,149,0.7811926605504587,0.6930430140588061,0.8591981279008193,0.8963302752293578,-0.11513761467889916,False,False,False
A_mu,"mu{0.50,0.75,1.50}",3,"nuts_D_0.50,nuts_D_0.75,nuts_D_1.50",pz,0.1,81,0.821673525377229,0.7042646683673469,0.9129041842930732,0.934156378600823,-0.11248285322359397,False,False,False
A_mu,"mu{0.50,0.75,1.50}",3,"nuts_D_0.50,nuts_D_0.75,nuts_D_1.50",pz,1.0,81,0.8182441700960219,0.707842474489796,0.9134934715821812,0.9327846364883402,-0.1145404663923183,False,False,False
A_mu,"mu{0.50,0.75,1.50}",3,"nuts_D_0.50,nuts_D_0.75,nuts_D_1.50",pz,10.0,81,0.8209876543209876,0.7196066433566434,0.9060270522762676,0.9286694101508915,-0.10768175582990391,False,False,False
A_mu,"mu{0.50,0.75,1.50}",3,"nuts_D_0.50,nuts_D_0.75,nuts_D_1.50",tz,0.1,68,0.806993006993007,0.6481082375478928,0.9331084198385237,0.937062937062937,-0.13006993006992995,False,False,False
A_mu,"mu{0.50,0.75,1.50}",3,"nuts_D_0.50,nuts_D_0.75,nuts_D_1.50",tz,1.0,68,0.8083916083916084,0.6459222551327813,0.9411358173076924,0.9370629370629371,-0.1286713286713287,False,False,False
A_mu,"mu{0.50,0.75,1.50}",3,"nuts_D_0.50,nuts_D_0.75,nuts_D_1.50",tz,10.0,68,0.8013986013986014,0.6346232570995298,0.9312542364433812,0.9272727272727272,-0.12587412587412583,False,False,False
A_mu,"mu{0.50,0.75,1.50}",3,"nuts_D_0.50,nuts_D_0.75,nuts_D_1.50",pooled,0.1,149,0.7798165137614679,0.6830250055940926,0.8697275837916661,0.9011467889908257,-0.1213302752293578,False,False,False
A_mu,"mu{0.50,0.75,1.50}",3,"nuts_D_0.50,nuts_D_0.75,nuts_D_1.50",pooled,1.0,149,0.7786697247706421,0.6874502351097177,0.861226594478474,0.8986238532110091,-0.11995412844036701,False,False,False
A_mu,"mu{0.50,0.75,1.50}",3,"nuts_D_0.50,nuts_D_0.75,nuts_D_1.50",pooled,10.0,149,0.7747706422018349,0.6818343201393955,0.8545937790476068,0.8963302752293578,-0.12155963302752293,False,False,False
A_mu,"mu{0.50,0.75,2.00}",3,"nuts_D_0.50,nuts_D_0.75,nuts_D_2.00",pz,0.1,81,0.7880658436213992,0.67718449802516,0.8801020408163265,0.934156378600823,-0.14609053497942381,False,False,False
A_mu,"mu{0.50,0.75,2.00}",3,"nuts_D_0.50,nuts_D_0.75,nuts_D_2.00",pz,1.0,81,0.7914951989026064,0.6875945306815426,0.8857205513784462,0.9327846364883402,-0.14128943758573376,False,False,False
A_mu,"mu{0.50,0.75,2.00}",3,"nuts_D_0.50,nuts_D_0.75,nuts_D_2.00",pz,10.0,81,0.7887517146776406,0.6899261679980634,0.8806584362139918,0.9286694101508915,-0.13991769547325095,False,False,False
A_mu,"mu{0.50,0.75,2.00}",3,"nuts_D_0.50,nuts_D_0.75,nuts_D_2.00",tz,0.1,68,0.8181818181818182,0.6665869218500798,0.9440708976558033,0.937062937062937,-0.11888111888111874,False,False,False
A_mu,"mu{0.50,0.75,2.00}",3,"nuts_D_0.50,nuts_D_0.75,nuts_D_2.00",tz,1.0,68,0.8027972027972028,0.6269738594738594,0.9394321843569963,0.9370629370629371,-0.1342657342657343,False,False,False
A_mu,"mu{0.50,0.75,2.00}",3,"nuts_D_0.50,nuts_D_0.75,nuts_D_2.00",tz,10.0,68,0.7986013986013987,0.6293006993006993,0.9315640133171912,0.9272727272727272,-0.12867132867132858,False,False,False
A_mu,"mu{0.50,0.75,2.00}",3,"nuts_D_0.50,nuts_D_0.75,nuts_D_2.00",pooled,0.1,149,0.760091743119266,0.6699220672093077,0.8414727996461742,0.9011467889908257,-0.1410550458715597,False,False,False
A_mu,"mu{0.50,0.75,2.00}",3,"nuts_D_0.50,nuts_D_0.75,nuts_D_2.00",pooled,1.0,149,0.7596330275229357,0.6755162241887906,0.8426823545186376,0.8986238532110091,-0.13899082568807342,False,False,False
A_mu,"mu{0.50,0.75,2.00}",3,"nuts_D_0.50,nuts_D_0.75,nuts_D_2.00",pooled,10.0,149,0.7552752293577982,0.6684245439391883,0.8389833629103814,0.8963302752293578,-0.1410550458715596,False,False,False
A_mu,"mu{0.50,0.75,3.00}",3,"nuts_D_0.50,nuts_D_0.75,nuts_D_3.00",pz,0.1,81,0.9053497942386831,0.8341954022988506,0.960712042195093,0.934156378600823,-0.028806584362139898,False,False,False
A_mu,"mu{0.50,0.75,3.00}",3,"nuts_D_0.50,nuts_D_0.75,nuts_D_3.00",pz,1.0,81,0.9149519890260631,0.8412451298701299,0.9691395502645503,0.9327846364883402,-0.017832647462277085,False,False,False
A_mu,"mu{0.50,0.75,3.00}",3,"nuts_D_0.50,nuts_D_0.75,nuts_D_3.00",pz,10.0,81,0.911522633744856,0.8332991803278689,0.9718830038274483,0.9286694101508915,-0.01714677640603557,False,False,False
A_mu,"mu{0.50,0.75,3.00}",3,"nuts_D_0.50,nuts_D_0.75,nuts_D_3.00",tz,0.1,68,0.8951048951048951,0.7636079545454546,0.9776714513556618,0.937062937062937,-0.04195804195804187,False,False,False
A_mu,"mu{0.50,0.75,3.00}",3,"nuts_D_0.50,nuts_D_0.75,nuts_D_3.00",tz,1.0,68,0.8993006993006993,0.7751250374363582,0.9791691586921851,0.9370629370629371,-0.03776223776223775,False,False,False
A_mu,"mu{0.50,0.75,3.00}",3,"nuts_D_0.50,nuts_D_0.75,nuts_D_3.00",tz,10.0,68,0.8923076923076924,0.7687344940634414,0.976389344325787,0.9272727272727272,-0.03496503496503489,False,False,False
A_mu,"mu{0.50,0.75,3.00}",3,"nuts_D_0.50,nuts_D_0.75,nuts_D_3.00",pooled,0.1,149,0.8571100917431193,0.7864285222582637,0.9174857954545456,0.9011467889908257,-0.044036697247706424,False,False,False
A_mu,"mu{0.50,0.75,3.00}",3,"nuts_D_0.50,nuts_D_0.75,nuts_D_3.00",pooled,1.0,149,0.8665137614678898,0.8001195824928173,0.925351511538524,0.8986238532110091,-0.032110091743119296,False,False,False
A_mu,"mu{0.50,0.75,3.00}",3,"nuts_D_0.50,nuts_D_0.75,nuts_D_3.00",pooled,10.0,149,0.8633027522935779,0.788258526980519,0.9270602873892346,0.8963302752293578,-0.03302752293577993,False,False,False
A_mu,"mu{0.50,0.75,20.00}",3,"nuts_D_0.50,nuts_D_0.75,nuts_D_20.00",pz,0.1,81,0.7674897119341564,0.6590290636352982,0.8728847188592951,0.934156378600823,-0.16666666666666663,False,False,False
A_mu,"mu{0.50,0.75,20.00}",3,"nuts_D_0.50,nuts_D_0.75,nuts_D_20.00",pz,1.0,81,0.7640603566529491,0.6409847175795769,0.8636363636363636,0.9327846364883402,-0.16872427983539107,False,False,False
A_mu,"mu{0.50,0.75,20.00}",3,"nuts_D_0.50,nuts_D_0.75,nuts_D_20.00",pz,10.0,81,0.7613168724279834,0.6432643287869277,0.8592884822653342,0.9286694101508915,-0.16735253772290815,False,False,False
A_mu,"mu{0.50,0.75,20.00}",3,"nuts_D_0.50,nuts_D_0.75,nuts_D_20.00",tz,0.1,68,0.8041958041958042,0.6353933189655173,0.9356778309409889,0.937062937062937,-0.1328671328671328,False,False,False
A_mu,"mu{0.50,0.75,20.00}",3,"nuts_D_0.50,nuts_D_0.75,nuts_D_20.00",tz,1.0,68,0.7958041958041958,0.6296918706293707,0.9286027568922306,0.9370629370629371,-0.14125874125874127,False,False,False
A_mu,"mu{0.50,0.75,20.00}",3,"nuts_D_0.50,nuts_D_0.75,nuts_D_20.00",tz,10.0,68,0.7916083916083917,0.6101600094820433,0.9248382810474461,0.9272727272727272,-0.13566433566433556,False,False,False
A_mu,"mu{0.50,0.75,20.00}",3,"nuts_D_0.50,nuts_D_0.75,nuts_D_20.00",pooled,0.1,149,0.7619266055045871,0.6743471534653466,0.8431503166700535,0.9011467889908257,-0.13922018348623855,False,False,False
A_mu,"mu{0.50,0.75,20.00}",3,"nuts_D_0.50,nuts_D_0.75,nuts_D_20.00",pooled,1.0,149,0.7594036697247706,0.6671526950495424,0.8414658170353264,0.8986238532110091,-0.13922018348623855,False,False,False
A_mu,"mu{0.50,0.75,20.00}",3,"nuts_D_0.50,nuts_D_0.75,nuts_D_20.00",pooled,10.0,149,0.7580275229357798,0.6645300142847965,0.8426652652835518,0.8963302752293578,-0.13830275229357802,False,False,False
A_mu,"mu{0.50,1.00,1.50}",3,"nuts_D_0.50,nuts_D_1.00,nuts_D_1.50",pz,0.1,81,0.8237311385459534,0.71853197945845,0.9163756696312476,0.934156378600823,-0.11042524005486964,False,False,False
A_mu,"mu{0.50,1.00,1.50}",3,"nuts_D_0.50,nuts_D_1.00,nuts_D_1.50",pz,1.0,81,0.8168724279835391,0.7026473617756511,0.9071766469215021,0.9327846364883402,-0.1159122085048011,False,False,False
A_mu,"mu{0.50,1.00,1.50}",3,"nuts_D_0.50,nuts_D_1.00,nuts_D_1.50",pz,10.0,81,0.8148148148148148,0.706109521150356,0.908116130325587,0.9286694101508915,-0.11385459533607678,False,False,False
A_mu,"mu{0.50,1.00,1.50}",3,"nuts_D_0.50,nuts_D_1.00,nuts_D_1.50",tz,0.1,68,0.8097902097902099,0.6573162420048234,0.941992764778325,0.937062937062937,-0.1272727272727271,False,False,False
A_mu,"mu{0.50,1.00,1.50}",3,"nuts_D_0.50,nuts_D_1.00,nuts_D_1.50",tz,1.0,68,0.8097902097902098,0.6553372175141241,0.9378329029644819,0.9370629370629371,-0.12727272727272732,False,False,False
A_mu,"mu{0.50,1.00,1.50}",3,"nuts_D_0.50,nuts_D_1.00,nuts_D_1.50",tz,10.0,68,0.8055944055944055,0.6443341624262677,0.9362042154759941,0.9272727272727272,-0.12167832167832171,False,False,False
A_mu,"mu{0.50,1.00,1.50}",3,"nuts_D_0.50,nuts_D_1.00,nuts_D_1.50",pooled,0.1,149,0.7793577981651377,0.6835761780915263,0.8646959649545856,0.9011467889908257,-0.12178899082568795,False,False,False
A_mu,"mu{0.50,1.00,1.50}",3,"nuts_D_0.50,nuts_D_1.00,nuts_D_1.50",pooled,1.0,149,0.7777522935779816,0.6891490455742793,0.8599113993423456,0.8986238532110091,-0.12087155963302754,False,False,False
A_mu,"mu{0.50,1.00,1.50}",3,"nuts_D_0.50,nuts_D_1.00,nuts_D_1.50",pooled,10.0,149,0.7754587155963303,0.6891853689973159,0.8579910621221597,0.8963302752293578,-0.12087155963302754,False,False,False
A_mu,"mu{0.50,1.00,2.00}",3,"nuts_D_0.50,nuts_D_1.00,nuts_D_2.00",pz,0.1,81,0.8065843621399176,0.7075309043591411,0.8861377645707216,0.934156378600823,-0.12757201646090544,False,False,False
A_mu,"mu{0.50,1.00,2.00}",3,"nuts_D_0.50,nuts_D_1.00,nuts_D_2.00",pz,1.0,81,0.8065843621399177,0.7095401116314269,0.8897715824627369,0.9327846364883402,-0.12620027434842251,False,False,False
A_mu,"mu{0.50,1.00,2.00}",3,"nuts_D_0.50,nuts_D_1.00,nuts_D_2.00",pz,10.0,81,0.8052126200274349,0.7071295576851132,0.8925595238095237,0.9286694101508915,-0.12345679012345667,False,False,False
A_mu,"mu{0.50,1.00,2.00}",3,"nuts_D_0.50,nuts_D_1.00,nuts_D_2.00",tz,0.1,68,0.8083916083916083,0.6517113095238095,0.9409888357256778,0.937062937062937,-0.1286713286713287,False,False,False
A_mu,"mu{0.50,1.00,2.00}",3,"nuts_D_0.50,nuts_D_1.00,nuts_D_2.00",tz,1.0,68,0.8027972027972028,0.6229146141215107,0.9325515493278651,0.9370629370629371,-0.1342657342657343,False,False,False
A_mu,"mu{0.50,1.00,2.00}",3,"nuts_D_0.50,nuts_D_1.00,nuts_D_2.00",tz,10.0,68,0.7958041958041958,0.6044785499959452,0.9345122980467807,0.9272727272727272,-0.13146853146853144,False,False,False
A_mu,"mu{0.50,1.00,2.00}",3,"nuts_D_0.50,nuts_D_1.00,nuts_D_2.00",pooled,0.1,149,0.7697247706422018,0.6816444000380627,0.8508128800192643,0.9011467889908257,-0.13142201834862388,False,False,False
A_mu,"mu{0.50,1.00,2.00}",3,"nuts_D_0.50,nuts_D_1.00,nuts_D_2.00",pooled,1.0,149,0.7665137614678899,0.6753987486318094,0.8468944072442147,0.8986238532110091,-0.13211009174311927,False,False,False
A_mu,"mu{0.50,1.00,2.00}",3,"nuts_D_0.50,nuts_D_1.00,nuts_D_2.00",pooled,10.0,149,0.7642201834862384,0.6822825369668463,0.8419757967165622,0.8963302752293578,-0.13211009174311938,False,False,False
A_mu,"mu{0.50,1.00,3.00}",3,"nuts_D_0.50,nuts_D_1.00,nuts_D_3.00",pz,0.1,81,0.9026063100137174,0.8258359013867488,0.9635008818342152,0.934156378600823,-0.03155006858710563,False,False,False
A_mu,"mu{0.50,1.00,3.00}",3,"nuts_D_0.50,nuts_D_1.00,nuts_D_3.00",pz,1.0,81,0.9080932784636488,0.8295086614949707,0.9678506744519233,0.9327846364883402,-0.024691358024691357,False,False,False
A_mu,"mu{0.50,1.00,3.00}",3,"nuts_D_0.50,nuts_D_1.00,nuts_D_3.00",pz,10.0,81,0.9046639231824416,0.8216782017707944,0.9650360750360751,0.9286694101508915,-0.02400548696844995,False,False,False
A_mu,"mu{0.50,1.00,3.00}",3,"nuts_D_0.50,nuts_D_1.00,nuts_D_3.00",tz,0.1,68,0.897902097902098,0.7830851987924357,0.9775883380080296,0.937062937062937,-0.03916083916083901,False,False,False
A_mu,"mu{0.50,1.00,3.00}",3,"nuts_D_0.50,nuts_D_1.00,nuts_D_3.00",tz,1.0,68,0.8965034965034965,0.7843590985038353,0.9789317579398158,0.9370629370629371,-0.04055944055944061,False,False,False
A_mu,"mu{0.50,1.00,3.00}",3,"nuts_D_0.50,nuts_D_1.00,nuts_D_3.00",tz,10.0,68,0.890909090909091,0.7791650132275132,0.9793315544608647,0.9272727272727272,-0.036363636363636265,False,False,False
A_mu,"mu{0.50,1.00,3.00}",3,"nuts_D_0.50,nuts_D_1.00,nuts_D_3.00",pooled,0.1,149,0.8577981651376146,0.7811123279873281,0.9221698580589253,0.9011467889908257,-0.04334862385321103,False,False,False
A_mu,"mu{0.50,1.00,3.00}",3,"nuts_D_0.50,nuts_D_1.00,nuts_D_3.00",pooled,1.0,149,0.8626146788990825,0.7869096175231495,0.9259647111336723,0.8986238532110091,-0.03600917431192663,False,False,False
A_mu,"mu{0.50,1.00,3.00}",3,"nuts_D_0.50,nuts_D_1.00,nuts_D_3.00",pooled,10.0,149,0.8623853211009175,0.7870048084881195,0.9283833048574154,0.8963302752293578,-0.03394495412844034,False,False,False
A_mu,"mu{0.50,1.00,20.00}",3,"nuts_D_0.50,nuts_D_1.00,nuts_D_20.00",pz,0.1,81,0.7880658436213992,0.6809802700216564,0.8854514824797843,0.934156378600823,-0.14609053497942381,False,False,False
A_mu,"mu{0.50,1.00,20.00}",3,"nuts_D_0.50,nuts_D_1.00,nuts_D_20.00",pz,1.0,81,0.789437585733882,0.6849505968169762,0.8890599990993239,0.9327846364883402,-0.1433470507544582,False,False,False
A_mu,"mu{0.50,1.00,20.00}",3,"nuts_D_0.50,nuts_D_1.00,nuts_D_20.00",pz,10.0,81,0.7866941015089163,0.6704811103382314,0.8905558776851944,0.9286694101508915,-0.14197530864197527,False,False,False
A_mu,"mu{0.50,1.00,20.00}",3,"nuts_D_0.50,nuts_D_1.00,nuts_D_20.00",tz,0.1,68,0.8,0.6502055921052631,0.9266354445435623,0.937062937062937,-0.13706293706293693,False,False,False
A_mu,"mu{0.50,1.00,20.00}",3,"nuts_D_0.50,nuts_D_1.00,nuts_D_20.00",tz,1.0,68,0.7972027972027972,0.6275215517241377,0.9362256164887743,0.9370629370629371,-0.1398601398601399,False,False,False
A_mu,"mu{0.50,1.00,20.00}",3,"nuts_D_0.50,nuts_D_1.00,nuts_D_20.00",tz,10.0,68,0.786013986013986,0.6181253991909729,0.9322117971482379,0.9272727272727272,-0.14125874125874127,False,False,False
A_mu,"mu{0.50,1.00,20.00}",3,"nuts_D_0.50,nuts_D_1.00,nuts_D_20.00",pooled,0.1,149,0.7754587155963303,0.6892370153024838,0.854338476795152,0.9011467889908257,-0.1256880733944954,False,False,False
A_mu,"mu{0.50,1.00,20.00}",3,"nuts_D_0.50,nuts_D_1.00,nuts_D_20.00",pooled,1.0,149,0.7704128440366972,0.682228459643996,0.8521408877030436,0.8986238532110091,-0.12821100917431194,False,False,False
A_mu,"mu{0.50,1.00,20.00}",3,"nuts_D_0.50,nuts_D_1.00,nuts_D_20.00",pooled,10.0,149,0.7694954128440367,0.683853234767869,0.8500770568994868,0.8963302752293578,-0.12683486238532116,False,False,False
A_mu,"mu{0.50,1.50,2.00}",3,"nuts_D_0.50,nuts_D_1.50,nuts_D_2.00",pz,0.1,81,0.823045267489712,0.7162866924615251,0.9083566904793321,0.934156378600823,-0.11111111111111105,False,False,False
A_mu,"mu{0.50,1.50,2.00}",3,"nuts_D_0.50,nuts_D_1.50,nuts_D_2.00",pz,1.0,81,0.8209876543209877,0.7201470861604239,0.9079720133667502,0.9327846364883402,-0.11179698216735245,False,False,False
A_mu,"mu{0.50,1.50,2.00}",3,"nuts_D_0.50,nuts_D_1.50,nuts_D_2.00",pz,10.0,81,0.8196159122085047,0.7125893843201857,0.9083974448650427,0.9286694101508915,-0.10905349794238683,False,False,False
A_mu,"mu{0.50,1.50,2.00}",3,"nuts_D_0.50,nuts_D_1.50,nuts_D_2.00",tz,0.1,68,0.8097902097902098,0.6490132243935309,0.9375372023809525,0.937062937062937,-0.1272727272727272,False,False,False
A_mu,"mu{0.50,1.50,2.00}",3,"nuts_D_0.50,nuts_D_1.50,nuts_D_2.00",tz,1.0,68,0.806993006993007,0.6187803167794094,0.9327729885057472,0.9370629370629371,-0.13006993006993006,False,False,False
A_mu,"mu{0.50,1.50,2.00}",3,"nuts_D_0.50,nuts_D_1.50,nuts_D_2.00",tz,10.0,68,0.8013986013986014,0.6289411718225277,0.9409917590633051,0.9272727272727272,-0.12587412587412583,False,False,False
A_mu,"mu{0.50,1.50,2.00}",3,"nuts_D_0.50,nuts_D_1.50,nuts_D_2.00",pooled,0.1,149,0.7738532110091743,0.6846096429649062,0.8591523450865074,0.9011467889908257,-0.12729357798165142,False,False,False
A_mu,"mu{0.50,1.50,2.00}",3,"nuts_D_0.50,nuts_D_1.50,nuts_D_2.00",pooled,1.0,149,0.7713302752293578,0.6806783111474678,0.8582985958753838,0.8986238532110091,-0.1272935779816513,False,False,False
A_mu,"mu{0.50,1.50,2.00}",3,"nuts_D_0.50,nuts_D_1.50,nuts_D_2.00",pooled,10.0,149,0.7694954128440366,0.6821411012782695,0.8553837096716354,0.8963302752293578,-0.12683486238532127,False,False,False
A_mu,"mu{0.50,1.50,3.00}",3,"nuts_D_0.50,nuts_D_1.50,nuts_D_3.00",pz,0.1,81,0.9046639231824416,0.832846687211094,0.9660711214310286,0.934156378600823,-0.029492455418381414,False,False,False
A_mu,"mu{0.50,1.50,3.00}",3,"nuts_D_0.50,nuts_D_1.50,nuts_D_3.00",pz,1.0,81,0.9101508916323732,0.8340020576131687,0.9656490183792814,0.9327846364883402,-0.02263374485596703,False,False,False
A_mu,"mu{0.50,1.50,3.00}",3,"nuts_D_0.50,nuts_D_1.50,nuts_D_3.00",pz,10.0,81,0.9108367626886146,0.8380854800936768,0.9694019056004528,0.9286694101508915,-0.017832647462276974,False,False,False
A_mu,"mu{0.50,1.50,3.00}",3,"nuts_D_0.50,nuts_D_1.50,nuts_D_3.00",tz,0.1,68,0.8951048951048951,0.7741226007809493,0.9791666666666665,0.937062937062937,-0.04195804195804187,False,False,False
A_mu,"mu{0.50,1.50,3.00}",3,"nuts_D_0.50,nuts_D_1.50,nuts_D_3.00",tz,1.0,68,0.9048951048951048,0.8052620701058202,0.9811838726245506,0.9370629370629371,-0.032167832167832255,False,False,False
A_mu,"mu{0.50,1.50,3.00}",3,"nuts_D_0.50,nuts_D_1.50,nuts_D_3.00",tz,10.0,68,0.9048951048951049,0.7968132648601398,0.979169158692185,0.9272727272727272,-0.022377622377622308,False,False,False
A_mu,"mu{0.50,1.50,3.00}",3,"nuts_D_0.50,nuts_D_1.50,nuts_D_3.00",pooled,0.1,149,0.8552752293577982,0.7782205628215701,0.9213142130165156,0.9011467889908257,-0.04587155963302747,False,False,False
A_mu,"mu{0.50,1.50,3.00}",3,"nuts_D_0.50,nuts_D_1.50,nuts_D_3.00",pooled,1.0,149,0.8642201834862385,0.7955083482137563,0.9275248579974318,0.8986238532110091,-0.0344036697247706,False,False,False
A_mu,"mu{0.50,1.50,3.00}",3,"nuts_D_0.50,nuts_D_1.50,nuts_D_3.00",pooled,10.0,149,0.8646788990825688,0.7949244020536536,0.9319056289521228,0.8963302752293578,-0.031651376146789034,False,False,False
A_mu,"mu{0.50,1.50,20.00}",3,"nuts_D_0.50,nuts_D_1.50,nuts_D_20.00",pz,0.1,81,0.8251028806584361,0.7257124629932394,0.9130132008943929,0.934156378600823,-0.10905349794238695,False,False,False
A_mu,"mu{0.50,1.50,20.00}",3,"nuts_D_0.50,nuts_D_1.50,nuts_D_20.00",pz,1.0,81,0.821673525377229,0.7134674329501917,0.9084090909090909,0.9327846364883402,-0.11111111111111116,False,False,False
A_mu,"mu{0.50,1.50,20.00}",3,"nuts_D_0.50,nuts_D_1.50,nuts_D_20.00",pz,10.0,81,0.8189300411522634,0.7097228739002933,0.9163507273877294,0.9286694101508915,-0.10973936899862813,False,False,False
A_mu,"mu{0.50,1.50,20.00}",3,"nuts_D_0.50,nuts_D_1.50,nuts_D_20.00",tz,0.1,68,0.7832167832167832,0.5996997569383353,0.9186602870813397,0.937062937062937,-0.15384615384615374,False,False,False
A_mu,"mu{0.50,1.50,20.00}",3,"nuts_D_0.50,nuts_D_1.50,nuts_D_20.00",tz,1.0,68,0.7916083916083916,0.6225858385242695,0.9231132075471697,0.9370629370629371,-0.1454545454545455,False,False,False
A_mu,"mu{0.50,1.50,20.00}",3,"nuts_D_0.50,nuts_D_1.50,nuts_D_20.00",tz,10.0,68,0.7888111888111888,0.6132500000000001,0.9218693039416722,0.9272727272727272,-0.1384615384615384,False,False,False
A_mu,"mu{0.50,1.50,20.00}",3,"nuts_D_0.50,nuts_D_1.50,nuts_D_20.00",pooled,0.1,149,0.7756880733944954,0.6779842801415691,0.853132053291536,0.9011467889908257,-0.12545871559633026,False,False,False
A_mu,"mu{0.50,1.50,20.00}",3,"nuts_D_0.50,nuts_D_1.50,nuts_D_20.00",pooled,1.0,149,0.7738532110091744,0.6800150172050904,0.8622353324859513,0.8986238532110091,-0.12477064220183476,False,False,False
A_mu,"mu{0.50,1.50,20.00}",3,"nuts_D_0.50,nuts_D_1.50,nuts_D_20.00",pooled,10.0,149,0.7738532110091744,0.6823061940958308,0.8614159500409501,0.8963302752293578,-0.12247706422018345,False,False,False
A_mu,"mu{0.50,2.00,3.00}",3,"nuts_D_0.50,nuts_D_2.00,nuts_D_3.00",pz,0.1,81,0.9080932784636488,0.8314357864357864,0.9622881470651938,0.934156378600823,-0.026063100137174167,False,False,False
A_mu,"mu{0.50,2.00,3.00}",3,"nuts_D_0.50,nuts_D_2.00,nuts_D_3.00",pz,1.0,81,0.924554183813443,0.8559662063193136,0.9750788126967374,0.9327846364883402,-0.008230452674897193,False,False,False
A_mu,"mu{0.50,2.00,3.00}",3,"nuts_D_0.50,nuts_D_2.00,nuts_D_3.00",pz,10.0,81,0.9190672153635117,0.8426471505175208,0.975997577786655,0.9286694101508915,-0.009602194787379892,False,False,False
A_mu,"mu{0.50,2.00,3.00}",3,"nuts_D_0.50,nuts_D_2.00,nuts_D_3.00",tz,0.1,68,0.8951048951048952,0.7342424242424243,0.9907415417147252,0.937062937062937,-0.04195804195804176,False,False,False
A_mu,"mu{0.50,2.00,3.00}",3,"nuts_D_0.50,nuts_D_2.00,nuts_D_3.00",tz,1.0,68,0.9062937062937064,0.7663947510822511,1.0,0.9370629370629371,-0.03076923076923066,False,False,False
A_mu,"mu{0.50,2.00,3.00}",3,"nuts_D_0.50,nuts_D_2.00,nuts_D_3.00",tz,10.0,68,0.8937062937062937,0.7335649730386573,0.9970238095238094,0.9272727272727272,-0.03356643356643352,False,False,False
A_mu,"mu{0.50,2.00,3.00}",3,"nuts_D_0.50,nuts_D_2.00,nuts_D_3.00",pooled,0.1,149,0.8658256880733944,0.787229008204072,0.9294469127363864,0.9011467889908257,-0.035321100917431236,False,False,False
A_mu,"mu{0.50,2.00,3.00}",3,"nuts_D_0.50,nuts_D_2.00,nuts_D_3.00",pooled,1.0,149,0.8708715596330275,0.7999320492268501,0.9351064555703809,0.8986238532110091,-0.02775229357798159,False,False,False
A_mu,"mu{0.50,2.00,3.00}",3,"nuts_D_0.50,nuts_D_2.00,nuts_D_3.00",pooled,10.0,149,0.8685779816513761,0.7941142195991334,0.9326583669887437,0.8963302752293578,-0.0277522935779817,False,False,False
A_mu,"mu{0.50,2.00,20.00}",3,"nuts_D_0.50,nuts_D_2.00,nuts_D_20.00",pz,0.1,81,0.7640603566529492,0.6658359032272076,0.8574164408113306,0.934156378600823,-0.17009602194787377,False,True,False
A_mu,"mu{0.50,2.00,20.00}",3,"nuts_D_0.50,nuts_D_2.00,nuts_D_20.00",pz,1.0,81,0.7805212620027435,0.6803174232555853,0.8698194054201034,0.9327846364883402,-0.15226337448559668,False,False,False
A_mu,"mu{0.50,2.00,20.00}",3,"nuts_D_0.50,nuts_D_2.00,nuts_D_20.00",pz,10.0,81,0.7812071330589849,0.6754070404151024,0.875541958041958,0.9286694101508915,-0.14746227709190662,False,False,False
A_mu,"mu{0.50,2.00,20.00}",3,"nuts_D_0.50,nuts_D_2.00,nuts_D_20.00",tz,0.1,68,0.7986013986013986,0.6235091457336523,0.928683712121212,0.937062937062937,-0.1384615384615384,False,False,False
A_mu,"mu{0.50,2.00,20.00}",3,"nuts_D_0.50,nuts_D_2.00,nuts_D_20.00",tz,1.0,68,0.7958041958041958,0.6223426573426575,0.927252944188428,0.9370629370629371,-0.14125874125874127,False,False,False
A_mu,"mu{0.50,2.00,20.00}",3,"nuts_D_0.50,nuts_D_2.00,nuts_D_20.00",tz,10.0,68,0.7916083916083917,0.6324363425925926,0.9283086253369273,0.9272727272727272,-0.13566433566433556,False,False,False
A_mu,"mu{0.50,2.00,20.00}",3,"nuts_D_0.50,nuts_D_2.00,nuts_D_20.00",pooled,0.1,149,0.7502293577981651,0.6562084053038001,0.8396612355586913,0.9011467889908257,-0.15091743119266054,False,False,False
A_mu,"mu{0.50,2.00,20.00}",3,"nuts_D_0.50,nuts_D_2.00,nuts_D_20.00",pooled,1.0,149,0.7454128440366973,0.6595378564405113,0.8322331165854365,0.8986238532110091,-0.15321100917431185,False,False,False
A_mu,"mu{0.50,2.00,20.00}",3,"nuts_D_0.50,nuts_D_2.00,nuts_D_20.00",pooled,10.0,149,0.7465596330275229,0.6590953594691913,0.8308011313547765,0.8963302752293578,-0.1497706422018349,False,False,False
A_mu,"mu{0.50,3.00,20.00}",3,"nuts_D_0.50,nuts_D_3.00,nuts_D_20.00",pz,0.1,81,0.9039780521262003,0.8284660779856619,0.9607181677018634,0.934156378600823,-0.030178326474622708,False,False,False
A_mu,"mu{0.50,3.00,20.00}",3,"nuts_D_0.50,nuts_D_3.00,nuts_D_20.00",pz,1.0,81,0.9156378600823045,0.8454824805339265,0.9722380952380952,0.9327846364883402,-0.01714677640603568,False,False,False
A_mu,"mu{0.50,3.00,20.00}",3,"nuts_D_0.50,nuts_D_3.00,nuts_D_20.00",pz,10.0,81,0.9122085048010975,0.8325863204822755,0.9682712215320911,0.9286694101508915,-0.016460905349794053,False,False,False
A_mu,"mu{0.50,3.00,20.00}",3,"nuts_D_0.50,nuts_D_3.00,nuts_D_20.00",tz,0.1,68,0.8937062937062937,0.7860951213445616,0.9761913086913087,0.937062937062937,-0.04335664335664324,False,False,False
A_mu,"mu{0.50,3.00,20.00}",3,"nuts_D_0.50,nuts_D_3.00,nuts_D_20.00",tz,1.0,68,0.9062937062937063,0.8,0.9804403409090909,0.9370629370629371,-0.03076923076923077,False,False,False
A_mu,"mu{0.50,3.00,20.00}",3,"nuts_D_0.50,nuts_D_3.00,nuts_D_20.00",tz,10.0,68,0.9048951048951049,0.8120425389983579,0.977405756867329,0.9272727272727272,-0.022377622377622308,False,False,False
A_mu,"mu{0.50,3.00,20.00}",3,"nuts_D_0.50,nuts_D_3.00,nuts_D_20.00",pooled,0.1,149,0.8766055045871559,0.80937794266812,0.9355209580275923,0.9011467889908257,-0.02454128440366976,False,False,False
A_mu,"mu{0.50,3.00,20.00}",3,"nuts_D_0.50,nuts_D_3.00,nuts_D_20.00",pooled,1.0,149,0.8809633027522936,0.8068797953964194,0.939090123958545,0.8986238532110091,-0.017660550458715507,False,False,False
A_mu,"mu{0.50,3.00,20.00}",3,"nuts_D_0.50,nuts_D_3.00,nuts_D_20.00",pooled,10.0,149,0.8802752293577981,0.8106754820337015,0.9380140692640692,0.8963302752293578,-0.016055045871559703,False,False,False
A_mu,"mu{0.75,1.00,1.50}",3,"nuts_D_0.75,nuts_D_1.00,nuts_D_1.50",pz,0.1,81,0.8203017832647461,0.7090598678393597,0.9111190476190476,0.934156378600823,-0.11385459533607689,False,False,False
A_mu,"mu{0.75,1.00,1.50}",3,"nuts_D_0.75,nuts_D_1.00,nuts_D_1.50",pz,1.0,81,0.816872427983539,0.7065123005724029,0.9118961217109366,0.9327846364883402,-0.11591220850480122,False,False,False
A_mu,"mu{0.75,1.00,1.50}",3,"nuts_D_0.75,nuts_D_1.00,nuts_D_1.50",pz,10.0,81,0.8079561042524005,0.6967156862745097,0.9029732943501296,0.9286694101508915,-0.12071330589849105,False,False,False
A_mu,"mu{0.75,1.00,1.50}",3,"nuts_D_0.75,nuts_D_1.00,nuts_D_1.50",tz,0.1,68,0.7972027972027972,0.6442753381486934,0.9159058129370629,0.937062937062937,-0.1398601398601398,False,False,False
A_mu,"mu{0.75,1.00,1.50}",3,"nuts_D_0.75,nuts_D_1.00,nuts_D_1.50",tz,1.0,68,0.7972027972027972,0.6209638047138047,0.9259627894873796,0.9370629370629371,-0.1398601398601399,False,False,False
A_mu,"mu{0.75,1.00,1.50}",3,"nuts_D_0.75,nuts_D_1.00,nuts_D_1.50",tz,10.0,68,0.7972027972027972,0.6276097364584015,0.9270497427101201,0.9272727272727272,-0.13006993006993006,False,False,False
A_mu,"mu{0.75,1.00,1.50}",3,"nuts_D_0.75,nuts_D_1.00,nuts_D_1.50",pooled,0.1,149,0.7727064220183486,0.6874538372240663,0.8543127705627706,0.9011467889908257,-0.12844036697247707,False,False,False
A_mu,"mu{0.75,1.00,1.50}",3,"nuts_D_0.75,nuts_D_1.00,nuts_D_1.50",pooled,1.0,149,0.7711009174311927,0.6827409372236959,0.8484784942014187,0.8986238532110091,-0.12752293577981644,False,False,False
A_mu,"mu{0.75,1.00,1.50}",3,"nuts_D_0.75,nuts_D_1.00,nuts_D_1.50",pooled,10.0,149,0.7688073394495413,0.671813488871011,0.8493383070508128,0.8963302752293578,-0.12752293577981655,False,False,False
A_mu,"mu{0.75,1.00,2.00}",3,"nuts_D_0.75,nuts_D_1.00,nuts_D_2.00",pz,0.1,81,0.8127572016460904,0.7143430579779082,0.8998463395199113,0.934156378600823,-0.12139917695473257,False,False,False
A_mu,"mu{0.75,1.00,2.00}",3,"nuts_D_0.75,nuts_D_1.00,nuts_D_2.00",pz,1.0,81,0.8155006858710563,0.721664849393485,0.9029782481669275,0.9327846364883402,-0.11728395061728392,False,False,False
A_mu,"mu{0.75,1.00,2.00}",3,"nuts_D_0.75,nuts_D_1.00,nuts_D_2.00",pz,10.0,81,0.8168724279835391,0.7207494351408825,0.9059939644749705,0.9286694101508915,-0.11179698216735245,False,False,False
A_mu,"mu{0.75,1.00,2.00}",3,"nuts_D_0.75,nuts_D_1.00,nuts_D_2.00",tz,0.1,68,0.8027972027972028,0.6310071547001153,0.9360243055555556,0.937062937062937,-0.13426573426573418,False,False,False
A_mu,"mu{0.75,1.00,2.00}",3,"nuts_D_0.75,nuts_D_1.00,nuts_D_2.00",tz,1.0,68,0.7944055944055946,0.6041950757575758,0.9346116515418598,0.9370629370629371,-0.14265734265734253,False,False,False
A_mu,"mu{0.75,1.00,2.00}",3,"nuts_D_0.75,nuts_D_1.00,nuts_D_2.00",tz,10.0,68,0.7860139860139861,0.6108327833690811,0.9272492784992784,0.9272727272727272,-0.14125874125874116,False,False,False
A_mu,"mu{0.75,1.00,2.00}",3,"nuts_D_0.75,nuts_D_1.00,nuts_D_2.00",pooled,0.1,149,0.7621559633027523,0.6744142782504852,0.8492303382896794,0.9011467889908257,-0.13899082568807342,False,False,False
A_mu,"mu{0.75,1.00,2.00}",3,"nuts_D_0.75,nuts_D_1.00,nuts_D_2.00",pooled,1.0,149,0.7607798165137614,0.6729285206258891,0.8419374936425593,0.8986238532110091,-0.13784403669724776,False,False,False
A_mu,"mu{0.75,1.00,2.00}",3,"nuts_D_0.75,nuts_D_1.00,nuts_D_2.00",pooled,10.0,149,0.7587155963302753,0.6741938920875681,0.838856765808326,0.8963302752293578,-0.13761467889908252,False,False,False
A_mu,"mu{0.75,1.00,3.00}",3,"nuts_D_0.75,nuts_D_1.00,nuts_D_3.00",pz,0.1,81,0.9026063100137174,0.8285467980295566,0.9630262391916523,0.934156378600823,-0.03155006858710563,False,False,False
A_mu,"mu{0.75,1.00,3.00}",3,"nuts_D_0.75,nuts_D_1.00,nuts_D_3.00",pz,1.0,81,0.9122085048010974,0.8388151359605251,0.97304521749437,0.9327846364883402,-0.020576131687242816,False,False,False
A_mu,"mu{0.75,1.00,3.00}",3,"nuts_D_0.75,nuts_D_1.00,nuts_D_3.00",pz,10.0,81,0.9060356652949245,0.829462624439839,0.9708315595288776,0.9286694101508915,-0.02263374485596703,False,False,False
A_mu,"mu{0.75,1.00,3.00}",3,"nuts_D_0.75,nuts_D_1.00,nuts_D_3.00",tz,0.1,68,0.8881118881118881,0.7764260912698413,0.9744906864072703,0.937062937062937,-0.04895104895104885,False,False,False
A_mu,"mu{0.75,1.00,3.00}",3,"nuts_D_0.75,nuts_D_1.00,nuts_D_3.00",tz,1.0,68,0.8965034965034965,0.77735161163522,0.9818282828282828,0.9370629370629371,-0.04055944055944061,False,False,False
A_mu,"mu{0.75,1.00,3.00}",3,"nuts_D_0.75,nuts_D_1.00,nuts_D_3.00",tz,10.0,68,0.8881118881118882,0.7559702286018076,0.9757888449497446,0.9272727272727272,-0.03916083916083901,False,False,False
A_mu,"mu{0.75,1.00,3.00}",3,"nuts_D_0.75,nuts_D_1.00,nuts_D_3.00",pooled,0.1,149,0.8561926605504587,0.7839310695061107,0.9216520015393374,0.9011467889908257,-0.04495412844036695,False,False,False
A_mu,"mu{0.75,1.00,3.00}",3,"nuts_D_0.75,nuts_D_1.00,nuts_D_3.00",pooled,1.0,149,0.8626146788990826,0.7816064485652899,0.9260909090909091,0.8986238532110091,-0.03600917431192652,False,False,False
A_mu,"mu{0.75,1.00,3.00}",3,"nuts_D_0.75,nuts_D_1.00,nuts_D_3.00",pooled,10.0,149,0.8600917431192661,0.7911223370927318,0.9289481937400357,0.8963302752293578,-0.03623853211009176,False,False,False
A_mu,"mu{0.75,1.00,20.00}",3,"nuts_D_0.75,nuts_D_1.00,nuts_D_20.00",pz,0.1,81,0.7873799725651577,0.66784942680776,0.8821263482280431,0.934156378600823,-0.14677640603566533,False,False,False
A_mu,"mu{0.75,1.00,20.00}",3,"nuts_D_0.75,nuts_D_1.00,nuts_D_20.00",pz,1.0,81,0.7921810699588477,0.6880053908355797,0.8888356012520651,0.9327846364883402,-0.14060356652949246,False,False,False
A_mu,"mu{0.75,1.00,20.00}",3,"nuts_D_0.75,nuts_D_1.00,nuts_D_20.00",pz,10.0,81,0.797668038408779,0.6838717532467532,0.8913420005683433,0.9286694101508915,-0.13100137174211257,False,False,False
A_mu,"mu{0.75,1.00,20.00}",3,"nuts_D_0.75,nuts_D_1.00,nuts_D_20.00",tz,0.1,68,0.7902097902097902,0.637998098290222,0.9166666666666666,0.937062937062937,-0.14685314685314677,False,False,False
A_mu,"mu{0.75,1.00,20.00}",3,"nuts_D_0.75,nuts_D_1.00,nuts_D_20.00",tz,1.0,68,0.7776223776223776,0.5949248480972178,0.9100602079912424,0.9370629370629371,-0.15944055944055946,False,False,False
A_mu,"mu{0.75,1.00,20.00}",3,"nuts_D_0.75,nuts_D_1.00,nuts_D_20.00",tz,10.0,68,0.7678321678321679,0.6062033232410612,0.9211681547619047,0.9272727272727272,-0.15944055944055935,False,False,False
A_mu,"mu{0.75,1.00,20.00}",3,"nuts_D_0.75,nuts_D_1.00,nuts_D_20.00",pooled,0.1,149,0.7699541284403669,0.679634814726558,0.8496575079626999,0.9011467889908257,-0.13119266055045875,False,False,False
A_mu,"mu{0.75,1.00,20.00}",3,"nuts_D_0.75,nuts_D_1.00,nuts_D_20.00",pooled,1.0,149,0.7669724770642201,0.6795880864138107,0.8492371977240397,0.8986238532110091,-0.131651376146789,False,False,False
A_mu,"mu{0.75,1.00,20.00}",3,"nuts_D_0.75,nuts_D_1.00,nuts_D_20.00",pooled,10.0,149,0.7639908256880734,0.6639356150378456,0.8530426246051246,0.8963302752293578,-0.1323394495412844,False,False,False
A_mu,"mu{0.75,1.50,2.00}",3,"nuts_D_0.75,nuts_D_1.50,nuts_D_2.00",pz,0.1,81,0.8155006858710562,0.6983399109492006,0.904307881773399,0.934156378600823,-0.11865569272976684,False,False,False
A_mu,"mu{0.75,1.50,2.00}",3,"nuts_D_0.75,nuts_D_1.50,nuts_D_2.00",pz,1.0,81,0.8175582990397805,0.7127678571428572,0.909875217863548,0.9327846364883402,-0.1152263374485597,False,False,False
A_mu,"mu{0.75,1.50,2.00}",3,"nuts_D_0.75,nuts_D_1.50,nuts_D_2.00",pz,10.0,81,0.8155006858710563,0.7062164750957854,0.9027804487179487,0.9286694101508915,-0.11316872427983526,False,False,False
A_mu,"mu{0.75,1.50,2.00}",3,"nuts_D_0.75,nuts_D_1.50,nuts_D_2.00",tz,0.1,68,0.7944055944055943,0.6418154761904762,0.9327003588516747,0.937062937062937,-0.14265734265734265,False,False,False
A_mu,"mu{0.75,1.50,2.00}",3,"nuts_D_0.75,nuts_D_1.50,nuts_D_2.00",tz,1.0,68,0.7916083916083916,0.6171532927259887,0.9251035307704999,0.9370629370629371,-0.1454545454545455,False,False,False
A_mu,"mu{0.75,1.50,2.00}",3,"nuts_D_0.75,nuts_D_1.50,nuts_D_2.00",tz,10.0,68,0.7902097902097903,0.6208228668261563,0.9284402744148507,0.9272727272727272,-0.13706293706293693,False,False,False
A_mu,"mu{0.75,1.50,2.00}",3,"nuts_D_0.75,nuts_D_1.50,nuts_D_2.00",pooled,0.1,149,0.7642201834862384,0.67455900542035,0.8504327753505385,0.9011467889908257,-0.13692660550458724,False,False,False
A_mu,"mu{0.75,1.50,2.00}",3,"nuts_D_0.75,nuts_D_1.50,nuts_D_2.00",pooled,1.0,149,0.7621559633027524,0.6706418956417234,0.8425006471615194,0.8986238532110091,-0.13646788990825676,False,False,False
A_mu,"mu{0.75,1.50,2.00}",3,"nuts_D_0.75,nuts_D_1.50,nuts_D_2.00",pooled,10.0,149,0.7616972477064219,0.6697597616942874,0.8456849474120438,0.8963302752293578,-0.13463302752293593,False,False,False
A_mu,"mu{0.75,1.50,3.00}",3,"nuts_D_0.75,nuts_D_1.50,nuts_D_3.00",pz,0.1,81,0.9026063100137174,0.8296596749341419,0.9622507514713683,0.934156378600823,-0.03155006858710563,False,False,False
A_mu,"mu{0.75,1.50,3.00}",3,"nuts_D_0.75,nuts_D_1.50,nuts_D_3.00",pz,1.0,81,0.9094650205761317,0.8282938461431841,0.9699402532896447,0.9327846364883402,-0.023319615912208547,False,False,False
A_mu,"mu{0.75,1.50,3.00}",3,"nuts_D_0.75,nuts_D_1.50,nuts_D_3.00",pz,10.0,81,0.9067215363511659,0.8253474909700723,0.9666727941176471,0.9286694101508915,-0.021947873799725626,False,False,False
A_mu,"mu{0.75,1.50,3.00}",3,"nuts_D_0.75,nuts_D_1.50,nuts_D_3.00",tz,0.1,68,0.8965034965034965,0.7706560447454843,0.9789288153786104,0.937062937062937,-0.040559440559440496,False,False,False
A_mu,"mu{0.75,1.50,3.00}",3,"nuts_D_0.75,nuts_D_1.50,nuts_D_3.00",tz,1.0,68,0.9104895104895104,0.800591891168232,0.9862183908045976,0.9370629370629371,-0.02657342657342665,False,False,False
A_mu,"mu{0.75,1.50,3.00}",3,"nuts_D_0.75,nuts_D_1.50,nuts_D_3.00",tz,10.0,68,0.9034965034965036,0.7815431297813099,0.9880021431419457,0.9272727272727272,-0.02377622377622368,False,False,False
A_mu,"mu{0.75,1.50,3.00}",3,"nuts_D_0.75,nuts_D_1.50,nuts_D_3.00",pooled,0.1,149,0.8541284403669724,0.7824350360699045,0.9203688299644183,0.9011467889908257,-0.047018348623853234,False,False,False
A_mu,"mu{0.75,1.50,3.00}",3,"nuts_D_0.75,nuts_D_1.50,nuts_D_3.00",pooled,1.0,149,0.8639908256880734,0.7892475929827437,0.9276888603765264,0.8986238532110091,-0.03463302752293573,False,False,False
A_mu,"mu{0.75,1.50,3.00}",3,"nuts_D_0.75,nuts_D_1.50,nuts_D_3.00",pooled,10.0,149,0.8626146788990826,0.792164613772735,0.9215938346883469,0.8963302752293578,-0.03371559633027521,False,False,False
A_mu,"mu{0.75,1.50,20.00}",3,"nuts_D_0.75,nuts_D_1.50,nuts_D_20.00",pz,0.1,81,0.8148148148148148,0.7031025480367585,0.9051615684093438,0.934156378600823,-0.11934156378600824,False,False,False
A_mu,"mu{0.75,1.50,20.00}",3,"nuts_D_0.75,nuts_D_1.50,nuts_D_20.00",pz,1.0,81,0.8141289437585734,0.7031484257871063,0.9043272293743991,0.9327846364883402,-0.11865569272976684,False,False,False
A_mu,"mu{0.75,1.50,20.00}",3,"nuts_D_0.75,nuts_D_1.50,nuts_D_20.00",pz,10.0,81,0.8127572016460904,0.713276822457378,0.9042297979797979,0.9286694101508915,-0.1159122085048011,False,False,False
A_mu,"mu{0.75,1.50,20.00}",3,"nuts_D_0.75,nuts_D_1.50,nuts_D_20.00",tz,0.1,68,0.7706293706293706,0.5969840218926554,0.9055645161290322,0.937062937062937,-0.16643356643356633,False,False,False
A_mu,"mu{0.75,1.50,20.00}",3,"nuts_D_0.75,nuts_D_1.50,nuts_D_20.00",tz,1.0,68,0.7916083916083916,0.6263962513726664,0.9246739730682638,0.9370629370629371,-0.1454545454545455,False,False,False
A_mu,"mu{0.75,1.50,20.00}",3,"nuts_D_0.75,nuts_D_1.50,nuts_D_20.00",tz,10.0,68,0.7846153846153845,0.6226358165256994,0.9207755912692783,0.9272727272727272,-0.14265734265734276,False,False,False
A_mu,"mu{0.75,1.50,20.00}",3,"nuts_D_0.75,nuts_D_1.50,nuts_D_20.00",pooled,0.1,149,0.7681192660550459,0.6709244578093676,0.8499007553286887,0.9011467889908257,-0.1330275229357798,False,False,False
A_mu,"mu{0.75,1.50,20.00}",3,"nuts_D_0.75,nuts_D_1.50,nuts_D_20.00",pooled,1.0,149,0.7685779816513761,0.6791998389940462,0.8574291353709624,0.8986238532110091,-0.130045871559633,False,False,False
A_mu,"mu{0.75,1.50,20.00}",3,"nuts_D_0.75,nuts_D_1.50,nuts_D_20.00",pooled,10.0,149,0.7681192660550459,0.6739024943666521,0.8526469890943575,0.8963302752293578,-0.12821100917431194,False,False,False
A_mu,"mu{0.75,2.00,3.00}",3,"nuts_D_0.75,nuts_D_2.00,nuts_D_3.00",pz,0.1,81,0.9046639231824416,0.831268020708881,0.9622620018731682,0.934156378600823,-0.029492455418381414,False,False,False
A_mu,"mu{0.75,2.00,3.00}",3,"nuts_D_0.75,nuts_D_2.00,nuts_D_3.00",pz,1.0,81,0.9170096021947873,0.8477269585253456,0.9739456202233979,0.9327846364883402,-0.01577503429355287,False,False,False
A_mu,"mu{0.75,2.00,3.00}",3,"nuts_D_0.75,nuts_D_2.00,nuts_D_3.00",pz,10.0,81,0.9197530864197532,0.8438207671957674,0.9764348667450519,0.9286694101508915,-0.008916323731138376,False,False,False
A_mu,"mu{0.75,2.00,3.00}",3,"nuts_D_0.75,nuts_D_2.00,nuts_D_3.00",tz,0.1,68,0.8979020979020979,0.7551392572944297,0.9944575471698113,0.937062937062937,-0.03916083916083912,False,False,False
A_mu,"mu{0.75,2.00,3.00}",3,"nuts_D_0.75,nuts_D_2.00,nuts_D_3.00",tz,1.0,68,0.9034965034965036,0.7543460925039872,0.9955617715617715,0.9370629370629371,-0.03356643356643352,False,False,False
A_mu,"mu{0.75,2.00,3.00}",3,"nuts_D_0.75,nuts_D_2.00,nuts_D_3.00",tz,10.0,68,0.8951048951048952,0.7320750203123589,0.9999999999999999,0.9272727272727272,-0.03216783216783203,False,False,False
A_mu,"mu{0.75,2.00,3.00}",3,"nuts_D_0.75,nuts_D_2.00,nuts_D_3.00",pooled,0.1,149,0.8649082568807339,0.788299408924409,0.9282675368377776,0.9011467889908257,-0.03623853211009176,False,False,False
A_mu,"mu{0.75,2.00,3.00}",3,"nuts_D_0.75,nuts_D_2.00,nuts_D_3.00",pooled,1.0,149,0.868348623853211,0.7863189264297207,0.9384893822393823,0.8986238532110091,-0.03027522935779814,False,False,False
A_mu,"mu{0.75,2.00,3.00}",3,"nuts_D_0.75,nuts_D_2.00,nuts_D_3.00",pooled,10.0,149,0.8697247706422018,0.7849377406005541,0.9381475354072608,0.8963302752293578,-0.026605504587156048,False,False,False
A_mu,"mu{0.75,2.00,20.00}",3,"nuts_D_0.75,nuts_D_2.00,nuts_D_20.00",pz,0.1,81,0.7860082304526748,0.6902867383512544,0.8799823346523459,0.934156378600823,-0.14814814814814825,False,False,False
A_mu,"mu{0.75,2.00,20.00}",3,"nuts_D_0.75,nuts_D_2.00,nuts_D_20.00",pz,1.0,81,0.7969821673525378,0.7043790417401529,0.8921595471521941,0.9327846364883402,-0.1358024691358024,False,False,False
A_mu,"mu{0.75,2.00,20.00}",3,"nuts_D_0.75,nuts_D_2.00,nuts_D_20.00",pz,10.0,81,0.7969821673525378,0.7035695554445554,0.8780637037406778,0.9286694101508915,-0.13168724279835375,False,False,False
A_mu,"mu{0.75,2.00,20.00}",3,"nuts_D_0.75,nuts_D_2.00,nuts_D_20.00",tz,0.1,68,0.7888111888111887,0.6203804966962861,0.9226795682387787,0.937062937062937,-0.14825174825174825,False,False,False
A_mu,"mu{0.75,2.00,20.00}",3,"nuts_D_0.75,nuts_D_2.00,nuts_D_20.00",tz,1.0,68,0.7832167832167832,0.6192166952544312,0.9177841530054645,0.9370629370629371,-0.15384615384615385,False,False,False
A_mu,"mu{0.75,2.00,20.00}",3,"nuts_D_0.75,nuts_D_2.00,nuts_D_20.00",tz,10.0,68,0.7804195804195805,0.5992063492063493,0.9231026785714286,0.9272727272727272,-0.14685314685314677,False,False,False
A_mu,"mu{0.75,2.00,20.00}",3,"nuts_D_0.75,nuts_D_2.00,nuts_D_20.00",pooled,0.1,149,0.7534403669724771,0.6543493500493109,0.8370687791557628,0.9011467889908257,-0.1477064220183486,False,False,False
A_mu,"mu{0.75,2.00,20.00}",3,"nuts_D_0.75,nuts_D_2.00,nuts_D_20.00",pooled,1.0,149,0.7552752293577982,0.6610978979383206,0.8393980451739528,0.8986238532110091,-0.1433486238532109,False,False,False
A_mu,"mu{0.75,2.00,20.00}",3,"nuts_D_0.75,nuts_D_2.00,nuts_D_20.00",pooled,10.0,149,0.755045871559633,0.6600843475004681,0.8318584437457116,0.8963302752293578,-0.14128440366972483,False,False,False
A_mu,"mu{0.75,3.00,20.00}",3,"nuts_D_0.75,nuts_D_3.00,nuts_D_20.00",pz,0.1,81,0.9032921810699588,0.828570448755634,0.9664389446760137,0.934156378600823,-0.030864197530864224,False,False,False
A_mu,"mu{0.75,3.00,20.00}",3,"nuts_D_0.75,nuts_D_3.00,nuts_D_20.00",pz,1.0,81,0.9101508916323732,0.8238044713906783,0.9707656885842793,0.9327846364883402,-0.02263374485596703,False,False,False
A_mu,"mu{0.75,3.00,20.00}",3,"nuts_D_0.75,nuts_D_3.00,nuts_D_20.00",pz,10.0,81,0.9094650205761317,0.8294006616514094,0.9748125937031484,0.9286694101508915,-0.019204389574759895,False,False,False
A_mu,"mu{0.75,3.00,20.00}",3,"nuts_D_0.75,nuts_D_3.00,nuts_D_20.00",tz,0.1,68,0.9020979020979021,0.7877450980392158,0.983050847457627,0.937062937062937,-0.03496503496503489,False,False,False
A_mu,"mu{0.75,3.00,20.00}",3,"nuts_D_0.75,nuts_D_3.00,nuts_D_20.00",tz,1.0,68,0.9118881118881119,0.8181468531468531,0.9854546403888509,0.9370629370629371,-0.025174825174825166,False,False,False
A_mu,"mu{0.75,3.00,20.00}",3,"nuts_D_0.75,nuts_D_3.00,nuts_D_20.00",tz,10.0,68,0.9132867132867133,0.8137931034482759,0.9828231507684045,0.9272727272727272,-0.013986013986013957,False,False,False
A_mu,"mu{0.75,3.00,20.00}",3,"nuts_D_0.75,nuts_D_3.00,nuts_D_20.00",pooled,0.1,149,0.8736238532110092,0.7987386117320329,0.9340579670816734,0.9011467889908257,-0.02752293577981646,False,False,False
A_mu,"mu{0.75,3.00,20.00}",3,"nuts_D_0.75,nuts_D_3.00,nuts_D_20.00",pooled,1.0,149,0.8798165137614679,0.8114686279407757,0.941362049984775,0.8986238532110091,-0.01880733944954127,False,False,False
A_mu,"mu{0.75,3.00,20.00}",3,"nuts_D_0.75,nuts_D_3.00,nuts_D_20.00",pooled,10.0,149,0.8798165137614677,0.8077968256400155,0.938938786907537,0.8963302752293578,-0.016513761467890076,False,False,False
A_mu,"mu{1.00,1.50,2.00}",3,"nuts_D_1.00,nuts_D_1.50,nuts_D_2.00",pz,0.1,81,0.8189300411522634,0.7147447230258224,0.9127822948546632,0.934156378600823,-0.11522633744855959,False,False,False
A_mu,"mu{1.00,1.50,2.00}",3,"nuts_D_1.00,nuts_D_1.50,nuts_D_2.00",pz,1.0,81,0.8182441700960219,0.717130788485607,0.9111376476630714,0.9327846364883402,-0.1145404663923183,False,False,False
A_mu,"mu{1.00,1.50,2.00}",3,"nuts_D_1.00,nuts_D_1.50,nuts_D_2.00",pz,10.0,81,0.8182441700960219,0.7053838621760161,0.9049911701831025,0.9286694101508915,-0.11042524005486964,False,False,False
A_mu,"mu{1.00,1.50,2.00}",3,"nuts_D_1.00,nuts_D_1.50,nuts_D_2.00",tz,0.1,68,0.7832167832167832,0.6237696158008658,0.9187723214285713,0.937062937062937,-0.15384615384615374,False,False,False
A_mu,"mu{1.00,1.50,2.00}",3,"nuts_D_1.00,nuts_D_1.50,nuts_D_2.00",tz,1.0,68,0.779020979020979,0.6124003189792664,0.9151477361685083,0.9370629370629371,-0.15804195804195809,False,False,False
A_mu,"mu{1.00,1.50,2.00}",3,"nuts_D_1.00,nuts_D_1.50,nuts_D_2.00",tz,10.0,68,0.7734265734265734,0.5860063844086022,0.9090909090909091,0.9272727272727272,-0.15384615384615385,False,False,False
A_mu,"mu{1.00,1.50,2.00}",3,"nuts_D_1.00,nuts_D_1.50,nuts_D_2.00",pooled,0.1,149,0.7594036697247707,0.6669044311916476,0.8483972151914438,0.9011467889908257,-0.14174311926605498,False,False,False
A_mu,"mu{1.00,1.50,2.00}",3,"nuts_D_1.00,nuts_D_1.50,nuts_D_2.00",pooled,1.0,149,0.7568807339449541,0.651269559032717,0.8399734007401534,0.8986238532110091,-0.14174311926605498,False,False,False
A_mu,"mu{1.00,1.50,2.00}",3,"nuts_D_1.00,nuts_D_1.50,nuts_D_2.00",pooled,10.0,149,0.7573394495412844,0.6615027697577477,0.8487583932212639,0.8963302752293578,-0.13899082568807342,False,False,False
A_mu,"mu{1.00,1.50,3.00}",3,"nuts_D_1.00,nuts_D_1.50,nuts_D_3.00",pz,0.1,81,0.9026063100137174,0.8173728813559322,0.9635308541520057,0.934156378600823,-0.03155006858710563,False,False,False
A_mu,"mu{1.00,1.50,3.00}",3,"nuts_D_1.00,nuts_D_1.50,nuts_D_3.00",pz,1.0,81,0.9087791495198903,0.8266365836239057,0.9707722738218094,0.9327846364883402,-0.02400548696844995,False,False,False
A_mu,"mu{1.00,1.50,3.00}",3,"nuts_D_1.00,nuts_D_1.50,nuts_D_3.00",pz,10.0,81,0.9087791495198903,0.830961522243306,0.9700255102040817,0.9286694101508915,-0.0198902606310013,False,False,False
A_mu,"mu{1.00,1.50,3.00}",3,"nuts_D_1.00,nuts_D_1.50,nuts_D_3.00",tz,0.1,68,0.8951048951048951,0.772326903638814,0.9759672619047619,0.937062937062937,-0.04195804195804187,False,False,False
A_mu,"mu{1.00,1.50,3.00}",3,"nuts_D_1.00,nuts_D_1.50,nuts_D_3.00",tz,1.0,68,0.9118881118881119,0.789060271744737,0.9888544158692185,0.9370629370629371,-0.025174825174825166,False,False,False
A_mu,"mu{1.00,1.50,3.00}",3,"nuts_D_1.00,nuts_D_1.50,nuts_D_3.00",tz,10.0,68,0.9090909090909092,0.8016904506786154,0.9895989947552447,0.9272727272727272,-0.018181818181818077,False,False,False
A_mu,"mu{1.00,1.50,3.00}",3,"nuts_D_1.00,nuts_D_1.50,nuts_D_3.00",pooled,0.1,149,0.856651376146789,0.7784962985600579,0.9239179512076708,0.9011467889908257,-0.044495412844036686,False,False,False
A_mu,"mu{1.00,1.50,3.00}",3,"nuts_D_1.00,nuts_D_1.50,nuts_D_3.00",pooled,1.0,149,0.8660550458715596,0.7948091336355579,0.9252000803067876,0.8986238532110091,-0.03256880733944956,False,False,False
A_mu,"mu{1.00,1.50,3.00}",3,"nuts_D_1.00,nuts_D_1.50,nuts_D_3.00",pooled,10.0,149,0.864908256880734,0.7871113782051282,0.9260906171679197,0.8963302752293578,-0.03142201834862379,False,False,False
A_mu,"mu{1.00,1.50,20.00}",3,"nuts_D_1.00,nuts_D_1.50,nuts_D_20.00",pz,0.1,81,0.8168724279835392,0.7129380053908355,0.9053773397052967,0.934156378600823,-0.1172839506172838,False,False,False
A_mu,"mu{1.00,1.50,20.00}",3,"nuts_D_1.00,nuts_D_1.50,nuts_D_20.00",pz,1.0,81,0.8134430727023318,0.70915020430961,0.9049995319283876,0.9327846364883402,-0.11934156378600835,False,False,False
A_mu,"mu{1.00,1.50,20.00}",3,"nuts_D_1.00,nuts_D_1.50,nuts_D_20.00",pz,10.0,81,0.8127572016460904,0.7062312593703148,0.9055948515769945,0.9286694101508915,-0.1159122085048011,False,False,False
A_mu,"mu{1.00,1.50,20.00}",3,"nuts_D_1.00,nuts_D_1.50,nuts_D_20.00",tz,0.1,68,0.7580419580419582,0.5911353740599024,0.9062510926573426,0.937062937062937,-0.1790209790209788,False,False,False
A_mu,"mu{1.00,1.50,20.00}",3,"nuts_D_1.00,nuts_D_1.50,nuts_D_20.00",tz,1.0,68,0.7762237762237763,0.5943892045454545,0.9287125492210238,0.9370629370629371,-0.16083916083916083,False,False,False
A_mu,"mu{1.00,1.50,20.00}",3,"nuts_D_1.00,nuts_D_1.50,nuts_D_20.00",tz,10.0,68,0.7650349650349652,0.5881628252262443,0.9092577734765235,0.9272727272727272,-0.1622377622377621,False,False,False
A_mu,"mu{1.00,1.50,20.00}",3,"nuts_D_1.00,nuts_D_1.50,nuts_D_20.00",pooled,0.1,149,0.7667431192660551,0.6725171247375193,0.8520844332785144,0.9011467889908257,-0.13440366972477058,False,False,False
A_mu,"mu{1.00,1.50,20.00}",3,"nuts_D_1.00,nuts_D_1.50,nuts_D_20.00",pooled,1.0,149,0.7639908256880734,0.6754059394760613,0.8566137085743899,0.8986238532110091,-0.1346330275229357,False,False,False
A_mu,"mu{1.00,1.50,20.00}",3,"nuts_D_1.00,nuts_D_1.50,nuts_D_20.00",pooled,10.0,149,0.7626146788990825,0.6691610007914238,0.8466404003323085,0.8963302752293578,-0.1337155963302753,False,False,False
A_mu,"mu{1.00,2.00,3.00}",3,"nuts_D_1.00,nuts_D_2.00,nuts_D_3.00",pz,0.1,81,0.9053497942386831,0.8314510489510489,0.9632716239919256,0.934156378600823,-0.028806584362139898,False,False,False
A_mu,"mu{1.00,2.00,3.00}",3,"nuts_D_1.00,nuts_D_2.00,nuts_D_3.00",pz,1.0,81,0.914951989026063,0.8373258377425044,0.970323276236849,0.9327846364883402,-0.017832647462277196,False,False,False
A_mu,"mu{1.00,2.00,3.00}",3,"nuts_D_1.00,nuts_D_2.00,nuts_D_3.00",pz,10.0,81,0.9197530864197531,0.8429099340353425,0.9771484420928865,0.9286694101508915,-0.008916323731138487,False,False,False
A_mu,"mu{1.00,2.00,3.00}",3,"nuts_D_1.00,nuts_D_2.00,nuts_D_3.00",tz,0.1,68,0.9020979020979021,0.7606258841762857,0.9958512931034482,0.937062937062937,-0.03496503496503489,False,False,False
A_mu,"mu{1.00,2.00,3.00}",3,"nuts_D_1.00,nuts_D_2.00,nuts_D_3.00",tz,1.0,68,0.9034965034965036,0.7607609617478038,0.9999999999999999,0.9370629370629371,-0.03356643356643352,False,False,False
A_mu,"mu{1.00,2.00,3.00}",3,"nuts_D_1.00,nuts_D_2.00,nuts_D_3.00",tz,10.0,68,0.8937062937062938,0.7271342579039815,0.9968155473912051,0.9272727272727272,-0.03356643356643341,False,False,False
A_mu,"mu{1.00,2.00,3.00}",3,"nuts_D_1.00,nuts_D_2.00,nuts_D_3.00",pooled,0.1,149,0.8635321100917431,0.7824999235894615,0.9271720138980202,0.9011467889908257,-0.03761467889908254,False,False,False
A_mu,"mu{1.00,2.00,3.00}",3,"nuts_D_1.00,nuts_D_2.00,nuts_D_3.00",pooled,1.0,149,0.8681192660550459,0.7960951834862384,0.9311994483980679,0.8986238532110091,-0.03050458715596327,False,False,False
A_mu,"mu{1.00,2.00,3.00}",3,"nuts_D_1.00,nuts_D_2.00,nuts_D_3.00",pooled,10.0,149,0.8713302752293578,0.7912839055470936,0.937787126068376,0.8963302752293578,-0.025000000000000022,False,False,False
A_mu,"mu{1.00,2.00,20.00}",3,"nuts_D_1.00,nuts_D_2.00,nuts_D_20.00",pz,0.1,81,0.8203017832647462,0.7242857142857144,0.9049911701831025,0.934156378600823,-0.11385459533607678,False,False,False
A_mu,"mu{1.00,2.00,20.00}",3,"nuts_D_1.00,nuts_D_2.00,nuts_D_20.00",pz,1.0,81,0.8244170096021948,0.7229048527737861,0.9090924162044851,0.9327846364883402,-0.10836762688614543,False,False,False
A_mu,"mu{1.00,2.00,20.00}",3,"nuts_D_1.00,nuts_D_2.00,nuts_D_20.00",pz,10.0,81,0.8257887517146776,0.7284345697628124,0.906993006993007,0.9286694101508915,-0.10288065843621397,False,False,False
A_mu,"mu{1.00,2.00,20.00}",3,"nuts_D_1.00,nuts_D_2.00,nuts_D_20.00",tz,0.1,68,0.7804195804195804,0.6017981150793651,0.9258623703882324,0.937062937062937,-0.1566433566433566,False,False,False
A_mu,"mu{1.00,2.00,20.00}",3,"nuts_D_1.00,nuts_D_2.00,nuts_D_20.00",tz,1.0,68,0.7706293706293706,0.5913370998116761,0.9141071428571428,0.9370629370629371,-0.16643356643356644,False,False,False
A_mu,"mu{1.00,2.00,20.00}",3,"nuts_D_1.00,nuts_D_2.00,nuts_D_20.00",tz,10.0,68,0.7608391608391609,0.5818249692118227,0.9107451707097933,0.9272727272727272,-0.16643356643356633,False,False,False
A_mu,"mu{1.00,2.00,20.00}",3,"nuts_D_1.00,nuts_D_2.00,nuts_D_20.00",pooled,0.1,149,0.7603211009174312,0.6612380287228277,0.8492708082147737,0.9011467889908257,-0.14082568807339446,False,False,False
A_mu,"mu{1.00,2.00,20.00}",3,"nuts_D_1.00,nuts_D_2.00,nuts_D_20.00",pooled,1.0,149,0.7587155963302753,0.6640674434599669,0.8485747535296313,0.8986238532110091,-0.13990825688073383,False,False,False
A_mu,"mu{1.00,2.00,20.00}",3,"nuts_D_1.00,nuts_D_2.00,nuts_D_20.00",pooled,10.0,149,0.7580275229357797,0.6644178026629696,0.8461472309510636,0.8963302752293578,-0.13830275229357814,False,False,False
A_mu,"mu{1.00,3.00,20.00}",3,"nuts_D_1.00,nuts_D_3.00,nuts_D_20.00",pz,0.1,81,0.901920438957476,0.8257415254237288,0.9657163283811118,0.934156378600823,-0.032235939643347034,False,False,False
A_mu,"mu{1.00,3.00,20.00}",3,"nuts_D_1.00,nuts_D_3.00,nuts_D_20.00",pz,1.0,81,0.9080932784636488,0.8311339009287926,0.9714299924213717,0.9327846364883402,-0.024691358024691357,False,False,False
A_mu,"mu{1.00,3.00,20.00}",3,"nuts_D_1.00,nuts_D_3.00,nuts_D_20.00",pz,10.0,81,0.9067215363511659,0.8214175485008818,0.9690259940454169,0.9286694101508915,-0.021947873799725626,False,False,False
A_mu,"mu{1.00,3.00,20.00}",3,"nuts_D_1.00,nuts_D_3.00,nuts_D_20.00",tz,0.1,68,0.9048951048951049,0.8041122993453501,0.9832395382395382,0.937062937062937,-0.03216783216783203,False,False,False
A_mu,"mu{1.00,3.00,20.00}",3,"nuts_D_1.00,nuts_D_3.00,nuts_D_20.00",tz,1.0,68,0.9104895104895105,0.8020461309523809,0.9851273148148149,0.9370629370629371,-0.02657342657342654,False,False,False
A_mu,"mu{1.00,3.00,20.00}",3,"nuts_D_1.00,nuts_D_3.00,nuts_D_20.00",tz,10.0,68,0.9062937062937063,0.7915538707842126,0.9810398706896551,0.9272727272727272,-0.020979020979020935,False,False,False
A_mu,"mu{1.00,3.00,20.00}",3,"nuts_D_1.00,nuts_D_3.00,nuts_D_20.00",pooled,0.1,149,0.8724770642201835,0.8078898157382811,0.9346616972477064,0.9011467889908257,-0.028669724770642224,False,False,False
A_mu,"mu{1.00,3.00,20.00}",3,"nuts_D_1.00,nuts_D_3.00,nuts_D_20.00",pooled,1.0,149,0.8793577981651376,0.803157436214647,0.9390763614546633,0.8986238532110091,-0.019266055045871533,False,False,False
A_mu,"mu{1.00,3.00,20.00}",3,"nuts_D_1.00,nuts_D_3.00,nuts_D_20.00",pooled,10.0,149,0.881651376146789,0.8099893699353088,0.9396309820158505,0.8963302752293578,-0.014678899082568808,False,False,False
A_mu,"mu{1.50,2.00,3.00}",3,"nuts_D_1.50,nuts_D_2.00,nuts_D_3.00",pz,0.1,81,0.901920438957476,0.8221135831381733,0.9645372127345562,0.934156378600823,-0.032235939643347034,False,False,False
A_mu,"mu{1.50,2.00,3.00}",3,"nuts_D_1.50,nuts_D_2.00,nuts_D_3.00",pz,1.0,81,0.9142661179698217,0.8364043367346938,0.9696722416154832,0.9327846364883402,-0.01851851851851849,False,False,False
A_mu,"mu{1.50,2.00,3.00}",3,"nuts_D_1.50,nuts_D_2.00,nuts_D_3.00",pz,10.0,81,0.9183813443072701,0.8426294191919192,0.9757506364757724,0.9286694101508915,-0.010288065843621408,False,False,False
A_mu,"mu{1.50,2.00,3.00}",3,"nuts_D_1.50,nuts_D_2.00,nuts_D_3.00",tz,0.1,68,0.8937062937062937,0.7352472089314195,0.9968118271531101,0.937062937062937,-0.04335664335664324,False,False,False
A_mu,"mu{1.50,2.00,3.00}",3,"nuts_D_1.50,nuts_D_2.00,nuts_D_3.00",tz,1.0,68,0.8951048951048951,0.7376749934946656,0.9952195879759165,0.9370629370629371,-0.04195804195804198,False,False,False
A_mu,"mu{1.50,2.00,3.00}",3,"nuts_D_1.50,nuts_D_2.00,nuts_D_3.00",tz,10.0,68,0.8895104895104895,0.7224761517859829,0.9999999999999999,0.9272727272727272,-0.03776223776223775,False,False,False
A_mu,"mu{1.50,2.00,3.00}",3,"nuts_D_1.50,nuts_D_2.00,nuts_D_3.00",pooled,0.1,149,0.8605504587155963,0.7870669606294606,0.9305399906998372,0.9011467889908257,-0.04059633027522935,False,False,False
A_mu,"mu{1.50,2.00,3.00}",3,"nuts_D_1.50,nuts_D_2.00,nuts_D_3.00",pooled,1.0,149,0.8733944954128441,0.8003498453126124,0.9360529836884925,0.8986238532110091,-0.025229357798165042,False,False,False
A_mu,"mu{1.50,2.00,3.00}",3,"nuts_D_1.50,nuts_D_2.00,nuts_D_3.00",pooled,10.0,149,0.8743119266055046,0.8026201602136182,0.9345848415683901,0.8963302752293578,-0.022018348623853212,False,False,False
A_mu,"mu{1.50,2.00,20.00}",3,"nuts_D_1.50,nuts_D_2.00,nuts_D_20.00",pz,0.1,81,0.7887517146776406,0.6796210317460317,0.8843200405162064,0.934156378600823,-0.1454046639231824,False,False,False
A_mu,"mu{1.50,2.00,20.00}",3,"nuts_D_1.50,nuts_D_2.00,nuts_D_20.00",pz,1.0,81,0.7894375857338821,0.6782963659147869,0.8852764537841946,0.9327846364883402,-0.14334705075445808,False,False,False
A_mu,"mu{1.50,2.00,20.00}",3,"nuts_D_1.50,nuts_D_2.00,nuts_D_20.00",pz,10.0,81,0.7880658436213991,0.673952589807853,0.8879355558234869,0.9286694101508915,-0.14060356652949246,False,False,False
A_mu,"mu{1.50,2.00,20.00}",3,"nuts_D_1.50,nuts_D_2.00,nuts_D_20.00",tz,0.1,68,0.7216783216783217,0.5594054383116882,0.8759110891984059,0.937062937062937,-0.21538461538461529,False,False,False
A_mu,"mu{1.50,2.00,20.00}",3,"nuts_D_1.50,nuts_D_2.00,nuts_D_20.00",tz,1.0,68,0.7356643356643358,0.5594523809523809,0.8851224105461393,0.9370629370629371,-0.20139860139860133,False,False,False
A_mu,"mu{1.50,2.00,20.00}",3,"nuts_D_1.50,nuts_D_2.00,nuts_D_20.00",tz,10.0,68,0.7314685314685315,0.5637409517559558,0.8846311475409836,0.9272727272727272,-0.19580419580419572,False,False,False
A_mu,"mu{1.50,2.00,20.00}",3,"nuts_D_1.50,nuts_D_2.00,nuts_D_20.00",pooled,0.1,149,0.7027522935779816,0.6063564550714083,0.7970596548721549,0.9011467889908257,-0.19839449541284404,False,True,False
A_mu,"mu{1.50,2.00,20.00}",3,"nuts_D_1.50,nuts_D_2.00,nuts_D_20.00",pooled,1.0,149,0.7075688073394497,0.6054500926816678,0.8004009633434414,0.8986238532110091,-0.19105504587155941,False,True,False
A_mu,"mu{1.50,2.00,20.00}",3,"nuts_D_1.50,nuts_D_2.00,nuts_D_20.00",pooled,10.0,149,0.7082568807339449,0.6112661656842692,0.8075935801802409,0.8963302752293578,-0.18807339449541294,False,True,False
A_mu,"mu{1.50,3.00,20.00}",3,"nuts_D_1.50,nuts_D_3.00,nuts_D_20.00",pz,0.1,81,0.890946502057613,0.803360208118335,0.9564489347479804,0.934156378600823,-0.04320987654320996,False,False,False
A_mu,"mu{1.50,3.00,20.00}",3,"nuts_D_1.50,nuts_D_3.00,nuts_D_20.00",pz,1.0,81,0.8998628257887517,0.8220853174603175,0.9646682340647857,0.9327846364883402,-0.03292181069958855,False,False,False
A_mu,"mu{1.50,3.00,20.00}",3,"nuts_D_1.50,nuts_D_3.00,nuts_D_20.00",pz,10.0,81,0.8998628257887518,0.8216610549943885,0.9621428571428571,0.9286694101508915,-0.028806584362139787,False,False,False
A_mu,"mu{1.50,3.00,20.00}",3,"nuts_D_1.50,nuts_D_3.00,nuts_D_20.00",tz,0.1,68,0.8615384615384616,0.7589136904761904,0.9507254464285715,0.937062937062937,-0.07552447552447539,False,False,False
A_mu,"mu{1.50,3.00,20.00}",3,"nuts_D_1.50,nuts_D_3.00,nuts_D_20.00",tz,1.0,68,0.8867132867132868,0.7899920634920635,0.9609468005952381,0.9370629370629371,-0.05034965034965033,False,False,False
A_mu,"mu{1.50,3.00,20.00}",3,"nuts_D_1.50,nuts_D_3.00,nuts_D_20.00",tz,10.0,68,0.890909090909091,0.7929992188262864,0.9689807972997628,0.9272727272727272,-0.036363636363636265,False,False,False
A_mu,"mu{1.50,3.00,20.00}",3,"nuts_D_1.50,nuts_D_3.00,nuts_D_20.00",pooled,0.1,149,0.8607798165137613,0.7969131731714696,0.9213379608600197,0.9011467889908257,-0.04036697247706433,False,False,False
A_mu,"mu{1.50,3.00,20.00}",3,"nuts_D_1.50,nuts_D_3.00,nuts_D_20.00",pooled,1.0,149,0.875,0.8072704568553085,0.9343456809656738,0.8986238532110091,-0.023623853211009127,False,False,False
A_mu,"mu{1.50,3.00,20.00}",3,"nuts_D_1.50,nuts_D_3.00,nuts_D_20.00",pooled,10.0,149,0.8754587155963303,0.8077220420641473,0.9344406765345967,0.8963302752293578,-0.02087155963302756,False,False,False
A_mu,"mu{2.00,3.00,20.00}",3,"nuts_D_2.00,nuts_D_3.00,nuts_D_20.00",pz,0.1,81,0.9115226337448559,0.8294107363225011,0.9676594160556424,0.934156378600823,-0.02263374485596714,False,False,False
A_mu,"mu{2.00,3.00,20.00}",3,"nuts_D_2.00,nuts_D_3.00,nuts_D_20.00",pz,1.0,81,0.9266117969821673,0.8521281055900621,0.9801132521974307,0.9327846364883402,-0.006172839506172867,False,False,False
A_mu,"mu{2.00,3.00,20.00}",3,"nuts_D_2.00,nuts_D_3.00,nuts_D_20.00",pz,10.0,81,0.9218106995884775,0.8461290322580644,0.9814907523293005,0.9286694101508915,-0.00685871056241405,False,False,False
A_mu,"mu{2.00,3.00,20.00}",3,"nuts_D_2.00,nuts_D_3.00,nuts_D_20.00",tz,0.1,68,0.9104895104895104,0.7575671812464264,1.0,0.937062937062937,-0.02657342657342654,False,False,False
A_mu,"mu{2.00,3.00,20.00}",3,"nuts_D_2.00,nuts_D_3.00,nuts_D_20.00",tz,1.0,68,0.9216783216783218,0.7984367338236862,1.0,0.9370629370629371,-0.01538461538461533,False,False,False
A_mu,"mu{2.00,3.00,20.00}",3,"nuts_D_2.00,nuts_D_3.00,nuts_D_20.00",tz,10.0,68,0.9188811188811189,0.7958041958041958,1.0,0.9272727272727272,-0.008391608391608352,False,False,False
A_mu,"mu{2.00,3.00,20.00}",3,"nuts_D_2.00,nuts_D_3.00,nuts_D_20.00",pooled,0.1,149,0.9006880733944953,0.8380098846207964,0.9545890696704213,0.9011467889908257,-0.0004587155963303724,False,False,False
A_mu,"mu{2.00,3.00,20.00}",3,"nuts_D_2.00,nuts_D_3.00,nuts_D_20.00",pooled,1.0,149,0.903211009174312,0.8342400103240338,0.9626158109849676,0.8986238532110091,0.004587155963302836,False,False,False
A_mu,"mu{2.00,3.00,20.00}",3,"nuts_D_2.00,nuts_D_3.00,nuts_D_20.00",pooled,10.0,149,0.8995412844036698,0.8277331002331002,0.9560625996810207,0.8963302752293578,0.0032110091743119407,False,False,False
A_mu,mu_intermediate_only{0.50-2.00},5,"nuts_D_0.50,nuts_D_0.75,nuts_D_1.00,nuts_D_1.50,nuts_D_2.00",pz,0.1,81,0.821673525377229,0.7149108264693563,0.9077018633540372,0.934156378600823,-0.11248285322359397,False,False,False
A_mu,mu_intermediate_only{0.50-2.00},5,"nuts_D_0.50,nuts_D_0.75,nuts_D_1.00,nuts_D_1.50,nuts_D_2.00",pz,1.0,81,0.8182441700960219,0.7074834905660377,0.9115540915969168,0.9327846364883402,-0.1145404663923183,False,False,False
A_mu,mu_intermediate_only{0.50-2.00},5,"nuts_D_0.50,nuts_D_0.75,nuts_D_1.00,nuts_D_1.50,nuts_D_2.00",pz,10.0,81,0.8161865569272977,0.7079292496608838,0.9058284336745209,0.9286694101508915,-0.11248285322359386,False,False,False
A_mu,mu_intermediate_only{0.50-2.00},5,"nuts_D_0.50,nuts_D_0.75,nuts_D_1.00,nuts_D_1.50,nuts_D_2.00",tz,0.1,68,0.8083916083916084,0.6426981132075471,0.9423076923076923,0.937062937062937,-0.12867132867132858,False,False,False
A_mu,mu_intermediate_only{0.50-2.00},5,"nuts_D_0.50,nuts_D_0.75,nuts_D_1.00,nuts_D_1.50,nuts_D_2.00",tz,1.0,68,0.7958041958041958,0.6179858934169279,0.9440752351097178,0.9370629370629371,-0.14125874125874127,False,False,False
A_mu,mu_intermediate_only{0.50-2.00},5,"nuts_D_0.50,nuts_D_0.75,nuts_D_1.00,nuts_D_1.50,nuts_D_2.00",tz,10.0,68,0.7846153846153847,0.6115712015738499,0.9234449760765551,0.9272727272727272,-0.14265734265734253,False,False,False
A_mu,mu_intermediate_only{0.50-2.00},5,"nuts_D_0.50,nuts_D_0.75,nuts_D_1.00,nuts_D_1.50,nuts_D_2.00",pooled,0.1,149,0.7713302752293577,0.6795597959441417,0.8546893041760963,0.9011467889908257,-0.12981651376146797,False,False,False
A_mu,mu_intermediate_only{0.50-2.00},5,"nuts_D_0.50,nuts_D_0.75,nuts_D_1.00,nuts_D_1.50,nuts_D_2.00",pooled,1.0,149,0.768577981651376,0.6783623492477593,0.8498688422169729,0.8986238532110091,-0.1300458715596331,False,False,False
A_mu,mu_intermediate_only{0.50-2.00},5,"nuts_D_0.50,nuts_D_0.75,nuts_D_1.00,nuts_D_1.50,nuts_D_2.00",pooled,10.0,149,0.7701834862385321,0.6751877556914658,0.8529927109615925,0.8963302752293578,-0.12614678899082576,False,False,False
A_mu,"mu_outer_only{0.25,3.00,20.00}",3,"nuts_D_0.25,nuts_D_3.00,nuts_D_20.00",pz,0.1,81,0.9334705075445816,0.8574248498178894,0.9836242365798779,0.934156378600823,-0.000685871056241405,False,False,False
A_mu,"mu_outer_only{0.25,3.00,20.00}",3,"nuts_D_0.25,nuts_D_3.00,nuts_D_20.00",pz,1.0,81,0.929355281207133,0.8566842308838541,0.9815159158167633,0.9327846364883402,-0.003429355281207247,False,False,False
A_mu,"mu_outer_only{0.25,3.00,20.00}",3,"nuts_D_0.25,nuts_D_3.00,nuts_D_20.00",pz,10.0,81,0.9238683127572016,0.8441495261141359,0.9804642287339465,0.9286694101508915,-0.004801097393689946,False,False,False
A_mu,"mu_outer_only{0.25,3.00,20.00}",3,"nuts_D_0.25,nuts_D_3.00,nuts_D_20.00",tz,0.1,68,0.9314685314685315,0.8491626311541566,0.9927939248251748,0.937062937062937,-0.005594405594405494,False,False,False
A_mu,"mu_outer_only{0.25,3.00,20.00}",3,"nuts_D_0.25,nuts_D_3.00,nuts_D_20.00",tz,1.0,68,0.9202797202797204,0.8139530781718282,0.9916197691197691,0.9370629370629371,-0.016783216783216703,False,False,False
A_mu,"mu_outer_only{0.25,3.00,20.00}",3,"nuts_D_0.25,nuts_D_3.00,nuts_D_20.00",tz,10.0,68,0.9076923076923078,0.7984789901129945,0.9912067610062893,0.9272727272727272,-0.01958041958041945,False,False,False
A_mu,"mu_outer_only{0.25,3.00,20.00}",3,"nuts_D_0.25,nuts_D_3.00,nuts_D_20.00",pooled,0.1,149,0.9064220183486238,0.8393389764289216,0.9619505613827366,0.9011467889908257,0.005275229357798117,False,False,False
A_mu,"mu_outer_only{0.25,3.00,20.00}",3,"nuts_D_0.25,nuts_D_3.00,nuts_D_20.00",pooled,1.0,149,0.903211009174312,0.8357480781360995,0.9579280303030303,0.8986238532110091,0.004587155963302836,False,False,False
A_mu,"mu_outer_only{0.25,3.00,20.00}",3,"nuts_D_0.25,nuts_D_3.00,nuts_D_20.00",pooled,10.0,149,0.9013761467889908,0.8324985035642379,0.9571217333889352,0.8963302752293578,0.005045871559632986,False,False,False
A_mu,mu_full8,8,"nuts_D_0.25,nuts_D_0.50,nuts_D_0.75,nuts_D_1.00,nuts_D_1.50,nuts_D_2.00,nuts_D_3.00,nuts_D_20.00",pz,0.1,81,0.9211248285322359,0.8539552545155993,0.975385565198808,0.934156378600823,-0.013031550068587139,False,False,False
A_mu,mu_full8,8,"nuts_D_0.25,nuts_D_0.50,nuts_D_0.75,nuts_D_1.00,nuts_D_1.50,nuts_D_2.00,nuts_D_3.00,nuts_D_20.00",pz,1.0,81,0.9259259259259258,0.8485756050546155,0.9777898550724637,0.9327846364883402,-0.006858710562414383,False,False,False
A_mu,mu_full8,8,"nuts_D_0.25,nuts_D_0.50,nuts_D_0.75,nuts_D_1.00,nuts_D_1.50,nuts_D_2.00,nuts_D_3.00,nuts_D_20.00",pz,10.0,81,0.9135802469135802,0.8165121200635332,0.977633121336825,0.9286694101508915,-0.015089163237311354,False,False,False
A_mu,mu_full8,8,"nuts_D_0.25,nuts_D_0.50,nuts_D_0.75,nuts_D_1.00,nuts_D_1.50,nuts_D_2.00,nuts_D_3.00,nuts_D_20.00",tz,0.1,68,0.9216783216783218,0.8100953223270441,0.9981207383596338,0.937062937062937,-0.015384615384615219,False,False,False
A_mu,mu_full8,8,"nuts_D_0.25,nuts_D_0.50,nuts_D_0.75,nuts_D_1.00,nuts_D_1.50,nuts_D_2.00,nuts_D_3.00,nuts_D_20.00",tz,1.0,68,0.9230769230769231,0.8010134220618091,1.0,0.9370629370629371,-0.013986013986013957,False,False,False
A_mu,mu_full8,8,"nuts_D_0.25,nuts_D_0.50,nuts_D_0.75,nuts_D_1.00,nuts_D_1.50,nuts_D_2.00,nuts_D_3.00,nuts_D_20.00",tz,10.0,68,0.9090909090909091,0.7836538461538463,0.9973620869112673,0.9272727272727272,-0.018181818181818188,False,False,False
A_mu,mu_full8,8,"nuts_D_0.25,nuts_D_0.50,nuts_D_0.75,nuts_D_1.00,nuts_D_1.50,nuts_D_2.00,nuts_D_3.00,nuts_D_20.00",pooled,0.1,149,0.9089449541284403,0.8491181924405609,0.963254041303577,0.9011467889908257,0.0077981651376146655,False,False,False
A_mu,mu_full8,8,"nuts_D_0.25,nuts_D_0.50,nuts_D_0.75,nuts_D_1.00,nuts_D_1.50,nuts_D_2.00,nuts_D_3.00,nuts_D_20.00",pooled,1.0,149,0.9153669724770642,0.8462349597443054,0.9703083834885304,0.8986238532110091,0.016743119266055095,False,False,False
A_mu,mu_full8,8,"nuts_D_0.25,nuts_D_0.50,nuts_D_0.75,nuts_D_1.00,nuts_D_1.50,nuts_D_2.00,nuts_D_3.00,nuts_D_20.00",pooled,10.0,149,0.916743119266055,0.8568761610791963,0.9686667919799499,0.8963302752293578,0.020412844036697186,False,False,False
B_sig,sig{0.25},1,nuts_std_D_0.25,pz,0.1,81,0.8319615912208504,0.7387226729772368,0.9077088948787062,0.934156378600823,-0.10219478737997256,False,False,False
B_sig,sig{0.25},1,nuts_std_D_0.25,pz,1.0,81,0.8319615912208504,0.7367631279513,0.9106364154479675,0.9327846364883402,-0.10082304526748975,False,False,False
B_sig,sig{0.25},1,nuts_std_D_0.25,pz,10.0,81,0.8319615912208504,0.7380396275099665,0.9093308256585992,0.9286694101508915,-0.0967078189300411,False,False,False
B_sig,sig{0.25},1,nuts_std_D_0.25,tz,0.1,68,0.8727272727272728,0.7563404628158726,0.9689655172413794,0.937062937062937,-0.06433566433566418,False,False,False
B_sig,sig{0.25},1,nuts_std_D_0.25,tz,1.0,68,0.8727272727272728,0.7586174365647365,0.967273905529954,0.9370629370629371,-0.06433566433566429,False,False,False
B_sig,sig{0.25},1,nuts_std_D_0.25,tz,10.0,68,0.8727272727272728,0.7463875598086125,0.9622377622377621,0.9272727272727272,-0.05454545454545445,False,False,False
B_sig,sig{0.25},1,nuts_std_D_0.25,pooled,0.1,149,0.8440366972477065,0.7798858493281562,0.9036110441282854,0.9011467889908257,-0.05711009174311921,False,False,False
B_sig,sig{0.25},1,nuts_std_D_0.25,pooled,1.0,149,0.8440366972477065,0.7741141292738806,0.9035117910546078,0.8986238532110091,-0.05458715596330266,False,False,False
B_sig,sig{0.25},1,nuts_std_D_0.25,pooled,10.0,149,0.8440366972477065,0.7786564448548394,0.90419588013338,0.8963302752293578,-0.05229357798165135,False,False,False
B_sig,sig{0.50},1,nuts_std_D_0.50,pz,0.1,81,0.8209876543209876,0.7182480281207133,0.9034963012327573,0.934156378600823,-0.11316872427983538,False,False,False
B_sig,sig{0.50},1,nuts_std_D_0.50,pz,1.0,81,0.8209876543209876,0.7194637975193532,0.9100519175895923,0.9327846364883402,-0.11179698216735257,False,False,False
B_sig,sig{0.50},1,nuts_std_D_0.50,pz,10.0,81,0.8209876543209876,0.7219375325092555,0.9072100313479623,0.9286694101508915,-0.10768175582990391,False,False,False
B_sig,sig{0.50},1,nuts_std_D_0.50,tz,0.1,68,0.8881118881118881,0.7714267814835064,0.9736346516007532,0.937062937062937,-0.04895104895104885,False,False,False
B_sig,sig{0.50},1,nuts_std_D_0.50,tz,1.0,68,0.8881118881118881,0.7638468439455283,0.9758078420467186,0.9370629370629371,-0.04895104895104896,False,False,False
B_sig,sig{0.50},1,nuts_std_D_0.50,tz,10.0,68,0.8881118881118881,0.7777729885057472,0.9786264678717509,0.9272727272727272,-0.03916083916083912,False,False,False
B_sig,sig{0.50},1,nuts_std_D_0.50,pooled,0.1,149,0.8135321100917431,0.735873737390215,0.8809588333978577,0.9011467889908257,-0.08761467889908259,False,False,False
B_sig,sig{0.50},1,nuts_std_D_0.50,pooled,1.0,149,0.8135321100917431,0.7362385321100917,0.8850160803738262,0.8986238532110091,-0.08509174311926604,False,False,False
B_sig,sig{0.50},1,nuts_std_D_0.50,pooled,10.0,149,0.8135321100917431,0.7382920014657667,0.8797019592249855,0.8963302752293578,-0.08279816513761473,False,False,False
B_sig,sig{0.75},1,nuts_std_D_0.75,pz,0.1,81,0.8244170096021948,0.724272977022977,0.9168216211754346,0.934156378600823,-0.10973936899862824,False,False,False
B_sig,sig{0.75},1,nuts_std_D_0.75,pz,1.0,81,0.8244170096021948,0.7294054259634888,0.9085481333407371,0.9327846364883402,-0.10836762688614543,False,False,False
B_sig,sig{0.75},1,nuts_std_D_0.75,pz,10.0,81,0.8244170096021948,0.7295861678004535,0.9075900832854971,0.9286694101508915,-0.10425240054869678,False,False,False
B_sig,sig{0.75},1,nuts_std_D_0.75,tz,0.1,68,0.8643356643356643,0.731989063568011,0.9604166666666667,0.937062937062937,-0.07272727272727264,False,False,False
B_sig,sig{0.75},1,nuts_std_D_0.75,tz,1.0,68,0.8643356643356643,0.7419962335216572,0.9650967261904762,0.9370629370629371,-0.07272727272727275,False,False,False
B_sig,sig{0.75},1,nuts_std_D_0.75,tz,10.0,68,0.8643356643356643,0.748266882183908,0.9597660164161603,0.9272727272727272,-0.06293706293706292,False,False,False
B_sig,sig{0.75},1,nuts_std_D_0.75,pooled,0.1,149,0.8094036697247705,0.7320833755455936,0.8814470720720721,0.9011467889908257,-0.09174311926605516,False,False,False
B_sig,sig{0.75},1,nuts_std_D_0.75,pooled,1.0,149,0.8094036697247705,0.7322969342604299,0.8796038655413655,0.8986238532110091,-0.08922018348623861,False,False,False
B_sig,sig{0.75},1,nuts_std_D_0.75,pooled,10.0,149,0.8094036697247705,0.7310350176139649,0.876490547951854,0.8963302752293578,-0.0869266055045873,False,False,False
B_sig,sig{1.00},1,nuts_std_D_1.00,pz,0.1,81,0.8395061728395061,0.7397382221961795,0.9189002872747908,0.934156378600823,-0.09465020576131689,False,False,False
B_sig,sig{1.00},1,nuts_std_D_1.00,pz,1.0,81,0.8395061728395061,0.7414243256743257,0.9216992291334397,0.9327846364883402,-0.09327846364883408,False,False,False
B_sig,sig{1.00},1,nuts_std_D_1.00,pz,10.0,81,0.8395061728395061,0.7380464123998607,0.9252724707949435,0.9286694101508915,-0.08916323731138542,False,False,False
B_sig,sig{1.00},1,nuts_std_D_1.00,tz,0.1,68,0.8265734265734266,0.693774116375984,0.9352130074786325,0.937062937062937,-0.11048951048951039,False,False,False
B_sig,sig{1.00},1,nuts_std_D_1.00,tz,1.0,68,0.8265734265734266,0.6935143026187168,0.9378023428477149,0.9370629370629371,-0.1104895104895105,False,False,False
B_sig,sig{1.00},1,nuts_std_D_1.00,tz,10.0,68,0.8265734265734266,0.699985119047619,0.9265748422180763,0.9272727272727272,-0.10069930069930066,False,False,False
B_sig,sig{1.00},1,nuts_std_D_1.00,pooled,0.1,149,0.8002293577981652,0.7134820278908279,0.8706411592994162,0.9011467889908257,-0.1009174311926605,False,False,False
B_sig,sig{1.00},1,nuts_std_D_1.00,pooled,1.0,149,0.8002293577981652,0.7155134846567542,0.8774173272513981,0.8986238532110091,-0.09839449541284395,False,False,False
B_sig,sig{1.00},1,nuts_std_D_1.00,pooled,10.0,149,0.8002293577981652,0.7201329542725534,0.8747480539338337,0.8963302752293578,-0.09610091743119265,False,False,False
B_sig,sig{1.50},1,nuts_std_D_1.50,pz,0.1,81,0.8463648834019204,0.7519115817824644,0.9237319544063228,0.934156378600823,-0.08779149519890261,False,False,False
B_sig,sig{1.50},1,nuts_std_D_1.50,pz,1.0,81,0.8463648834019204,0.7551202708084428,0.929538667386269,0.9327846364883402,-0.0864197530864198,False,False,False
B_sig,sig{1.50},1,nuts_std_D_1.50,pz,10.0,81,0.8463648834019204,0.7403928571428572,0.9261521464646465,0.9286694101508915,-0.08230452674897115,False,False,False
B_sig,sig{1.50},1,nuts_std_D_1.50,tz,0.1,68,0.5468531468531468,0.34520089285714284,0.7241228070175438,0.937062937062937,-0.3902097902097902,False,True,False
B_sig,sig{1.50},1,nuts_std_D_1.50,tz,1.0,68,0.5468531468531468,0.35561755952380947,0.731060507482108,0.9370629370629371,-0.3902097902097903,False,True,False
B_sig,sig{1.50},1,nuts_std_D_1.50,tz,10.0,68,0.5468531468531468,0.3692138364779874,0.731465361880046,0.9272727272727272,-0.38041958041958046,False,True,False
B_sig,sig{1.50},1,nuts_std_D_1.50,pooled,0.1,149,0.7192660550458716,0.6221704142740727,0.8079905999327015,0.9011467889908257,-0.18188073394495408,False,True,False
B_sig,sig{1.50},1,nuts_std_D_1.50,pooled,1.0,149,0.7192660550458716,0.6256915167384772,0.8035689090888063,0.8986238532110091,-0.17935779816513753,False,True,False
B_sig,sig{1.50},1,nuts_std_D_1.50,pooled,10.0,149,0.7192660550458716,0.625386944209307,0.8073784341929768,0.8963302752293578,-0.17706422018348622,False,True,False
B_sig,sig{2.00},1,nuts_std_D_2.00,pz,0.1,81,0.781207133058985,0.6715516174221531,0.8890369897959184,0.934156378600823,-0.15294924554183797,False,False,False
B_sig,sig{2.00},1,nuts_std_D_2.00,pz,1.0,81,0.781207133058985,0.6704120448517,0.8852479769360312,0.9327846364883402,-0.15157750342935516,False,False,False
B_sig,sig{2.00},1,nuts_std_D_2.00,pz,10.0,81,0.781207133058985,0.6722202380952381,0.880426948051948,0.9286694101508915,-0.1474622770919065,False,False,False
B_sig,sig{2.00},1,nuts_std_D_2.00,tz,0.1,68,0.6783216783216783,0.45912478146853153,0.8616036272521178,0.937062937062937,-0.25874125874125864,False,False,False
B_sig,sig{2.00},1,nuts_std_D_2.00,tz,1.0,68,0.6783216783216783,0.4711422413793103,0.8568743911942335,0.9370629370629371,-0.25874125874125875,False,False,False
B_sig,sig{2.00},1,nuts_std_D_2.00,tz,10.0,68,0.6783216783216783,0.46132785247539343,0.8593636147269365,0.9272727272727272,-0.24895104895104891,False,False,False
B_sig,sig{2.00},1,nuts_std_D_2.00,pooled,0.1,149,0.591743119266055,0.4791319444444445,0.6977444314791986,0.9011467889908257,-0.3094036697247706,False,True,False
B_sig,sig{2.00},1,nuts_std_D_2.00,pooled,1.0,149,0.591743119266055,0.48735893995040336,0.6941834065511145,0.8986238532110091,-0.3068807339449541,False,True,False
B_sig,sig{2.00},1,nuts_std_D_2.00,pooled,10.0,149,0.591743119266055,0.49537601746702037,0.6919863835284192,0.8963302752293578,-0.30458715596330277,False,True,False
B_sig,sig{3.00},1,nuts_std_D_3.00,pz,0.1,81,0.676954732510288,0.560535008469791,0.7888516907620681,0.934156378600823,-0.257201646090535,False,True,False
B_sig,sig{3.00},1,nuts_std_D_3.00,pz,1.0,81,0.676954732510288,0.5548817509459925,0.7944640704123462,0.9327846364883402,-0.25582990397805216,False,True,False
B_sig,sig{3.00},1,nuts_std_D_3.00,pz,10.0,81,0.676954732510288,0.5509713363657155,0.7958223864258346,0.9286694101508915,-0.2517146776406035,False,True,False
B_sig,sig{3.00},1,nuts_std_D_3.00,tz,0.1,68,0.5314685314685315,0.3249768518518519,0.7277157738095238,0.937062937062937,-0.4055944055944055,False,True,False
B_sig,sig{3.00},1,nuts_std_D_3.00,tz,1.0,68,0.5314685314685315,0.33329346092503986,0.747954112997658,0.9370629370629371,-0.4055944055944056,False,True,False
B_sig,sig{3.00},1,nuts_std_D_3.00,tz,10.0,68,0.5314685314685315,0.33122049825174826,0.7313298611111111,0.9272727272727272,-0.3958041958041958,False,True,False
B_sig,sig{3.00},1,nuts_std_D_3.00,pooled,0.1,149,0.6103211009174312,0.5133796827593449,0.7117879927090454,0.9011467889908257,-0.2908256880733945,False,True,False
B_sig,sig{3.00},1,nuts_std_D_3.00,pooled,1.0,149,0.6103211009174312,0.5029492035742036,0.7107419017763845,0.8986238532110091,-0.28830275229357794,False,True,False
B_sig,sig{3.00},1,nuts_std_D_3.00,pooled,10.0,149,0.6103211009174312,0.5144522849790323,0.7064830376526015,0.8963302752293578,-0.28600917431192663,False,True,False
B_sig,sig{20.00},1,nuts_std_D_20.00,pz,0.1,81,0.7016460905349795,0.584955123266564,0.8032944302063542,0.934156378600823,-0.2325102880658435,False,True,False
B_sig,sig{20.00},1,nuts_std_D_20.00,pz,1.0,81,0.7016460905349795,0.5809471496932106,0.8073489060394046,0.9327846364883402,-0.2311385459533607,False,True,False
B_sig,sig{20.00},1,nuts_std_D_20.00,pz,10.0,81,0.7016460905349795,0.5782151428098549,0.8196379310344827,0.9286694101508915,-0.22702331961591204,False,True,False
B_sig,sig{20.00},1,nuts_std_D_20.00,tz,0.1,68,0.7748251748251749,0.6309530651340995,0.8918582940251573,0.937062937062937,-0.1622377622377621,False,False,False
B_sig,sig{20.00},1,nuts_std_D_20.00,tz,1.0,68,0.7748251748251749,0.6369629685007974,0.8951355661881978,0.9370629370629371,-0.1622377622377622,False,False,False
B_sig,sig{20.00},1,nuts_std_D_20.00,tz,10.0,68,0.7748251748251749,0.6377150718778077,0.8995334928229666,0.9272727272727272,-0.15244755244755237,False,False,False
B_sig,sig{20.00},1,nuts_std_D_20.00,pooled,0.1,149,0.7426605504587156,0.658305268899898,0.8179063196983283,0.9011467889908257,-0.15848623853211008,False,True,False
B_sig,sig{20.00},1,nuts_std_D_20.00,pooled,1.0,149,0.7426605504587156,0.6558426573426573,0.821162178786222,0.8986238532110091,-0.15596330275229353,False,True,False
B_sig,sig{20.00},1,nuts_std_D_20.00,pooled,10.0,149,0.7426605504587156,0.6589830355455356,0.8240856907343976,0.8963302752293578,-0.15366972477064222,False,False,False
B_sig,"sig{0.25,0.50}",2,"nuts_std_D_0.25,nuts_std_D_0.50",pz,0.1,81,0.8079561042524005,0.6995994427028911,0.8987119504763745,0.934156378600823,-0.12620027434842251,False,False,False
B_sig,"sig{0.25,0.50}",2,"nuts_std_D_0.25,nuts_std_D_0.50",pz,1.0,81,0.8065843621399177,0.7064404261961591,0.8933200992847732,0.9327846364883402,-0.12620027434842251,False,False,False
B_sig,"sig{0.25,0.50}",2,"nuts_std_D_0.25,nuts_std_D_0.50",pz,10.0,81,0.8031550068587106,0.6940882569077014,0.8919350215002388,0.9286694101508915,-0.125514403292181,False,False,False
B_sig,"sig{0.25,0.50}",2,"nuts_std_D_0.25,nuts_std_D_0.50",tz,0.1,68,0.855944055944056,0.7301285219970342,0.9663501794258373,0.937062937062937,-0.08111888111888099,False,False,False
B_sig,"sig{0.25,0.50}",2,"nuts_std_D_0.25,nuts_std_D_0.50",tz,1.0,68,0.8475524475524476,0.6934431154537286,0.9628106131806788,0.9370629370629371,-0.08951048951048945,False,False,False
B_sig,"sig{0.25,0.50}",2,"nuts_std_D_0.25,nuts_std_D_0.50",tz,10.0,68,0.8349650349650349,0.6741071428571429,0.9613285098522167,0.9272727272727272,-0.09230769230769231,False,False,False
B_sig,"sig{0.25,0.50}",2,"nuts_std_D_0.25,nuts_std_D_0.50",pooled,0.1,149,0.8142201834862385,0.7305701448798528,0.8774323834940686,0.9011467889908257,-0.0869266055045872,False,False,False
B_sig,"sig{0.25,0.50}",2,"nuts_std_D_0.25,nuts_std_D_0.50",pooled,1.0,149,0.8107798165137615,0.7318188508142923,0.8793055370727704,0.8986238532110091,-0.08784403669724761,False,False,False
B_sig,"sig{0.25,0.50}",2,"nuts_std_D_0.25,nuts_std_D_0.50",pooled,10.0,149,0.8071100917431192,0.7276224854170826,0.8729324170518038,0.8963302752293578,-0.08922018348623861,False,False,False
B_sig,"sig{0.25,0.75}",2,"nuts_std_D_0.25,nuts_std_D_0.75",pz,0.1,81,0.8141289437585734,0.7134621389539422,0.8969554225634849,0.934156378600823,-0.12002743484224965,False,False,False
B_sig,"sig{0.25,0.75}",2,"nuts_std_D_0.25,nuts_std_D_0.75",pz,1.0,81,0.8093278463648834,0.7064086872755454,0.8936924571224089,0.9327846364883402,-0.12345679012345678,False,False,False
B_sig,"sig{0.25,0.75}",2,"nuts_std_D_0.25,nuts_std_D_0.75",pz,10.0,81,0.8065843621399177,0.7158876097665453,0.8980645161290323,0.9286694101508915,-0.12208504801097386,False,False,False
B_sig,"sig{0.25,0.75}",2,"nuts_std_D_0.25,nuts_std_D_0.75",tz,0.1,68,0.8475524475524475,0.6978722135484431,0.9590311407048695,0.937062937062937,-0.08951048951048945,False,False,False
B_sig,"sig{0.25,0.75}",2,"nuts_std_D_0.25,nuts_std_D_0.75",tz,1.0,68,0.8419580419580419,0.7008530531968032,0.9584778350851995,0.9370629370629371,-0.09510489510489517,False,False,False
B_sig,"sig{0.25,0.75}",2,"nuts_std_D_0.25,nuts_std_D_0.75",tz,10.0,68,0.8321678321678322,0.681714783878031,0.9586635858753314,0.9272727272727272,-0.09510489510489506,False,False,False
B_sig,"sig{0.25,0.75}",2,"nuts_std_D_0.25,nuts_std_D_0.75",pooled,0.1,149,0.8169724770642202,0.7461401323305221,0.882983682983683,0.9011467889908257,-0.08417431192660552,False,False,False
B_sig,"sig{0.25,0.75}",2,"nuts_std_D_0.25,nuts_std_D_0.75",pooled,1.0,149,0.8165137614678899,0.7447640673498168,0.8838934894346088,0.8986238532110091,-0.08211009174311923,False,False,False
B_sig,"sig{0.25,0.75}",2,"nuts_std_D_0.25,nuts_std_D_0.75",pooled,10.0,149,0.8155963302752294,0.7432206978319783,0.8851869988439144,0.8963302752293578,-0.08073394495412844,False,False,False
B_sig,"sig{0.25,1.00}",2,"nuts_std_D_0.25,nuts_std_D_1.00",pz,0.1,81,0.8189300411522633,0.7218802378646069,0.9060410236625515,0.934156378600823,-0.1152263374485597,False,False,False
B_sig,"sig{0.25,1.00}",2,"nuts_std_D_0.25,nuts_std_D_1.00",pz,1.0,81,0.813443072702332,0.7095882034632034,0.8959052463198394,0.9327846364883402,-0.11934156378600824,False,False,False
B_sig,"sig{0.25,1.00}",2,"nuts_std_D_0.25,nuts_std_D_1.00",pz,10.0,81,0.813443072702332,0.7102781053895303,0.9000328947368421,0.9286694101508915,-0.11522633744855959,False,False,False
B_sig,"sig{0.25,1.00}",2,"nuts_std_D_0.25,nuts_std_D_1.00",tz,0.1,68,0.8461538461538463,0.7142857142857143,0.9607856849033318,0.937062937062937,-0.09090909090909072,False,False,False
B_sig,"sig{0.25,1.00}",2,"nuts_std_D_0.25,nuts_std_D_1.00",tz,1.0,68,0.8405594405594407,0.6913595803772755,0.9625359826307571,0.9370629370629371,-0.09650349650349643,False,False,False
B_sig,"sig{0.25,1.00}",2,"nuts_std_D_0.25,nuts_std_D_1.00",tz,10.0,68,0.8307692307692308,0.6827947719688542,0.945396164447833,0.9272727272727272,-0.09650349650349643,False,False,False
B_sig,"sig{0.25,1.00}",2,"nuts_std_D_0.25,nuts_std_D_1.00",pooled,0.1,149,0.8165137614678899,0.7393407755614541,0.8816555462885738,0.9011467889908257,-0.08463302752293578,False,False,False
B_sig,"sig{0.25,1.00}",2,"nuts_std_D_0.25,nuts_std_D_1.00",pooled,1.0,149,0.8149082568807338,0.7395413040772371,0.8854816419141914,0.8986238532110091,-0.08371559633027537,False,False,False
B_sig,"sig{0.25,1.00}",2,"nuts_std_D_0.25,nuts_std_D_1.00",pooled,10.0,149,0.8155963302752294,0.7341304777544627,0.8837296089968533,0.8963302752293578,-0.08073394495412844,False,False,False
B_sig,"sig{0.25,1.50}",2,"nuts_std_D_0.25,nuts_std_D_1.50",pz,0.1,81,0.8518518518518519,0.7642694805194806,0.9292464741757195,0.934156378600823,-0.08230452674897115,False,False,False
B_sig,"sig{0.25,1.50}",2,"nuts_std_D_0.25,nuts_std_D_1.50",pz,1.0,81,0.8525377229080933,0.7699205013093902,0.9292611315359477,0.9327846364883402,-0.08024691358024694,False,False,False
B_sig,"sig{0.25,1.50}",2,"nuts_std_D_0.25,nuts_std_D_1.50",pz,10.0,81,0.8484224965706446,0.7521790075679394,0.9232545357960118,0.9286694101508915,-0.08024691358024694,False,False,False
B_sig,"sig{0.25,1.50}",2,"nuts_std_D_0.25,nuts_std_D_1.50",tz,0.1,68,0.827972027972028,0.6874975079744815,0.9491525423728814,0.937062937062937,-0.10909090909090902,False,False,False
B_sig,"sig{0.25,1.50}",2,"nuts_std_D_0.25,nuts_std_D_1.50",tz,1.0,68,0.8433566433566433,0.7128993055555556,0.9492466822794692,0.9370629370629371,-0.0937062937062938,False,False,False
B_sig,"sig{0.25,1.50}",2,"nuts_std_D_0.25,nuts_std_D_1.50",tz,10.0,68,0.8531468531468531,0.7287723068774445,0.9586475819749681,0.9272727272727272,-0.07412587412587412,False,False,False
B_sig,"sig{0.25,1.50}",2,"nuts_std_D_0.25,nuts_std_D_1.50",pooled,0.1,149,0.8188073394495413,0.7385279987963527,0.8838397774283216,0.9011467889908257,-0.08233944954128436,False,False,False
B_sig,"sig{0.25,1.50}",2,"nuts_std_D_0.25,nuts_std_D_1.50",pooled,1.0,149,0.8194954128440366,0.748354314685797,0.8875416293727157,0.8986238532110091,-0.07912844036697253,False,False,False
B_sig,"sig{0.25,1.50}",2,"nuts_std_D_0.25,nuts_std_D_1.50",pooled,10.0,149,0.8192660550458715,0.7415739070264102,0.8854314691315593,0.8963302752293578,-0.07706422018348635,False,False,False
B_sig,"sig{0.25,2.00}",2,"nuts_std_D_0.25,nuts_std_D_2.00",pz,0.1,81,0.8113854595336076,0.7122547499670141,0.8947536251342643,0.934156378600823,-0.12277091906721538,False,False,False
B_sig,"sig{0.25,2.00}",2,"nuts_std_D_0.25,nuts_std_D_2.00",pz,1.0,81,0.812071330589849,0.7130840880431044,0.8908726461312065,0.9327846364883402,-0.12071330589849116,False,False,False
B_sig,"sig{0.25,2.00}",2,"nuts_std_D_0.25,nuts_std_D_2.00",pz,10.0,81,0.8113854595336076,0.7134295357735905,0.8921933550855766,0.9286694101508915,-0.11728395061728392,False,False,False
B_sig,"sig{0.25,2.00}",2,"nuts_std_D_0.25,nuts_std_D_2.00",tz,0.1,68,0.8503496503496504,0.6829713682543872,0.9669537407037406,0.937062937062937,-0.0867132867132866,False,False,False
B_sig,"sig{0.25,2.00}",2,"nuts_std_D_0.25,nuts_std_D_2.00",tz,1.0,68,0.8489510489510489,0.6854519774011298,0.9760771568715959,0.9370629370629371,-0.08811188811188819,False,False,False
B_sig,"sig{0.25,2.00}",2,"nuts_std_D_0.25,nuts_std_D_2.00",tz,10.0,68,0.8419580419580419,0.6812144799644799,0.9736346516007532,0.9272727272727272,-0.08531468531468533,False,False,False
B_sig,"sig{0.25,2.00}",2,"nuts_std_D_0.25,nuts_std_D_2.00",pooled,0.1,149,0.8222477064220184,0.7508238501659554,0.8886187945717648,0.9011467889908257,-0.07889908256880729,False,False,False
B_sig,"sig{0.25,2.00}",2,"nuts_std_D_0.25,nuts_std_D_2.00",pooled,1.0,149,0.8211009174311926,0.7434561630897838,0.8848760438754942,0.8986238532110091,-0.0775229357798165,False,False,False
B_sig,"sig{0.25,2.00}",2,"nuts_std_D_0.25,nuts_std_D_2.00",pooled,10.0,149,0.8206422018348624,0.745756493824925,0.8856217744546153,0.8963302752293578,-0.07568807339449546,False,False,False
B_sig,"sig{0.25,3.00}",2,"nuts_std_D_0.25,nuts_std_D_3.00",pz,0.1,81,0.7956104252400549,0.687323314291434,0.8879950341152246,0.934156378600823,-0.13854595336076814,False,False,False
B_sig,"sig{0.25,3.00}",2,"nuts_std_D_0.25,nuts_std_D_3.00",pz,1.0,81,0.8052126200274348,0.6951048951048951,0.8954508318478905,0.9327846364883402,-0.12757201646090544,False,False,False
B_sig,"sig{0.25,3.00}",2,"nuts_std_D_0.25,nuts_std_D_3.00",pz,10.0,81,0.7997256515775034,0.6978881637612566,0.891369305839908,0.9286694101508915,-0.12894375857338813,False,False,False
B_sig,"sig{0.25,3.00}",2,"nuts_std_D_0.25,nuts_std_D_3.00",tz,0.1,68,0.8363636363636364,0.6783216783216784,0.9629960317460318,0.937062937062937,-0.10069930069930055,False,False,False
B_sig,"sig{0.25,3.00}",2,"nuts_std_D_0.25,nuts_std_D_3.00",tz,1.0,68,0.8251748251748252,0.6555542264752791,0.9665177780309359,0.9370629370629371,-0.11188811188811187,False,False,False
B_sig,"sig{0.25,3.00}",2,"nuts_std_D_0.25,nuts_std_D_3.00",tz,10.0,68,0.8013986013986014,0.6060545935545936,0.9708333333333332,0.9272727272727272,-0.12587412587412583,False,False,False
B_sig,"sig{0.25,3.00}",2,"nuts_std_D_0.25,nuts_std_D_3.00",pooled,0.1,149,0.8227064220183486,0.752019586104952,0.8922133027522936,0.9011467889908257,-0.07844036697247703,False,False,False
B_sig,"sig{0.25,3.00}",2,"nuts_std_D_0.25,nuts_std_D_3.00",pooled,1.0,149,0.8151376146788991,0.72854098829084,0.8902310896835799,0.8986238532110091,-0.08348623853211001,False,False,False
B_sig,"sig{0.25,3.00}",2,"nuts_std_D_0.25,nuts_std_D_3.00",pooled,10.0,149,0.8105504587155964,0.7265267024642024,0.8900232242650397,0.8963302752293578,-0.08577981651376143,False,False,False
B_sig,"sig{0.25,20.00}",2,"nuts_std_D_0.25,nuts_std_D_20.00",pz,0.1,81,0.808641975308642,0.6983253793973128,0.896511544011544,0.934156378600823,-0.125514403292181,False,False,False
B_sig,"sig{0.25,20.00}",2,"nuts_std_D_0.25,nuts_std_D_20.00",pz,1.0,81,0.8271604938271605,0.7334078852182301,0.9084400269541778,0.9327846364883402,-0.1056241426611797,False,False,False
B_sig,"sig{0.25,20.00}",2,"nuts_std_D_0.25,nuts_std_D_20.00",pz,10.0,81,0.8305898491083676,0.7384576023391813,0.9124396700946951,0.9286694101508915,-0.09807956104252391,False,False,False
B_sig,"sig{0.25,20.00}",2,"nuts_std_D_0.25,nuts_std_D_20.00",tz,0.1,68,0.834965034965035,0.7047529200359388,0.9426068791405963,0.937062937062937,-0.10209790209790193,False,False,False
B_sig,"sig{0.25,20.00}",2,"nuts_std_D_0.25,nuts_std_D_20.00",tz,1.0,68,0.8573426573426572,0.7240228192859772,0.9603179372710623,0.9370629370629371,-0.07972027972027984,False,False,False
B_sig,"sig{0.25,20.00}",2,"nuts_std_D_0.25,nuts_std_D_20.00",tz,10.0,68,0.848951048951049,0.70765625,0.96045197740113,0.9272727272727272,-0.07832167832167825,False,False,False
B_sig,"sig{0.25,20.00}",2,"nuts_std_D_0.25,nuts_std_D_20.00",pooled,0.1,149,0.8259174311926605,0.7565256397731167,0.8868736106236107,0.9011467889908257,-0.0752293577981652,False,False,False
B_sig,"sig{0.25,20.00}",2,"nuts_std_D_0.25,nuts_std_D_20.00",pooled,1.0,149,0.8307339449541283,0.7617096081225084,0.8912191507869077,0.8986238532110091,-0.0678899082568808,False,False,False
B_sig,"sig{0.25,20.00}",2,"nuts_std_D_0.25,nuts_std_D_20.00",pooled,10.0,149,0.8293577981651375,0.7595250873546459,0.8965597836159763,0.8963302752293578,-0.06697247706422027,False,False,False
B_sig,"sig{0.50,0.75}",2,"nuts_std_D_0.50,nuts_std_D_0.75",pz,0.1,81,0.8052126200274349,0.6964702950558214,0.886868140004072,0.934156378600823,-0.12894375857338813,False,False,False
B_sig,"sig{0.50,0.75}",2,"nuts_std_D_0.50,nuts_std_D_0.75",pz,1.0,81,0.802469135802469,0.7010589278151723,0.8920603159958483,0.9327846364883402,-0.13031550068587117,False,False,False
B_sig,"sig{0.50,0.75}",2,"nuts_std_D_0.50,nuts_std_D_0.75",pz,10.0,81,0.7983539094650206,0.6894127821583179,0.8919592005375757,0.9286694101508915,-0.13031550068587094,False,False,False
B_sig,"sig{0.50,0.75}",2,"nuts_std_D_0.50,nuts_std_D_0.75",tz,0.1,68,0.8405594405594407,0.6969907407407407,0.953901631773399,0.937062937062937,-0.09650349650349632,False,False,False
B_sig,"sig{0.50,0.75}",2,"nuts_std_D_0.50,nuts_std_D_0.75",tz,1.0,68,0.8461538461538463,0.7066685823754788,0.958547743375046,0.9370629370629371,-0.09090909090909083,False,False,False
B_sig,"sig{0.50,0.75}",2,"nuts_std_D_0.50,nuts_std_D_0.75",tz,10.0,68,0.8461538461538461,0.6861813537675607,0.9625855390099126,0.9272727272727272,-0.0811188811188811,False,False,False
B_sig,"sig{0.50,0.75}",2,"nuts_std_D_0.50,nuts_std_D_0.75",pooled,0.1,149,0.7988532110091743,0.7177352507374632,0.8728659681022486,0.9011467889908257,-0.1022935779816514,False,False,False
B_sig,"sig{0.50,0.75}",2,"nuts_std_D_0.50,nuts_std_D_0.75",pooled,1.0,149,0.7974770642201835,0.7110306021891387,0.8754164376030785,0.8986238532110091,-0.10114678899082563,False,False,False
B_sig,"sig{0.50,0.75}",2,"nuts_std_D_0.50,nuts_std_D_0.75",pooled,10.0,149,0.793348623853211,0.7089928091256178,0.8642757568222909,0.8963302752293578,-0.10298165137614679,False,False,False
B_sig,"sig{0.50,1.00}",2,"nuts_std_D_0.50,nuts_std_D_1.00",pz,0.1,81,0.8148148148148148,0.7130180090904287,0.9067416356974888,0.934156378600823,-0.11934156378600824,False,False,False
B_sig,"sig{0.50,1.00}",2,"nuts_std_D_0.50,nuts_std_D_1.00",pz,1.0,81,0.8113854595336076,0.7075871058765796,0.901330905710779,0.9327846364883402,-0.12139917695473257,False,False,False
B_sig,"sig{0.50,1.00}",2,"nuts_std_D_0.50,nuts_std_D_1.00",pz,10.0,81,0.8058984910836763,0.697588349465618,0.8925438596491228,0.9286694101508915,-0.12277091906721527,False,False,False
B_sig,"sig{0.50,1.00}",2,"nuts_std_D_0.50,nuts_std_D_1.00",tz,0.1,68,0.8321678321678322,0.694828869047619,0.9500258945386063,0.937062937062937,-0.10489510489510478,False,False,False
B_sig,"sig{0.50,1.00}",2,"nuts_std_D_0.50,nuts_std_D_1.00",tz,1.0,68,0.8405594405594407,0.688054226475279,0.9613198479152427,0.9370629370629371,-0.09650349650349643,False,False,False
B_sig,"sig{0.50,1.00}",2,"nuts_std_D_0.50,nuts_std_D_1.00",tz,10.0,68,0.841958041958042,0.6838461538461539,0.9594500811688311,0.9272727272727272,-0.08531468531468522,False,False,False
B_sig,"sig{0.50,1.00}",2,"nuts_std_D_0.50,nuts_std_D_1.00",pooled,0.1,149,0.798394495412844,0.709336891700753,0.8658667998317914,0.9011467889908257,-0.10275229357798166,False,False,False
B_sig,"sig{0.50,1.00}",2,"nuts_std_D_0.50,nuts_std_D_1.00",pooled,1.0,149,0.7965596330275229,0.7183362857711145,0.8662787583026063,0.8986238532110091,-0.10206422018348627,False,False,False
B_sig,"sig{0.50,1.00}",2,"nuts_std_D_0.50,nuts_std_D_1.00",pooled,10.0,149,0.7940366972477064,0.7065595373550541,0.862606043399814,0.8963302752293578,-0.1022935779816514,False,False,False
B_sig,"sig{0.50,1.50}",2,"nuts_std_D_0.50,nuts_std_D_1.50",pz,0.1,81,0.8449931412894376,0.7528859219126247,0.9217278138528139,0.934156378600823,-0.08916323731138542,False,False,False
B_sig,"sig{0.50,1.50}",2,"nuts_std_D_0.50,nuts_std_D_1.50",pz,1.0,81,0.8422496570644719,0.7451336566659147,0.9218403406831338,0.9327846364883402,-0.09053497942386834,False,False,False
B_sig,"sig{0.50,1.50}",2,"nuts_std_D_0.50,nuts_std_D_1.50",pz,10.0,81,0.8415637860082305,0.7427096687571463,0.9202683952141577,0.9286694101508915,-0.0871056241426611,False,False,False
B_sig,"sig{0.50,1.50}",2,"nuts_std_D_0.50,nuts_std_D_1.50",tz,0.1,68,0.8377622377622378,0.6810882635882636,0.9568488383256528,0.937062937062937,-0.09930069930069918,False,False,False
B_sig,"sig{0.50,1.50}",2,"nuts_std_D_0.50,nuts_std_D_1.50",tz,1.0,68,0.8517482517482518,0.6934418718052192,0.9636600378787878,0.9370629370629371,-0.08531468531468533,False,False,False
B_sig,"sig{0.50,1.50}",2,"nuts_std_D_0.50,nuts_std_D_1.50",tz,10.0,68,0.8461538461538461,0.7036948431685274,0.958994708994709,0.9272727272727272,-0.0811188811188811,False,False,False
B_sig,"sig{0.50,1.50}",2,"nuts_std_D_0.50,nuts_std_D_1.50",pooled,0.1,149,0.8022935779816515,0.7161628733997154,0.8779845894305861,0.9011467889908257,-0.09885321100917421,False,False,False
B_sig,"sig{0.50,1.50}",2,"nuts_std_D_0.50,nuts_std_D_1.50",pooled,1.0,149,0.7993119266055045,0.7191797453494672,0.8701452599388378,0.8986238532110091,-0.09931192660550459,False,False,False
B_sig,"sig{0.50,1.50}",2,"nuts_std_D_0.50,nuts_std_D_1.50",pooled,10.0,149,0.7993119266055045,0.7171675315249485,0.8734438513166085,0.8963302752293578,-0.09701834862385328,False,False,False
B_sig,"sig{0.50,2.00}",2,"nuts_std_D_0.50,nuts_std_D_2.00",pz,0.1,81,0.8093278463648834,0.7045398428731762,0.9005179509864786,0.934156378600823,-0.1248285322359396,False,False,False
B_sig,"sig{0.50,2.00}",2,"nuts_std_D_0.50,nuts_std_D_2.00",pz,1.0,81,0.8141289437585733,0.7146776589423649,0.9000137174211249,0.9327846364883402,-0.11865569272976695,False,False,False
B_sig,"sig{0.50,2.00}",2,"nuts_std_D_0.50,nuts_std_D_2.00",pz,10.0,81,0.812071330589849,0.7098765432098766,0.8993181818181817,0.9286694101508915,-0.11659807956104251,False,False,False
B_sig,"sig{0.50,2.00}",2,"nuts_std_D_0.50,nuts_std_D_2.00",tz,0.1,68,0.841958041958042,0.6576636904761904,0.9569776714513556,0.937062937062937,-0.09510489510489495,False,False,False
B_sig,"sig{0.50,2.00}",2,"nuts_std_D_0.50,nuts_std_D_2.00",tz,1.0,68,0.8377622377622379,0.6639756944444444,0.9613285098522167,0.9370629370629371,-0.09930069930069918,False,False,False
B_sig,"sig{0.50,2.00}",2,"nuts_std_D_0.50,nuts_std_D_2.00",tz,10.0,68,0.8307692307692308,0.6299866071428571,0.9633173843700159,0.9272727272727272,-0.09650349650349643,False,False,False
B_sig,"sig{0.50,2.00}",2,"nuts_std_D_0.50,nuts_std_D_2.00",pooled,0.1,149,0.7942660550458717,0.7120980930690988,0.8685091015317821,0.9011467889908257,-0.10688073394495401,False,False,False
B_sig,"sig{0.50,2.00}",2,"nuts_std_D_0.50,nuts_std_D_2.00",pooled,1.0,149,0.7944954128440367,0.7108132139648312,0.8662672994098826,0.8986238532110091,-0.10412844036697244,False,False,False
B_sig,"sig{0.50,2.00}",2,"nuts_std_D_0.50,nuts_std_D_2.00",pooled,10.0,149,0.7944954128440367,0.7047854785478548,0.8673586676049729,0.8963302752293578,-0.10183486238532113,False,False,False
B_sig,"sig{0.50,3.00}",2,"nuts_std_D_0.50,nuts_std_D_3.00",pz,0.1,81,0.7921810699588477,0.6856184581053079,0.8827285677285677,0.934156378600823,-0.14197530864197527,False,False,False
B_sig,"sig{0.50,3.00}",2,"nuts_std_D_0.50,nuts_std_D_3.00",pz,1.0,81,0.7853223593964335,0.6826080149040749,0.8820923180592991,0.9327846364883402,-0.14746227709190673,False,False,False
B_sig,"sig{0.50,3.00}",2,"nuts_std_D_0.50,nuts_std_D_3.00",pz,10.0,81,0.7839506172839507,0.6782396495666745,0.8793905232698335,0.9286694101508915,-0.1447187928669409,False,False,False
B_sig,"sig{0.50,3.00}",2,"nuts_std_D_0.50,nuts_std_D_3.00",tz,0.1,68,0.8335664335664336,0.6797202797202797,0.9510929348429349,0.937062937062937,-0.10349650349650341,False,False,False
B_sig,"sig{0.50,3.00}",2,"nuts_std_D_0.50,nuts_std_D_3.00",tz,1.0,68,0.8363636363636364,0.6753036556603773,0.9519479755178908,0.9370629370629371,-0.10069930069930066,False,False,False
B_sig,"sig{0.50,3.00}",2,"nuts_std_D_0.50,nuts_std_D_3.00",tz,10.0,68,0.8307692307692308,0.661619763351455,0.9555753968253968,0.9272727272727272,-0.09650349650349643,False,False,False
B_sig,"sig{0.50,3.00}",2,"nuts_std_D_0.50,nuts_std_D_3.00",pooled,0.1,149,0.793348623853211,0.7170329592517529,0.8738805176858275,0.9011467889908257,-0.10779816513761464,False,False,False
B_sig,"sig{0.50,3.00}",2,"nuts_std_D_0.50,nuts_std_D_3.00",pooled,1.0,149,0.791743119266055,0.7117305486024197,0.8693380341106558,0.8986238532110091,-0.10688073394495412,False,False,False
B_sig,"sig{0.50,3.00}",2,"nuts_std_D_0.50,nuts_std_D_3.00",pooled,10.0,149,0.7892201834862386,0.6967161660856351,0.8600976305397102,0.8963302752293578,-0.10711009174311925,False,False,False
B_sig,"sig{0.50,20.00}",2,"nuts_std_D_0.50,nuts_std_D_20.00",pz,0.1,81,0.7880658436213992,0.6814593252588662,0.8845808244188292,0.934156378600823,-0.14609053497942381,False,False,False
B_sig,"sig{0.50,20.00}",2,"nuts_std_D_0.50,nuts_std_D_20.00",pz,1.0,81,0.7976680384087791,0.6823509044657999,0.8874846185397868,0.9327846364883402,-0.1351165980795611,False,False,False
B_sig,"sig{0.50,20.00}",2,"nuts_std_D_0.50,nuts_std_D_20.00",pz,10.0,81,0.8010973936899862,0.6936881977671451,0.8940058479532164,0.9286694101508915,-0.12757201646090532,False,False,False
B_sig,"sig{0.50,20.00}",2,"nuts_std_D_0.50,nuts_std_D_20.00",tz,0.1,68,0.848951048951049,0.7274288451012589,0.9628017526455026,0.937062937062937,-0.08811188811188797,False,False,False
B_sig,"sig{0.50,20.00}",2,"nuts_std_D_0.50,nuts_std_D_20.00",tz,1.0,68,0.8405594405594407,0.677046130952381,0.9494109015984017,0.9370629370629371,-0.09650349650349643,False,False,False
B_sig,"sig{0.50,20.00}",2,"nuts_std_D_0.50,nuts_std_D_20.00",tz,10.0,68,0.8307692307692308,0.6547470238095238,0.956875156093906,0.9272727272727272,-0.09650349650349643,False,False,False
B_sig,"sig{0.50,20.00}",2,"nuts_std_D_0.50,nuts_std_D_20.00",pooled,0.1,149,0.7961009174311927,0.7135007127102935,0.8713809818481848,0.9011467889908257,-0.10504587155963296,False,False,False
B_sig,"sig{0.50,20.00}",2,"nuts_std_D_0.50,nuts_std_D_20.00",pooled,1.0,149,0.7926605504587155,0.7131252822944897,0.865216524854456,0.8986238532110091,-0.1059633027522936,False,False,False
B_sig,"sig{0.50,20.00}",2,"nuts_std_D_0.50,nuts_std_D_20.00",pooled,10.0,149,0.7899082568807339,0.705613480918359,0.8674799329404591,0.8963302752293578,-0.10642201834862397,False,False,False
B_sig,"sig{0.75,1.00}",2,"nuts_std_D_0.75,nuts_std_D_1.00",pz,0.1,81,0.812071330589849,0.7071017913338175,0.9016363432165319,0.934156378600823,-0.12208504801097397,False,False,False
B_sig,"sig{0.75,1.00}",2,"nuts_std_D_0.75,nuts_std_D_1.00",pz,1.0,81,0.8168724279835391,0.7114277147140715,0.9115683112391172,0.9327846364883402,-0.1159122085048011,False,False,False
B_sig,"sig{0.75,1.00}",2,"nuts_std_D_0.75,nuts_std_D_1.00",pz,10.0,81,0.8168724279835391,0.7068853176292512,0.9003102109659455,0.9286694101508915,-0.11179698216735245,False,False,False
B_sig,"sig{0.75,1.00}",2,"nuts_std_D_0.75,nuts_std_D_1.00",tz,0.1,68,0.8111888111888113,0.6534469635791004,0.9375054065743945,0.937062937062937,-0.12587412587412572,False,False,False
B_sig,"sig{0.75,1.00}",2,"nuts_std_D_0.75,nuts_std_D_1.00",tz,1.0,68,0.8195804195804196,0.6777833156122629,0.9479166666666666,0.9370629370629371,-0.11748251748251748,False,False,False
B_sig,"sig{0.75,1.00}",2,"nuts_std_D_0.75,nuts_std_D_1.00",tz,10.0,68,0.8181818181818181,0.6517308920587608,0.9440891970552987,0.9272727272727272,-0.10909090909090913,False,False,False
B_sig,"sig{0.75,1.00}",2,"nuts_std_D_0.75,nuts_std_D_1.00",pooled,0.1,149,0.7931192660550459,0.7079707792207792,0.8664896616541353,0.9011467889908257,-0.10802752293577977,False,False,False
B_sig,"sig{0.75,1.00}",2,"nuts_std_D_0.75,nuts_std_D_1.00",pooled,1.0,149,0.7915137614678898,0.7017196400091137,0.8654762815325237,0.8986238532110091,-0.10711009174311936,False,False,False
B_sig,"sig{0.75,1.00}",2,"nuts_std_D_0.75,nuts_std_D_1.00",pooled,10.0,149,0.7892201834862385,0.7102961736275958,0.8661901026566392,0.8963302752293578,-0.10711009174311936,False,False,False
B_sig,"sig{0.75,1.50}",2,"nuts_std_D_0.75,nuts_std_D_1.50",pz,0.1,81,0.8367626886145405,0.7365892565971182,0.9237459669288163,0.934156378600823,-0.0973936899862825,False,False,False
B_sig,"sig{0.75,1.50}",2,"nuts_std_D_0.75,nuts_std_D_1.50",pz,1.0,81,0.836076817558299,0.7347347217999391,0.9203528121775025,0.9327846364883402,-0.09670781893004121,False,False,False
B_sig,"sig{0.75,1.50}",2,"nuts_std_D_0.75,nuts_std_D_1.50",pz,10.0,81,0.8347050754458162,0.7372396784800878,0.915887331059745,0.9286694101508915,-0.09396433470507537,False,False,False
B_sig,"sig{0.75,1.50}",2,"nuts_std_D_0.75,nuts_std_D_1.50",tz,0.1,68,0.8223776223776224,0.6854374747780467,0.9489304264625479,0.937062937062937,-0.11468531468531462,False,False,False
B_sig,"sig{0.75,1.50}",2,"nuts_std_D_0.75,nuts_std_D_1.50",tz,1.0,68,0.8251748251748252,0.6729119318181819,0.943519719947017,0.9370629370629371,-0.11188811188811187,False,False,False
B_sig,"sig{0.75,1.50}",2,"nuts_std_D_0.75,nuts_std_D_1.50",tz,10.0,68,0.8125874125874126,0.6516870440981432,0.9355685158313799,0.9272727272727272,-0.11468531468531462,False,False,False
B_sig,"sig{0.75,1.50}",2,"nuts_std_D_0.75,nuts_std_D_1.50",pooled,0.1,149,0.7878440366972477,0.7025114678899083,0.8690556729835232,0.9011467889908257,-0.113302752293578,False,False,False
B_sig,"sig{0.75,1.50}",2,"nuts_std_D_0.75,nuts_std_D_1.50",pooled,1.0,149,0.7894495412844037,0.6987126068376068,0.8658254853055879,0.8986238532110091,-0.10917431192660543,False,False,False
B_sig,"sig{0.75,1.50}",2,"nuts_std_D_0.75,nuts_std_D_1.50",pooled,10.0,149,0.7892201834862386,0.6987500541802795,0.8687478199160441,0.8963302752293578,-0.10711009174311925,False,False,False
B_sig,"sig{0.75,2.00}",2,"nuts_std_D_0.75,nuts_std_D_2.00",pz,0.1,81,0.8127572016460906,0.7166349939065555,0.897813498453595,0.934156378600823,-0.12139917695473246,False,False,False
B_sig,"sig{0.75,2.00}",2,"nuts_std_D_0.75,nuts_std_D_2.00",pz,1.0,81,0.8100137174211248,0.7186218614558837,0.8909498862897987,0.9327846364883402,-0.12277091906721538,False,False,False
B_sig,"sig{0.75,2.00}",2,"nuts_std_D_0.75,nuts_std_D_2.00",pz,10.0,81,0.8079561042524005,0.7169821375519905,0.8941339660864345,0.9286694101508915,-0.12071330589849105,False,False,False
B_sig,"sig{0.75,2.00}",2,"nuts_std_D_0.75,nuts_std_D_2.00",tz,0.1,68,0.8,0.627972027972028,0.9482809093111525,0.937062937062937,-0.13706293706293693,False,False,False
B_sig,"sig{0.75,2.00}",2,"nuts_std_D_0.75,nuts_std_D_2.00",tz,1.0,68,0.806993006993007,0.6154838776525199,0.9447144396551724,0.9370629370629371,-0.13006993006993006,False,False,False
B_sig,"sig{0.75,2.00}",2,"nuts_std_D_0.75,nuts_std_D_2.00",tz,10.0,68,0.8027972027972028,0.618826629784689,0.9472854872881356,0.9272727272727272,-0.12447552447552446,False,False,False
B_sig,"sig{0.75,2.00}",2,"nuts_std_D_0.75,nuts_std_D_2.00",pooled,0.1,149,0.786697247706422,0.707099097240684,0.8601592215833702,0.9011467889908257,-0.11444954128440366,False,False,False
B_sig,"sig{0.75,2.00}",2,"nuts_std_D_0.75,nuts_std_D_2.00",pooled,1.0,149,0.7876146788990825,0.7064939756467938,0.8578667953667953,0.8986238532110091,-0.11100917431192658,False,False,False
B_sig,"sig{0.75,2.00}",2,"nuts_std_D_0.75,nuts_std_D_2.00",pooled,10.0,149,0.7878440366972478,0.7049717305801376,0.8610725857436384,0.8963302752293578,-0.10848623853211004,False,False,False
B_sig,"sig{0.75,3.00}",2,"nuts_std_D_0.75,nuts_std_D_3.00",pz,0.1,81,0.7969821673525377,0.6967411315941471,0.8885714285714286,0.934156378600823,-0.13717421124828533,False,False,False
B_sig,"sig{0.75,3.00}",2,"nuts_std_D_0.75,nuts_std_D_3.00",pz,1.0,81,0.7901234567901234,0.6833533616379256,0.8847904395860371,0.9327846364883402,-0.1426611796982168,False,False,False
B_sig,"sig{0.75,3.00}",2,"nuts_std_D_0.75,nuts_std_D_3.00",pz,10.0,81,0.7887517146776406,0.6907894736842106,0.8800159151193634,0.9286694101508915,-0.13991769547325095,False,False,False
B_sig,"sig{0.75,3.00}",2,"nuts_std_D_0.75,nuts_std_D_3.00",tz,0.1,68,0.7986013986013987,0.6334074710925041,0.9300761855846602,0.937062937062937,-0.1384615384615383,False,False,False
B_sig,"sig{0.75,3.00}",2,"nuts_std_D_0.75,nuts_std_D_3.00",tz,1.0,68,0.8000000000000002,0.6285885740557021,0.9427468230694037,0.9370629370629371,-0.13706293706293693,False,False,False
B_sig,"sig{0.75,3.00}",2,"nuts_std_D_0.75,nuts_std_D_3.00",tz,10.0,68,0.7972027972027973,0.6214414626490898,0.9397644432294513,0.9272727272727272,-0.13006993006992995,False,False,False
B_sig,"sig{0.75,3.00}",2,"nuts_std_D_0.75,nuts_std_D_3.00",pooled,0.1,149,0.7903669724770642,0.7104568854568855,0.8720980569817779,0.9011467889908257,-0.11077981651376145,False,False,False
B_sig,"sig{0.75,3.00}",2,"nuts_std_D_0.75,nuts_std_D_3.00",pooled,1.0,149,0.7839449541284405,0.703030303030303,0.8608912261237576,0.8986238532110091,-0.11467889908256867,False,False,False
B_sig,"sig{0.75,3.00}",2,"nuts_std_D_0.75,nuts_std_D_3.00",pooled,10.0,149,0.7827981651376147,0.6946002753442968,0.8578961037417392,0.8963302752293578,-0.11353211009174313,False,False,False
B_sig,"sig{0.75,20.00}",2,"nuts_std_D_0.75,nuts_std_D_20.00",pz,0.1,81,0.7935528120713305,0.6906482160312806,0.8861878556454027,0.934156378600823,-0.14060356652949246,False,False,False
B_sig,"sig{0.75,20.00}",2,"nuts_std_D_0.75,nuts_std_D_20.00",pz,1.0,81,0.7983539094650206,0.6812305132858673,0.894593328335832,0.9327846364883402,-0.1344307270233196,False,False,False
B_sig,"sig{0.75,20.00}",2,"nuts_std_D_0.75,nuts_std_D_20.00",pz,10.0,81,0.7956104252400549,0.6824128221789042,0.893701052952045,0.9286694101508915,-0.13305898491083668,False,False,False
B_sig,"sig{0.75,20.00}",2,"nuts_std_D_0.75,nuts_std_D_20.00",tz,0.1,68,0.8195804195804196,0.6672386665059079,0.9400276442307691,0.937062937062937,-0.11748251748251737,False,False,False
B_sig,"sig{0.75,20.00}",2,"nuts_std_D_0.75,nuts_std_D_20.00",tz,1.0,68,0.8167832167832167,0.6698484848484848,0.9370792702107581,0.9370629370629371,-0.12027972027972034,False,False,False
B_sig,"sig{0.75,20.00}",2,"nuts_std_D_0.75,nuts_std_D_20.00",tz,10.0,68,0.8013986013986014,0.6327291288566244,0.9291702586206897,0.9272727272727272,-0.12587412587412583,False,False,False
B_sig,"sig{0.75,20.00}",2,"nuts_std_D_0.75,nuts_std_D_20.00",pooled,0.1,149,0.7951834862385321,0.7065183337439436,0.8683014354066986,0.9011467889908257,-0.1059633027522936,False,False,False
B_sig,"sig{0.75,20.00}",2,"nuts_std_D_0.75,nuts_std_D_20.00",pooled,1.0,149,0.7846330275229357,0.7048936376567957,0.8625927030450985,0.8986238532110091,-0.1139908256880734,False,False,False
B_sig,"sig{0.75,20.00}",2,"nuts_std_D_0.75,nuts_std_D_20.00",pooled,10.0,149,0.7839449541284405,0.7012820941944652,0.8651158095894939,0.8963302752293578,-0.11238532110091737,False,False,False
B_sig,"sig{1.00,1.50}",2,"nuts_std_D_1.00,nuts_std_D_1.50",pz,0.1,81,0.8381344307270233,0.7356955544455545,0.922991633998101,0.934156378600823,-0.0960219478737997,False,False,False
B_sig,"sig{1.00,1.50}",2,"nuts_std_D_1.00,nuts_std_D_1.50",pz,1.0,81,0.8360768175582991,0.7379972565157751,0.922528677462888,0.9327846364883402,-0.0967078189300411,False,False,False
B_sig,"sig{1.00,1.50}",2,"nuts_std_D_1.00,nuts_std_D_1.50",pz,10.0,81,0.8326474622770919,0.7357059314954052,0.9178589466089465,0.9286694101508915,-0.0960219478737997,False,False,False
B_sig,"sig{1.00,1.50}",2,"nuts_std_D_1.00,nuts_std_D_1.50",tz,0.1,68,0.7930069930069931,0.6333147321428572,0.9202557968347442,0.937062937062937,-0.1440559440559439,False,False,False
B_sig,"sig{1.00,1.50}",2,"nuts_std_D_1.00,nuts_std_D_1.50",tz,1.0,68,0.8041958041958043,0.6322061403508771,0.9360167108111187,0.9370629370629371,-0.1328671328671328,False,False,False
B_sig,"sig{1.00,1.50}",2,"nuts_std_D_1.00,nuts_std_D_1.50",tz,10.0,68,0.7999999999999999,0.6378900725226445,0.9329034794075877,0.9272727272727272,-0.12727272727272732,False,False,False
B_sig,"sig{1.00,1.50}",2,"nuts_std_D_1.00,nuts_std_D_1.50",pooled,0.1,149,0.7798165137614679,0.6900611549534994,0.8571879190131403,0.9011467889908257,-0.1213302752293578,False,False,False
B_sig,"sig{1.00,1.50}",2,"nuts_std_D_1.00,nuts_std_D_1.50",pooled,1.0,149,0.781880733944954,0.6980517068475139,0.8570409031183275,0.8986238532110091,-0.11674311926605507,False,False,False
B_sig,"sig{1.00,1.50}",2,"nuts_std_D_1.00,nuts_std_D_1.50",pooled,10.0,149,0.7821100917431193,0.6938065092451561,0.8587042961829262,0.8963302752293578,-0.11422018348623852,False,False,False
B_sig,"sig{1.00,2.00}",2,"nuts_std_D_1.00,nuts_std_D_2.00",pz,0.1,81,0.8196159122085048,0.7265087381754048,0.9053167531221575,0.934156378600823,-0.11454046639231819,False,False,False
B_sig,"sig{1.00,2.00}",2,"nuts_std_D_1.00,nuts_std_D_2.00",pz,1.0,81,0.821673525377229,0.7302442838654012,0.9000146198830409,0.9327846364883402,-0.11111111111111116,False,False,False
B_sig,"sig{1.00,2.00}",2,"nuts_std_D_1.00,nuts_std_D_2.00",pz,10.0,81,0.8161865569272976,0.7235266926493249,0.8992641798227315,0.9286694101508915,-0.11248285322359397,False,False,False
B_sig,"sig{1.00,2.00}",2,"nuts_std_D_1.00,nuts_std_D_2.00",tz,0.1,68,0.7832167832167832,0.5999920255183413,0.930827593091744,0.937062937062937,-0.15384615384615374,False,False,False
B_sig,"sig{1.00,2.00}",2,"nuts_std_D_1.00,nuts_std_D_2.00",tz,1.0,68,0.7874125874125874,0.6164021164021165,0.9397548426150121,0.9370629370629371,-0.14965034965034973,False,False,False
B_sig,"sig{1.00,2.00}",2,"nuts_std_D_1.00,nuts_std_D_2.00",tz,10.0,68,0.7846153846153847,0.6050971899867373,0.9374999999999999,0.9272727272727272,-0.14265734265734253,False,False,False
B_sig,"sig{1.00,2.00}",2,"nuts_std_D_1.00,nuts_std_D_2.00",pooled,0.1,149,0.781651376146789,0.6930392912882136,0.8577984713563038,0.9011467889908257,-0.11949541284403664,False,False,False
B_sig,"sig{1.00,2.00}",2,"nuts_std_D_1.00,nuts_std_D_2.00",pooled,1.0,149,0.7814220183486239,0.6867300853485064,0.8627919460814197,0.8986238532110091,-0.11720183486238522,False,False,False
B_sig,"sig{1.00,2.00}",2,"nuts_std_D_1.00,nuts_std_D_2.00",pooled,10.0,149,0.7805045871559633,0.6918230488141202,0.8594599078955875,0.8963302752293578,-0.11582568807339455,False,False,False
B_sig,"sig{1.00,3.00}",2,"nuts_std_D_1.00,nuts_std_D_3.00",pz,0.1,81,0.8024691358024691,0.7068669950738916,0.8954822883100608,0.934156378600823,-0.13168724279835387,False,False,False
B_sig,"sig{1.00,3.00}",2,"nuts_std_D_1.00,nuts_std_D_3.00",pz,1.0,81,0.8065843621399177,0.691896769357257,0.8984938415493972,0.9327846364883402,-0.12620027434842251,False,False,False
B_sig,"sig{1.00,3.00}",2,"nuts_std_D_1.00,nuts_std_D_3.00",pz,10.0,81,0.8086419753086419,0.6919735271253262,0.9026063100137174,0.9286694101508915,-0.12002743484224965,False,False,False
B_sig,"sig{1.00,3.00}",2,"nuts_std_D_1.00,nuts_std_D_3.00",tz,0.1,68,0.7664335664335665,0.5947996638473215,0.9069104360079576,0.937062937062937,-0.17062937062937045,False,False,False
B_sig,"sig{1.00,3.00}",2,"nuts_std_D_1.00,nuts_std_D_3.00",tz,1.0,68,0.7804195804195804,0.6213838505244756,0.9125742623604465,0.9370629370629371,-0.1566433566433567,False,False,False
B_sig,"sig{1.00,3.00}",2,"nuts_std_D_1.00,nuts_std_D_3.00",tz,10.0,68,0.7804195804195804,0.5997177781100478,0.9096248234463276,0.9272727272727272,-0.14685314685314688,False,False,False
B_sig,"sig{1.00,3.00}",2,"nuts_std_D_1.00,nuts_std_D_3.00",pooled,0.1,149,0.7825688073394496,0.6970638864788542,0.8611167570009033,0.9011467889908257,-0.11857798165137612,False,False,False
B_sig,"sig{1.00,3.00}",2,"nuts_std_D_1.00,nuts_std_D_3.00",pooled,1.0,149,0.7805045871559633,0.6897895251166278,0.8568903395279541,0.8986238532110091,-0.11811926605504586,False,False,False
B_sig,"sig{1.00,3.00}",2,"nuts_std_D_1.00,nuts_std_D_3.00",pooled,10.0,149,0.7805045871559633,0.6952480557790293,0.8582731277985501,0.8963302752293578,-0.11582568807339455,False,False,False
B_sig,"sig{1.00,20.00}",2,"nuts_std_D_1.00,nuts_std_D_20.00",pz,0.1,81,0.8052126200274349,0.7020633116883117,0.895071881091618,0.934156378600823,-0.12894375857338813,False,False,False
B_sig,"sig{1.00,20.00}",2,"nuts_std_D_1.00,nuts_std_D_20.00",pz,1.0,81,0.8106995884773662,0.7053394061897623,0.9029320311228933,0.9327846364883402,-0.12208504801097397,False,False,False
B_sig,"sig{1.00,20.00}",2,"nuts_std_D_1.00,nuts_std_D_20.00",pz,10.0,81,0.8017832647462276,0.6871226708074535,0.9062073560767591,0.9286694101508915,-0.12688614540466392,False,False,False
B_sig,"sig{1.00,20.00}",2,"nuts_std_D_1.00,nuts_std_D_20.00",tz,0.1,68,0.7972027972027973,0.6598266796251994,0.9226605425824176,0.937062937062937,-0.13986013986013968,False,False,False
B_sig,"sig{1.00,20.00}",2,"nuts_std_D_1.00,nuts_std_D_20.00",tz,1.0,68,0.7930069930069931,0.6335566188197767,0.9217531244649888,0.9370629370629371,-0.14405594405594402,False,False,False
B_sig,"sig{1.00,20.00}",2,"nuts_std_D_1.00,nuts_std_D_20.00",tz,10.0,68,0.7818181818181819,0.6282986111111111,0.9111698717948717,0.9272727272727272,-0.1454545454545454,False,False,False
B_sig,"sig{1.00,20.00}",2,"nuts_std_D_1.00,nuts_std_D_20.00",pooled,0.1,149,0.7885321100917431,0.6995266575529734,0.8685932239868424,0.9011467889908257,-0.11261467889908261,False,False,False
B_sig,"sig{1.00,20.00}",2,"nuts_std_D_1.00,nuts_std_D_20.00",pooled,1.0,149,0.7818807339449542,0.7025949996253923,0.8630735016192616,0.8986238532110091,-0.11674311926605496,False,False,False
B_sig,"sig{1.00,20.00}",2,"nuts_std_D_1.00,nuts_std_D_20.00",pooled,10.0,149,0.7784403669724771,0.6976004968383017,0.8575832212411764,0.8963302752293578,-0.11788990825688073,False,False,False
B_sig,"sig{1.50,2.00}",2,"nuts_std_D_1.50,nuts_std_D_2.00",pz,0.1,81,0.8182441700960219,0.72068339702136,0.9114772672802224,0.934156378600823,-0.1159122085048011,False,False,False
B_sig,"sig{1.50,2.00}",2,"nuts_std_D_1.50,nuts_std_D_2.00",pz,1.0,81,0.8141289437585734,0.6958698830409357,0.9021571412655971,0.9327846364883402,-0.11865569272976684,False,False,False
B_sig,"sig{1.50,2.00}",2,"nuts_std_D_1.50,nuts_std_D_2.00",pz,10.0,81,0.812071330589849,0.6919477872670807,0.9070090460160756,0.9286694101508915,-0.11659807956104251,False,False,False
B_sig,"sig{1.50,2.00}",2,"nuts_std_D_1.50,nuts_std_D_2.00",tz,0.1,68,0.6265734265734266,0.39476821730644107,0.8322713744588742,0.937062937062937,-0.31048951048951035,False,True,False
B_sig,"sig{1.50,2.00}",2,"nuts_std_D_1.50,nuts_std_D_2.00",tz,1.0,68,0.6797202797202797,0.44827311224770383,0.8699595959595959,0.9370629370629371,-0.2573426573426574,False,False,False
B_sig,"sig{1.50,2.00}",2,"nuts_std_D_1.50,nuts_std_D_2.00",tz,10.0,68,0.6895104895104895,0.47916070266753413,0.876939736346516,0.9272727272727272,-0.2377622377622377,False,False,False
B_sig,"sig{1.50,2.00}",2,"nuts_std_D_1.50,nuts_std_D_2.00",pooled,0.1,149,0.6961009174311926,0.6021123614215719,0.7867123021358955,0.9011467889908257,-0.20504587155963305,False,True,False
B_sig,"sig{1.50,2.00}",2,"nuts_std_D_1.50,nuts_std_D_2.00",pooled,1.0,149,0.7061926605504587,0.6068807280441029,0.8058436697060359,0.8986238532110091,-0.19243119266055042,False,True,False
B_sig,"sig{1.50,2.00}",2,"nuts_std_D_1.50,nuts_std_D_2.00",pooled,10.0,149,0.7061926605504587,0.5992562302255755,0.8058334030625054,0.8963302752293578,-0.19013761467889911,False,True,False
B_sig,"sig{1.50,3.00}",2,"nuts_std_D_1.50,nuts_std_D_3.00",pz,0.1,81,0.8278463648834018,0.7265435606060606,0.9127092017178223,0.934156378600823,-0.10631001371742121,False,False,False
B_sig,"sig{1.50,3.00}",2,"nuts_std_D_1.50,nuts_std_D_3.00",pz,1.0,81,0.8230452674897119,0.7235465561224489,0.910988005050505,0.9327846364883402,-0.10973936899862835,False,False,False
B_sig,"sig{1.50,3.00}",2,"nuts_std_D_1.50,nuts_std_D_3.00",pz,10.0,81,0.8196159122085047,0.7170447644460802,0.9038746630727763,0.9286694101508915,-0.10905349794238683,False,False,False
B_sig,"sig{1.50,3.00}",2,"nuts_std_D_1.50,nuts_std_D_3.00",tz,0.1,68,0.8097902097902098,0.6479166666666667,0.9344658713895394,0.937062937062937,-0.1272727272727272,False,False,False
B_sig,"sig{1.50,3.00}",2,"nuts_std_D_1.50,nuts_std_D_3.00",tz,1.0,68,0.7034965034965035,0.5291902071563088,0.866688988095238,0.9370629370629371,-0.23356643356643358,False,False,False
B_sig,"sig{1.50,3.00}",2,"nuts_std_D_1.50,nuts_std_D_3.00",tz,10.0,68,0.6923076923076923,0.4964633343091335,0.8596976871243853,0.9272727272727272,-0.23496503496503496,False,False,False
B_sig,"sig{1.50,3.00}",2,"nuts_std_D_1.50,nuts_std_D_3.00",pooled,0.1,149,0.6924311926605504,0.5963224450911558,0.7844667326749218,0.9011467889908257,-0.20871559633027525,False,True,False
B_sig,"sig{1.50,3.00}",2,"nuts_std_D_1.50,nuts_std_D_3.00",pooled,1.0,149,0.6928899082568807,0.5921978266678544,0.7863257575757575,0.8986238532110091,-0.20573394495412844,False,True,False
B_sig,"sig{1.50,3.00}",2,"nuts_std_D_1.50,nuts_std_D_3.00",pooled,10.0,149,0.6919724770642202,0.5928477443609023,0.7799483030983764,0.8963302752293578,-0.20435779816513766,False,True,False
B_sig,"sig{1.50,20.00}",2,"nuts_std_D_1.50,nuts_std_D_20.00",pz,0.1,81,0.826474622770919,0.7236817858528385,0.9164503521432918,0.934156378600823,-0.10768175582990402,False,False,False
B_sig,"sig{1.50,20.00}",2,"nuts_std_D_1.50,nuts_std_D_20.00",pz,1.0,81,0.8209876543209877,0.7188392092219196,0.9093080665549578,0.9327846364883402,-0.11179698216735245,False,False,False
B_sig,"sig{1.50,20.00}",2,"nuts_std_D_1.50,nuts_std_D_20.00",pz,10.0,81,0.8216735253772292,0.7153564079952969,0.9130539297658863,0.9286694101508915,-0.1069958847736624,False,False,False
B_sig,"sig{1.50,20.00}",2,"nuts_std_D_1.50,nuts_std_D_20.00",tz,0.1,68,0.5902097902097903,0.39540550595238094,0.7538701923076923,0.937062937062937,-0.3468531468531467,False,True,False
B_sig,"sig{1.50,20.00}",2,"nuts_std_D_1.50,nuts_std_D_20.00",tz,1.0,68,0.6041958041958042,0.41567794177562134,0.7857228708791208,0.9370629370629371,-0.3328671328671329,False,True,False
B_sig,"sig{1.50,20.00}",2,"nuts_std_D_1.50,nuts_std_D_20.00",tz,10.0,68,0.5972027972027972,0.4011016949152542,0.7781194592198581,0.9272727272727272,-0.33006993006993,False,True,False
B_sig,"sig{1.50,20.00}",2,"nuts_std_D_1.50,nuts_std_D_20.00",pooled,0.1,149,0.7309633027522936,0.639927267493057,0.8070570220351195,0.9011467889908257,-0.17018348623853208,False,True,False
B_sig,"sig{1.50,20.00}",2,"nuts_std_D_1.50,nuts_std_D_20.00",pooled,1.0,149,0.7288990825688073,0.6382125901204848,0.8215010568517097,0.8986238532110091,-0.16972477064220182,False,True,False
B_sig,"sig{1.50,20.00}",2,"nuts_std_D_1.50,nuts_std_D_20.00",pooled,10.0,149,0.7282110091743119,0.6285652475426642,0.8139861342785655,0.8963302752293578,-0.1681192660550459,False,True,False
B_sig,"sig{2.00,3.00}",2,"nuts_std_D_2.00,nuts_std_D_3.00",pz,0.1,81,0.7304526748971192,0.6150260147918817,0.838637133865892,0.934156378600823,-0.20370370370370383,False,True,False
B_sig,"sig{2.00,3.00}",2,"nuts_std_D_2.00,nuts_std_D_3.00",pz,1.0,81,0.7537722908093278,0.6285831995872979,0.8541289601101089,0.9327846364883402,-0.17901234567901236,False,True,False
B_sig,"sig{2.00,3.00}",2,"nuts_std_D_2.00,nuts_std_D_3.00",pz,10.0,81,0.7489711934156379,0.6351040677429566,0.8601238075196409,0.9286694101508915,-0.17969821673525366,False,False,False
B_sig,"sig{2.00,3.00}",2,"nuts_std_D_2.00,nuts_std_D_3.00",tz,0.1,68,0.6153846153846155,0.40509512417407156,0.8041666666666667,0.937062937062937,-0.32167832167832144,False,True,False
B_sig,"sig{2.00,3.00}",2,"nuts_std_D_2.00,nuts_std_D_3.00",tz,1.0,68,0.725874125874126,0.5339278648146651,0.879487247949419,0.9370629370629371,-0.21118881118881105,False,False,False
B_sig,"sig{2.00,3.00}",2,"nuts_std_D_2.00,nuts_std_D_3.00",tz,10.0,68,0.7622377622377623,0.5907458435960591,0.9189184585905897,0.9272727272727272,-0.16503496503496495,False,False,False
B_sig,"sig{2.00,3.00}",2,"nuts_std_D_2.00,nuts_std_D_3.00",pooled,0.1,149,0.5472477064220184,0.44965019704540166,0.6573394305019304,0.9011467889908257,-0.3538990825688073,False,True,False
B_sig,"sig{2.00,3.00}",2,"nuts_std_D_2.00,nuts_std_D_3.00",pooled,1.0,149,0.5451834862385322,0.4478511743450768,0.654660142263235,0.8986238532110091,-0.35344036697247694,False,True,False
B_sig,"sig{2.00,3.00}",2,"nuts_std_D_2.00,nuts_std_D_3.00",pooled,10.0,149,0.5403669724770642,0.4353134235345515,0.6436918054524017,0.8963302752293578,-0.3559633027522936,False,True,False
B_sig,"sig{2.00,20.00}",2,"nuts_std_D_2.00,nuts_std_D_20.00",pz,0.1,81,0.7434842249657064,0.6247960542241587,0.8457305506564766,0.934156378600823,-0.19067215363511658,False,True,False
B_sig,"sig{2.00,20.00}",2,"nuts_std_D_2.00,nuts_std_D_20.00",pz,1.0,81,0.7469135802469136,0.636107687396194,0.8578376399543852,0.9327846364883402,-0.18587105624142664,False,True,False
B_sig,"sig{2.00,20.00}",2,"nuts_std_D_2.00,nuts_std_D_20.00",pz,10.0,81,0.7489711934156378,0.6392314209634471,0.8567834101382489,0.9286694101508915,-0.17969821673525377,False,False,False
B_sig,"sig{2.00,20.00}",2,"nuts_std_D_2.00,nuts_std_D_20.00",tz,0.1,68,0.7580419580419581,0.5552524038461539,0.9133789850686037,0.937062937062937,-0.1790209790209789,False,False,False
B_sig,"sig{2.00,20.00}",2,"nuts_std_D_2.00,nuts_std_D_20.00",tz,1.0,68,0.7902097902097902,0.6167654220779222,0.9344827586206896,0.9370629370629371,-0.14685314685314688,False,False,False
B_sig,"sig{2.00,20.00}",2,"nuts_std_D_2.00,nuts_std_D_20.00",tz,10.0,68,0.7958041958041957,0.60860949933687,0.9420262896825398,0.9272727272727272,-0.13146853146853155,False,False,False
B_sig,"sig{2.00,20.00}",2,"nuts_std_D_2.00,nuts_std_D_20.00",pooled,0.1,149,0.6745412844036697,0.579391800370109,0.7674263804244129,0.9011467889908257,-0.226605504587156,False,True,False
B_sig,"sig{2.00,20.00}",2,"nuts_std_D_2.00,nuts_std_D_20.00",pooled,1.0,149,0.6775229357798166,0.5865233375959079,0.7712004442925494,0.8986238532110091,-0.22110091743119253,False,True,False
B_sig,"sig{2.00,20.00}",2,"nuts_std_D_2.00,nuts_std_D_20.00",pooled,10.0,149,0.6798165137614679,0.5876156707742385,0.7672540621372397,0.8963302752293578,-0.21651376146788992,False,True,False
B_sig,"sig{3.00,20.00}",2,"nuts_std_D_3.00,nuts_std_D_20.00",pz,0.1,81,0.6406035665294925,0.5181775832862789,0.75665961420029,0.934156378600823,-0.29355281207133055,False,True,False
B_sig,"sig{3.00,20.00}",2,"nuts_std_D_3.00,nuts_std_D_20.00",pz,1.0,81,0.6227709190672154,0.4927906162464986,0.7401345213137666,0.9327846364883402,-0.3100137174211248,False,True,False
B_sig,"sig{3.00,20.00}",2,"nuts_std_D_3.00,nuts_std_D_20.00",pz,10.0,81,0.6131687242798354,0.466386748844376,0.7388138995018619,0.9286694101508915,-0.3155006858710562,False,True,False
B_sig,"sig{3.00,20.00}",2,"nuts_std_D_3.00,nuts_std_D_20.00",tz,0.1,68,0.7146853146853147,0.4945708371489622,0.9056249999999998,0.937062937062937,-0.22237762237762226,False,False,False
B_sig,"sig{3.00,20.00}",2,"nuts_std_D_3.00,nuts_std_D_20.00",tz,1.0,68,0.7608391608391608,0.5623997641509434,0.9396572017663485,0.9370629370629371,-0.17622377622377627,False,False,False
B_sig,"sig{3.00,20.00}",2,"nuts_std_D_3.00,nuts_std_D_20.00",tz,10.0,68,0.7594405594405594,0.531054816624273,0.9312946428571428,0.9272727272727272,-0.1678321678321678,False,False,False
B_sig,"sig{3.00,20.00}",2,"nuts_std_D_3.00,nuts_std_D_20.00",pooled,0.1,149,0.6885321100917432,0.5953959730615345,0.7757053373975505,0.9011467889908257,-0.21261467889908248,False,True,False
B_sig,"sig{3.00,20.00}",2,"nuts_std_D_3.00,nuts_std_D_20.00",pooled,1.0,149,0.7211009174311926,0.6222280325806979,0.8074840574527683,0.8986238532110091,-0.17752293577981648,False,True,False
B_sig,"sig{3.00,20.00}",2,"nuts_std_D_3.00,nuts_std_D_20.00",pooled,10.0,149,0.7208715596330275,0.627055476462804,0.81358341772906,0.8963302752293578,-0.1754587155963303,False,True,False
B_sig,"sig{0.25,0.50,0.75}",3,"nuts_std_D_0.25,nuts_std_D_0.50,nuts_std_D_0.75",pz,0.1,81,0.8065843621399177,0.6987088652872552,0.8928049368173056,0.934156378600823,-0.12757201646090532,False,False,False
B_sig,"sig{0.25,0.50,0.75}",3,"nuts_std_D_0.25,nuts_std_D_0.50,nuts_std_D_0.75",pz,1.0,81,0.8017832647462277,0.6971595585484475,0.8845221282454759,0.9327846364883402,-0.13100137174211246,False,False,False
B_sig,"sig{0.25,0.50,0.75}",3,"nuts_std_D_0.25,nuts_std_D_0.50,nuts_std_D_0.75",pz,10.0,81,0.7935528120713305,0.6851790935672514,0.8838312666955455,0.9286694101508915,-0.135116598079561,False,False,False
B_sig,"sig{0.25,0.50,0.75}",3,"nuts_std_D_0.25,nuts_std_D_0.50,nuts_std_D_0.75",tz,0.1,68,0.848951048951049,0.6963696284882726,0.960194342390066,0.937062937062937,-0.08811188811188797,False,False,False
B_sig,"sig{0.25,0.50,0.75}",3,"nuts_std_D_0.25,nuts_std_D_0.50,nuts_std_D_0.75",tz,1.0,68,0.841958041958042,0.6896386734862234,0.9604734160613398,0.9370629370629371,-0.09510489510489506,False,False,False
B_sig,"sig{0.25,0.50,0.75}",3,"nuts_std_D_0.25,nuts_std_D_0.50,nuts_std_D_0.75",tz,10.0,68,0.8377622377622378,0.6754507211538462,0.9603792690975086,0.9272727272727272,-0.08951048951048945,False,False,False
B_sig,"sig{0.25,0.50,0.75}",3,"nuts_std_D_0.25,nuts_std_D_0.50,nuts_std_D_0.75",pooled,0.1,149,0.8128440366972477,0.7391413190193677,0.8824837662337662,0.9011467889908257,-0.08830275229357798,False,False,False
B_sig,"sig{0.25,0.50,0.75}",3,"nuts_std_D_0.25,nuts_std_D_0.50,nuts_std_D_0.75",pooled,1.0,149,0.8094036697247706,0.7360056961779825,0.8762842756212929,0.8986238532110091,-0.0892201834862385,False,False,False
B_sig,"sig{0.25,0.50,0.75}",3,"nuts_std_D_0.25,nuts_std_D_0.50,nuts_std_D_0.75",pooled,10.0,149,0.8022935779816514,0.725401346963847,0.8728618423332571,0.8963302752293578,-0.09403669724770647,False,False,False
B_sig,"sig{0.25,0.50,1.00}",3,"nuts_std_D_0.25,nuts_std_D_0.50,nuts_std_D_1.00",pz,0.1,81,0.812071330589849,0.7064447383891828,0.8983955453953185,0.934156378600823,-0.12208504801097397,False,False,False
B_sig,"sig{0.25,0.50,1.00}",3,"nuts_std_D_0.25,nuts_std_D_0.50,nuts_std_D_1.00",pz,1.0,81,0.8072702331961591,0.7001131591110039,0.8942928391053391,0.9327846364883402,-0.1255144032921811,False,False,False
B_sig,"sig{0.25,0.50,1.00}",3,"nuts_std_D_0.25,nuts_std_D_0.50,nuts_std_D_1.00",pz,10.0,81,0.8031550068587106,0.7039201127819548,0.8941569591123162,0.9286694101508915,-0.125514403292181,False,False,False
B_sig,"sig{0.25,0.50,1.00}",3,"nuts_std_D_0.25,nuts_std_D_0.50,nuts_std_D_1.00",tz,0.1,68,0.8461538461538461,0.7187191031073447,0.959015376984127,0.937062937062937,-0.09090909090909083,False,False,False
B_sig,"sig{0.25,0.50,1.00}",3,"nuts_std_D_0.25,nuts_std_D_0.50,nuts_std_D_1.00",tz,1.0,68,0.8391608391608392,0.6965016233766234,0.9584916192711624,0.9370629370629371,-0.09790209790209792,False,False,False
B_sig,"sig{0.25,0.50,1.00}",3,"nuts_std_D_0.25,nuts_std_D_0.50,nuts_std_D_1.00",tz,10.0,68,0.8307692307692308,0.6791271384908507,0.9500258945386063,0.9272727272727272,-0.09650349650349643,False,False,False
B_sig,"sig{0.25,0.50,1.00}",3,"nuts_std_D_0.25,nuts_std_D_0.50,nuts_std_D_1.00",pooled,0.1,149,0.8119266055045872,0.7283651244588746,0.8855585179616401,0.9011467889908257,-0.0892201834862385,False,False,False
B_sig,"sig{0.25,0.50,1.00}",3,"nuts_std_D_0.25,nuts_std_D_0.50,nuts_std_D_1.00",pooled,1.0,149,0.8096330275229359,0.7327942174429378,0.8759434766040666,0.8986238532110091,-0.08899082568807326,False,False,False
B_sig,"sig{0.25,0.50,1.00}",3,"nuts_std_D_0.25,nuts_std_D_0.50,nuts_std_D_1.00",pooled,10.0,149,0.8059633027522937,0.7258682983682984,0.8719518700343475,0.8963302752293578,-0.09036697247706416,False,False,False
B_sig,"sig{0.25,0.50,1.50}",3,"nuts_std_D_0.25,nuts_std_D_0.50,nuts_std_D_1.50",pz,0.1,81,0.8422496570644719,0.7512704016365781,0.924593665768194,0.934156378600823,-0.09190672153635115,False,False,False
B_sig,"sig{0.25,0.50,1.50}",3,"nuts_std_D_0.25,nuts_std_D_0.50,nuts_std_D_1.50",pz,1.0,81,0.8429355281207133,0.7480668564023073,0.923862661416768,0.9327846364883402,-0.08984910836762694,False,False,False
B_sig,"sig{0.25,0.50,1.50}",3,"nuts_std_D_0.25,nuts_std_D_0.50,nuts_std_D_1.50",pz,10.0,81,0.8367626886145404,0.7358373879098188,0.9159405065082059,0.9286694101508915,-0.09190672153635115,False,False,False
B_sig,"sig{0.25,0.50,1.50}",3,"nuts_std_D_0.25,nuts_std_D_0.50,nuts_std_D_1.50",tz,0.1,68,0.8531468531468531,0.7160748999428245,0.967987862568594,0.937062937062937,-0.08391608391608385,False,False,False
B_sig,"sig{0.25,0.50,1.50}",3,"nuts_std_D_0.25,nuts_std_D_0.50,nuts_std_D_1.50",tz,1.0,68,0.8545454545454545,0.6983162715517242,0.9660476316136694,0.9370629370629371,-0.08251748251748259,False,False,False
B_sig,"sig{0.25,0.50,1.50}",3,"nuts_std_D_0.25,nuts_std_D_0.50,nuts_std_D_1.50",tz,10.0,68,0.8377622377622378,0.6880503144654088,0.9523995535714285,0.9272727272727272,-0.08951048951048945,False,False,False
B_sig,"sig{0.25,0.50,1.50}",3,"nuts_std_D_0.25,nuts_std_D_0.50,nuts_std_D_1.50",pooled,0.1,149,0.8160550458715596,0.7371265052876093,0.8829859165739283,0.9011467889908257,-0.08509174311926604,False,False,False
B_sig,"sig{0.25,0.50,1.50}",3,"nuts_std_D_0.25,nuts_std_D_0.50,nuts_std_D_1.50",pooled,1.0,149,0.809862385321101,0.7288222347372565,0.880703630388656,0.8986238532110091,-0.08876146788990813,False,False,False
B_sig,"sig{0.25,0.50,1.50}",3,"nuts_std_D_0.25,nuts_std_D_0.50,nuts_std_D_1.50",pooled,10.0,149,0.8064220183486239,0.7246997669899911,0.8823582549550986,0.8963302752293578,-0.0899082568807339,False,False,False
B_sig,"sig{0.25,0.50,2.00}",3,"nuts_std_D_0.25,nuts_std_D_0.50,nuts_std_D_2.00",pz,0.1,81,0.8072702331961591,0.7048599285748073,0.8958946051167964,0.934156378600823,-0.12688614540466392,False,False,False
B_sig,"sig{0.25,0.50,2.00}",3,"nuts_std_D_0.25,nuts_std_D_0.50,nuts_std_D_2.00",pz,1.0,81,0.8045267489711934,0.7020079622758194,0.8895496842804919,0.9327846364883402,-0.12825788751714684,False,False,False
B_sig,"sig{0.25,0.50,2.00}",3,"nuts_std_D_0.25,nuts_std_D_0.50,nuts_std_D_2.00",pz,10.0,81,0.8052126200274349,0.7057684331797235,0.8925629651780967,0.9286694101508915,-0.12345679012345667,False,False,False
B_sig,"sig{0.25,0.50,2.00}",3,"nuts_std_D_0.25,nuts_std_D_0.50,nuts_std_D_2.00",tz,0.1,68,0.8517482517482518,0.6993936913000494,0.9724338054187192,0.937062937062937,-0.08531468531468522,False,False,False
B_sig,"sig{0.25,0.50,2.00}",3,"nuts_std_D_0.25,nuts_std_D_0.50,nuts_std_D_2.00",tz,1.0,68,0.8447552447552448,0.674112404320017,0.9673044950738917,0.9370629370629371,-0.09230769230769231,False,False,False
B_sig,"sig{0.25,0.50,2.00}",3,"nuts_std_D_0.25,nuts_std_D_0.50,nuts_std_D_2.00",tz,10.0,68,0.8279720279720282,0.6440436879018118,0.9603181444991788,0.9272727272727272,-0.09930069930069907,False,False,False
B_sig,"sig{0.25,0.50,2.00}",3,"nuts_std_D_0.25,nuts_std_D_0.50,nuts_std_D_2.00",pooled,0.1,149,0.8077981651376147,0.725863863630213,0.8785802448599375,0.9011467889908257,-0.09334862385321097,False,False,False
B_sig,"sig{0.25,0.50,2.00}",3,"nuts_std_D_0.25,nuts_std_D_0.50,nuts_std_D_2.00",pooled,1.0,149,0.8032110091743118,0.72667336825737,0.8725127237627238,0.8986238532110091,-0.09541284403669736,False,False,False
B_sig,"sig{0.25,0.50,2.00}",3,"nuts_std_D_0.25,nuts_std_D_0.50,nuts_std_D_2.00",pooled,10.0,149,0.8004587155963303,0.7214882565492321,0.8742149498541021,0.8963302752293578,-0.09587155963302751,False,False,False
B_sig,"sig{0.25,0.50,3.00}",3,"nuts_std_D_0.25,nuts_std_D_0.50,nuts_std_D_3.00",pz,0.1,81,0.7983539094650205,0.6904702306454497,0.8906037585296059,0.934156378600823,-0.13580246913580252,False,False,False
B_sig,"sig{0.25,0.50,3.00}",3,"nuts_std_D_0.25,nuts_std_D_0.50,nuts_std_D_3.00",pz,1.0,81,0.7942386831275721,0.6903485757121438,0.8866070528332325,0.9327846364883402,-0.13854595336076814,False,False,False
B_sig,"sig{0.25,0.50,3.00}",3,"nuts_std_D_0.25,nuts_std_D_0.50,nuts_std_D_3.00",pz,10.0,81,0.7866941015089163,0.6856176900584795,0.8850040322580645,0.9286694101508915,-0.14197530864197527,False,False,False
B_sig,"sig{0.25,0.50,3.00}",3,"nuts_std_D_0.25,nuts_std_D_0.50,nuts_std_D_3.00",tz,0.1,68,0.8475524475524475,0.6792099244681171,0.9710712989840349,0.937062937062937,-0.08951048951048945,False,False,False
B_sig,"sig{0.25,0.50,3.00}",3,"nuts_std_D_0.25,nuts_std_D_0.50,nuts_std_D_3.00",tz,1.0,68,0.8377622377622379,0.6666294642857142,0.9638054187192118,0.9370629370629371,-0.09930069930069918,False,False,False
B_sig,"sig{0.25,0.50,3.00}",3,"nuts_std_D_0.25,nuts_std_D_0.50,nuts_std_D_3.00",tz,10.0,68,0.8055944055944055,0.626171875,0.9497111742424242,0.9272727272727272,-0.12167832167832171,False,False,False
B_sig,"sig{0.25,0.50,3.00}",3,"nuts_std_D_0.25,nuts_std_D_0.50,nuts_std_D_3.00",pooled,0.1,149,0.8082568807339449,0.7233292893791353,0.8768815837505215,0.9011467889908257,-0.09288990825688082,False,False,False
B_sig,"sig{0.25,0.50,3.00}",3,"nuts_std_D_0.25,nuts_std_D_0.50,nuts_std_D_3.00",pooled,1.0,149,0.803440366972477,0.7222470693170234,0.878095238095238,0.8986238532110091,-0.09518348623853212,False,False,False
B_sig,"sig{0.25,0.50,3.00}",3,"nuts_std_D_0.25,nuts_std_D_0.50,nuts_std_D_3.00",pooled,10.0,149,0.803211009174312,0.719835469054219,0.8813646404145958,0.8963302752293578,-0.09311926605504584,False,False,False
B_sig,"sig{0.25,0.50,20.00}",3,"nuts_std_D_0.25,nuts_std_D_0.50,nuts_std_D_20.00",pz,0.1,81,0.8045267489711934,0.7006855663077551,0.888097577953852,0.934156378600823,-0.12962962962962965,False,False,False
B_sig,"sig{0.25,0.50,20.00}",3,"nuts_std_D_0.25,nuts_std_D_0.50,nuts_std_D_20.00",pz,1.0,81,0.8155006858710563,0.7118382854027532,0.8967440968429812,0.9327846364883402,-0.11728395061728392,False,False,False
B_sig,"sig{0.25,0.50,20.00}",3,"nuts_std_D_0.25,nuts_std_D_0.50,nuts_std_D_20.00",pz,10.0,81,0.8299039780521261,0.7220224591651543,0.915358709273183,0.9286694101508915,-0.09876543209876543,False,False,False
B_sig,"sig{0.25,0.50,20.00}",3,"nuts_std_D_0.25,nuts_std_D_0.50,nuts_std_D_20.00",tz,0.1,68,0.8531468531468532,0.7168865422771673,0.9686184687953555,0.937062937062937,-0.08391608391608374,False,False,False
B_sig,"sig{0.25,0.50,20.00}",3,"nuts_std_D_0.25,nuts_std_D_0.50,nuts_std_D_20.00",tz,1.0,68,0.8405594405594407,0.6910503472222221,0.9531687595897602,0.9370629370629371,-0.09650349650349643,False,False,False
B_sig,"sig{0.25,0.50,20.00}",3,"nuts_std_D_0.25,nuts_std_D_0.50,nuts_std_D_20.00",tz,10.0,68,0.8209790209790209,0.6519792437098679,0.9517405582922824,0.9272727272727272,-0.10629370629370638,False,False,False
B_sig,"sig{0.25,0.50,20.00}",3,"nuts_std_D_0.25,nuts_std_D_0.50,nuts_std_D_20.00",pooled,0.1,149,0.8116972477064219,0.7353163777266776,0.8818979732687847,0.9011467889908257,-0.08944954128440374,False,False,False
B_sig,"sig{0.25,0.50,20.00}",3,"nuts_std_D_0.25,nuts_std_D_0.50,nuts_std_D_20.00",pooled,1.0,149,0.8130733944954127,0.7346846738245253,0.8877577631337029,0.8986238532110091,-0.08555045871559641,False,False,False
B_sig,"sig{0.25,0.50,20.00}",3,"nuts_std_D_0.25,nuts_std_D_0.50,nuts_std_D_20.00",pooled,10.0,149,0.8243119266055046,0.7492535356159248,0.8921403248045461,0.8963302752293578,-0.07201834862385326,False,False,False
B_sig,"sig{0.25,0.75,1.00}",3,"nuts_std_D_0.25,nuts_std_D_0.75,nuts_std_D_1.00",pz,0.1,81,0.8106995884773662,0.7078135152696556,0.8959148126463701,0.934156378600823,-0.12345679012345678,False,False,False
B_sig,"sig{0.25,0.75,1.00}",3,"nuts_std_D_0.25,nuts_std_D_0.75,nuts_std_D_1.00",pz,1.0,81,0.813443072702332,0.7151314970432618,0.8998905309250138,0.9327846364883402,-0.11934156378600824,False,False,False
B_sig,"sig{0.25,0.75,1.00}",3,"nuts_std_D_0.25,nuts_std_D_0.75,nuts_std_D_1.00",pz,10.0,81,0.8271604938271605,0.731425015372972,0.9138054187192117,0.9286694101508915,-0.10150891632373105,False,False,False
B_sig,"sig{0.25,0.75,1.00}",3,"nuts_std_D_0.25,nuts_std_D_0.75,nuts_std_D_1.00",tz,0.1,68,0.841958041958042,0.6916537193973634,0.9566918065579976,0.937062937062937,-0.09510489510489495,False,False,False
B_sig,"sig{0.25,0.75,1.00}",3,"nuts_std_D_0.25,nuts_std_D_0.75,nuts_std_D_1.00",tz,1.0,68,0.8307692307692308,0.6754245827076668,0.9520907738095238,0.9370629370629371,-0.10629370629370627,False,False,False
B_sig,"sig{0.25,0.75,1.00}",3,"nuts_std_D_0.25,nuts_std_D_0.75,nuts_std_D_1.00",tz,10.0,68,0.827972027972028,0.6785333250947438,0.9423333333333332,0.9272727272727272,-0.09930069930069929,False,False,False
B_sig,"sig{0.25,0.75,1.00}",3,"nuts_std_D_0.25,nuts_std_D_0.75,nuts_std_D_1.00",pooled,0.1,149,0.8126146788990826,0.7354914974839494,0.8816013762051437,0.9011467889908257,-0.08853211009174311,False,False,False
B_sig,"sig{0.25,0.75,1.00}",3,"nuts_std_D_0.25,nuts_std_D_0.75,nuts_std_D_1.00",pooled,1.0,149,0.8158256880733944,0.7417683635172168,0.887555817666799,0.8986238532110091,-0.08279816513761473,False,False,False
B_sig,"sig{0.25,0.75,1.00}",3,"nuts_std_D_0.25,nuts_std_D_0.75,nuts_std_D_1.00",pooled,10.0,149,0.8208715596330276,0.7453192701379617,0.8877262033575972,0.8963302752293578,-0.07545871559633022,False,False,False
B_sig,"sig{0.25,0.75,1.50}",3,"nuts_std_D_0.25,nuts_std_D_0.75,nuts_std_D_1.50",pz,0.1,81,0.8449931412894376,0.7592672413793103,0.9210772903022174,0.934156378600823,-0.08916323731138542,False,False,False
B_sig,"sig{0.25,0.75,1.50}",3,"nuts_std_D_0.25,nuts_std_D_0.75,nuts_std_D_1.50",pz,1.0,81,0.8470507544581618,0.7561974164665867,0.920728662454487,0.9327846364883402,-0.0857338820301784,False,False,False
B_sig,"sig{0.25,0.75,1.50}",3,"nuts_std_D_0.25,nuts_std_D_0.75,nuts_std_D_1.50",pz,10.0,81,0.8484224965706447,0.766786668394198,0.9223896103896104,0.9286694101508915,-0.08024691358024683,False,False,False
B_sig,"sig{0.25,0.75,1.50}",3,"nuts_std_D_0.25,nuts_std_D_0.75,nuts_std_D_1.50",tz,0.1,68,0.8447552447552448,0.7075396825396825,0.956972687400319,0.937062937062937,-0.0923076923076922,False,False,False
B_sig,"sig{0.25,0.75,1.50}",3,"nuts_std_D_0.25,nuts_std_D_0.75,nuts_std_D_1.50",tz,1.0,68,0.8475524475524476,0.7004987641242938,0.9563576136669357,0.9370629370629371,-0.08951048951048945,False,False,False
B_sig,"sig{0.25,0.75,1.50}",3,"nuts_std_D_0.25,nuts_std_D_0.75,nuts_std_D_1.50",tz,10.0,68,0.8321678321678322,0.6842031652557968,0.9482742681047764,0.9272727272727272,-0.09510489510489506,False,False,False
B_sig,"sig{0.25,0.75,1.50}",3,"nuts_std_D_0.25,nuts_std_D_0.75,nuts_std_D_1.50",pooled,0.1,149,0.8126146788990825,0.7401598640862348,0.8805606922712186,0.9011467889908257,-0.08853211009174322,False,False,False
B_sig,"sig{0.25,0.75,1.50}",3,"nuts_std_D_0.25,nuts_std_D_0.75,nuts_std_D_1.50",pooled,1.0,149,0.8146788990825689,0.7384657253858989,0.8846199059561128,0.8986238532110091,-0.08394495412844027,False,False,False
B_sig,"sig{0.25,0.75,1.50}",3,"nuts_std_D_0.25,nuts_std_D_0.75,nuts_std_D_1.50",pooled,10.0,149,0.8137614678899082,0.7405783565158565,0.8820761014686249,0.8963302752293578,-0.0825688073394496,False,False,False
B_sig,"sig{0.25,0.75,2.00}",3,"nuts_std_D_0.25,nuts_std_D_0.75,nuts_std_D_2.00",pz,0.1,81,0.8100137174211248,0.7097987225193108,0.890008064516129,0.934156378600823,-0.12414266117969819,False,False,False
B_sig,"sig{0.25,0.75,2.00}",3,"nuts_std_D_0.25,nuts_std_D_0.75,nuts_std_D_2.00",pz,1.0,81,0.8072702331961592,0.7068629600963192,0.897932615629984,0.9327846364883402,-0.125514403292181,False,False,False
B_sig,"sig{0.25,0.75,2.00}",3,"nuts_std_D_0.25,nuts_std_D_0.75,nuts_std_D_2.00",pz,10.0,81,0.7990397805212621,0.6991640549662489,0.88184875066454,0.9286694101508915,-0.12962962962962943,False,False,False
B_sig,"sig{0.25,0.75,2.00}",3,"nuts_std_D_0.25,nuts_std_D_0.75,nuts_std_D_2.00",tz,0.1,68,0.8475524475524476,0.6978813374125874,0.968123659462135,0.937062937062937,-0.08951048951048934,False,False,False
B_sig,"sig{0.25,0.75,2.00}",3,"nuts_std_D_0.25,nuts_std_D_0.75,nuts_std_D_2.00",tz,1.0,68,0.8377622377622378,0.6590849618149146,0.9706459330143541,0.9370629370629371,-0.09930069930069929,False,False,False
B_sig,"sig{0.25,0.75,2.00}",3,"nuts_std_D_0.25,nuts_std_D_0.75,nuts_std_D_2.00",tz,10.0,68,0.8293706293706296,0.6480932203389831,0.9613198479152427,0.9272727272727272,-0.0979020979020977,False,False,False
B_sig,"sig{0.25,0.75,2.00}",3,"nuts_std_D_0.25,nuts_std_D_0.75,nuts_std_D_2.00",pooled,0.1,149,0.8112385321100917,0.7400966759848339,0.8819446934097127,0.9011467889908257,-0.089908256880734,False,False,False
B_sig,"sig{0.25,0.75,2.00}",3,"nuts_std_D_0.25,nuts_std_D_0.75,nuts_std_D_2.00",pooled,1.0,149,0.810091743119266,0.7306866769206923,0.880017712800981,0.8986238532110091,-0.08853211009174311,False,False,False
B_sig,"sig{0.25,0.75,2.00}",3,"nuts_std_D_0.25,nuts_std_D_0.75,nuts_std_D_2.00",pooled,10.0,149,0.808256880733945,0.7329986862029038,0.8809635766532318,0.8963302752293578,-0.08807339449541285,False,False,False
B_sig,"sig{0.25,0.75,3.00}",3,"nuts_std_D_0.25,nuts_std_D_0.75,nuts_std_D_3.00",pz,0.1,81,0.803840877914952,0.6962832883969537,0.8959020935960591,0.934156378600823,-0.13031550068587106,False,False,False
B_sig,"sig{0.25,0.75,3.00}",3,"nuts_std_D_0.25,nuts_std_D_0.75,nuts_std_D_3.00",pz,1.0,81,0.7928669410150891,0.6866512718217163,0.8804851143009036,0.9327846364883402,-0.13991769547325106,False,False,False
B_sig,"sig{0.25,0.75,3.00}",3,"nuts_std_D_0.25,nuts_std_D_0.75,nuts_std_D_3.00",pz,10.0,81,0.7832647462277091,0.6614705882352941,0.8845605157739382,0.9286694101508915,-0.1454046639231824,False,False,False
B_sig,"sig{0.25,0.75,3.00}",3,"nuts_std_D_0.25,nuts_std_D_0.75,nuts_std_D_3.00",tz,0.1,68,0.841958041958042,0.6874499764595104,0.9636363636363635,0.937062937062937,-0.09510489510489495,False,False,False
B_sig,"sig{0.25,0.75,3.00}",3,"nuts_std_D_0.25,nuts_std_D_0.75,nuts_std_D_3.00",tz,1.0,68,0.8223776223776225,0.6571018455228982,0.9586803296464975,0.9370629370629371,-0.11468531468531462,False,False,False
B_sig,"sig{0.25,0.75,3.00}",3,"nuts_std_D_0.25,nuts_std_D_0.75,nuts_std_D_3.00",tz,10.0,68,0.7972027972027972,0.6193719395358739,0.957349336793541,0.9272727272727272,-0.13006993006993006,False,False,False
B_sig,"sig{0.25,0.75,3.00}",3,"nuts_std_D_0.25,nuts_std_D_0.75,nuts_std_D_3.00",pooled,0.1,149,0.8107798165137614,0.7354492391077757,0.8811874611305102,0.9011467889908257,-0.09036697247706427,False,False,False
B_sig,"sig{0.25,0.75,3.00}",3,"nuts_std_D_0.25,nuts_std_D_0.75,nuts_std_D_3.00",pooled,1.0,149,0.8022935779816514,0.7125185566217334,0.874232408806389,0.8986238532110091,-0.09633027522935778,False,False,False
B_sig,"sig{0.25,0.75,3.00}",3,"nuts_std_D_0.25,nuts_std_D_0.75,nuts_std_D_3.00",pooled,10.0,149,0.8002293577981652,0.7068754733874729,0.8813536629605112,0.8963302752293578,-0.09610091743119265,False,False,False
B_sig,"sig{0.25,0.75,20.00}",3,"nuts_std_D_0.25,nuts_std_D_0.75,nuts_std_D_20.00",pz,0.1,81,0.8106995884773662,0.716811803061803,0.8919321589205398,0.934156378600823,-0.12345679012345678,False,False,False
B_sig,"sig{0.25,0.75,20.00}",3,"nuts_std_D_0.25,nuts_std_D_0.75,nuts_std_D_20.00",pz,1.0,81,0.8127572016460904,0.7181128185907046,0.900585703388907,0.9327846364883402,-0.12002743484224976,False,False,False
B_sig,"sig{0.25,0.75,20.00}",3,"nuts_std_D_0.25,nuts_std_D_0.75,nuts_std_D_20.00",pz,10.0,81,0.8100137174211247,0.7071496640614288,0.9014366618988021,0.9286694101508915,-0.11865569272976684,False,False,False
B_sig,"sig{0.25,0.75,20.00}",3,"nuts_std_D_0.25,nuts_std_D_0.75,nuts_std_D_20.00",tz,0.1,68,0.8447552447552448,0.7126804956896552,0.9569159368728335,0.937062937062937,-0.0923076923076922,False,False,False
B_sig,"sig{0.25,0.75,20.00}",3,"nuts_std_D_0.25,nuts_std_D_0.75,nuts_std_D_20.00",tz,1.0,68,0.8321678321678322,0.6706289528680636,0.9471884827044025,0.9370629370629371,-0.1048951048951049,False,False,False
B_sig,"sig{0.25,0.75,20.00}",3,"nuts_std_D_0.25,nuts_std_D_0.75,nuts_std_D_20.00",tz,10.0,68,0.8279720279720281,0.6719246031746032,0.9498802846459095,0.9272727272727272,-0.09930069930069918,False,False,False
B_sig,"sig{0.25,0.75,20.00}",3,"nuts_std_D_0.25,nuts_std_D_0.75,nuts_std_D_20.00",pooled,0.1,149,0.8126146788990825,0.7359980734218539,0.8778394728901966,0.9011467889908257,-0.08853211009174322,False,False,False
B_sig,"sig{0.25,0.75,20.00}",3,"nuts_std_D_0.25,nuts_std_D_0.75,nuts_std_D_20.00",pooled,1.0,149,0.8151376146788991,0.7403200104493207,0.883336247086247,0.8986238532110091,-0.08348623853211001,False,False,False
B_sig,"sig{0.25,0.75,20.00}",3,"nuts_std_D_0.25,nuts_std_D_0.75,nuts_std_D_20.00",pooled,10.0,149,0.815137614678899,0.7346830777867774,0.8838469007627887,0.8963302752293578,-0.08119266055045882,False,False,False
B_sig,"sig{0.25,1.00,1.50}",3,"nuts_std_D_0.25,nuts_std_D_1.00,nuts_std_D_1.50",pz,0.1,81,0.845679012345679,0.7575107921152546,0.9246092132505175,0.934156378600823,-0.08847736625514402,False,False,False
B_sig,"sig{0.25,1.00,1.50}",3,"nuts_std_D_0.25,nuts_std_D_1.00,nuts_std_D_1.50",pz,1.0,81,0.8443072702331962,0.7540262803234502,0.9228801198801199,0.9327846364883402,-0.08847736625514402,False,False,False
B_sig,"sig{0.25,1.00,1.50}",3,"nuts_std_D_0.25,nuts_std_D_1.00,nuts_std_D_1.50",pz,10.0,81,0.8422496570644719,0.7479503044125687,0.9242938672173348,0.9286694101508915,-0.08641975308641969,False,False,False
B_sig,"sig{0.25,1.00,1.50}",3,"nuts_std_D_0.25,nuts_std_D_1.00,nuts_std_D_1.50",tz,0.1,68,0.8447552447552448,0.7054987980769231,0.9566455419580421,0.937062937062937,-0.0923076923076922,False,False,False
B_sig,"sig{0.25,1.00,1.50}",3,"nuts_std_D_0.25,nuts_std_D_1.00,nuts_std_D_1.50",tz,1.0,68,0.8517482517482518,0.7205654955541098,0.9620689655172414,0.9370629370629371,-0.08531468531468533,False,False,False
B_sig,"sig{0.25,1.00,1.50}",3,"nuts_std_D_0.25,nuts_std_D_1.00,nuts_std_D_1.50",tz,10.0,68,0.8335664335664337,0.6880380994902704,0.9517348622339548,0.9272727272727272,-0.09370629370629358,False,False,False
B_sig,"sig{0.25,1.00,1.50}",3,"nuts_std_D_0.25,nuts_std_D_1.00,nuts_std_D_1.50",pooled,0.1,149,0.8139908256880735,0.7315839256424276,0.8863728808738195,0.9011467889908257,-0.08715596330275222,False,False,False
B_sig,"sig{0.25,1.00,1.50}",3,"nuts_std_D_0.25,nuts_std_D_1.00,nuts_std_D_1.50",pooled,1.0,149,0.8139908256880733,0.7391228281853283,0.8845483641536274,0.8986238532110091,-0.08463302752293578,False,False,False
B_sig,"sig{0.25,1.00,1.50}",3,"nuts_std_D_0.25,nuts_std_D_1.00,nuts_std_D_1.50",pooled,10.0,149,0.8160550458715595,0.7407918638993405,0.8800806438525544,0.8963302752293578,-0.0802752293577983,False,False,False
B_sig,"sig{0.25,1.00,2.00}",3,"nuts_std_D_0.25,nuts_std_D_1.00,nuts_std_D_2.00",pz,0.1,81,0.8216735253772292,0.7238501453903239,0.9007377888655461,0.934156378600823,-0.11248285322359386,False,False,False
B_sig,"sig{0.25,1.00,2.00}",3,"nuts_std_D_0.25,nuts_std_D_1.00,nuts_std_D_2.00",pz,1.0,81,0.8148148148148148,0.7137216386554622,0.8991796737213403,0.9327846364883402,-0.11796982167352543,False,False,False
B_sig,"sig{0.25,1.00,2.00}",3,"nuts_std_D_0.25,nuts_std_D_1.00,nuts_std_D_2.00",pz,10.0,81,0.8100137174211248,0.708391477338254,0.8954939890476598,0.9286694101508915,-0.11865569272976673,False,False,False
B_sig,"sig{0.25,1.00,2.00}",3,"nuts_std_D_0.25,nuts_std_D_1.00,nuts_std_D_2.00",tz,0.1,68,0.834965034965035,0.6651686928302394,0.9625204346092504,0.937062937062937,-0.10209790209790193,False,False,False
B_sig,"sig{0.25,1.00,2.00}",3,"nuts_std_D_0.25,nuts_std_D_1.00,nuts_std_D_2.00",tz,1.0,68,0.8349650349650349,0.6560667204735001,0.964915817770232,0.9370629370629371,-0.10209790209790215,False,False,False
B_sig,"sig{0.25,1.00,2.00}",3,"nuts_std_D_0.25,nuts_std_D_1.00,nuts_std_D_2.00",tz,10.0,68,0.8307692307692309,0.654729064039409,0.9649338189223058,0.9272727272727272,-0.09650349650349632,False,False,False
B_sig,"sig{0.25,1.00,2.00}",3,"nuts_std_D_0.25,nuts_std_D_1.00,nuts_std_D_2.00",pooled,0.1,149,0.8116972477064219,0.7404194217836323,0.8832283610389055,0.9011467889908257,-0.08944954128440374,False,False,False
B_sig,"sig{0.25,1.00,2.00}",3,"nuts_std_D_0.25,nuts_std_D_1.00,nuts_std_D_2.00",pooled,1.0,149,0.8073394495412843,0.7284370391637413,0.8754701055956592,0.8986238532110091,-0.09128440366972479,False,False,False
B_sig,"sig{0.25,1.00,2.00}",3,"nuts_std_D_0.25,nuts_std_D_1.00,nuts_std_D_2.00",pooled,10.0,149,0.8061926605504587,0.7293907535521716,0.8739491242702251,0.8963302752293578,-0.09013761467889914,False,False,False
B_sig,"sig{0.25,1.00,3.00}",3,"nuts_std_D_0.25,nuts_std_D_1.00,nuts_std_D_3.00",pz,0.1,81,0.8106995884773662,0.7142782217782218,0.9020586113825679,0.934156378600823,-0.12345679012345678,False,False,False
B_sig,"sig{0.25,1.00,3.00}",3,"nuts_std_D_0.25,nuts_std_D_1.00,nuts_std_D_3.00",pz,1.0,81,0.7956104252400549,0.6907083333333334,0.8895408836446571,0.9327846364883402,-0.13717421124828533,False,False,False
B_sig,"sig{0.25,1.00,3.00}",3,"nuts_std_D_0.25,nuts_std_D_1.00,nuts_std_D_3.00",pz,10.0,81,0.7935528120713305,0.6840952380952381,0.8879400005313214,0.9286694101508915,-0.135116598079561,False,False,False
B_sig,"sig{0.25,1.00,3.00}",3,"nuts_std_D_0.25,nuts_std_D_1.00,nuts_std_D_3.00",tz,0.1,68,0.8335664335664336,0.6723933016560771,0.956897582907111,0.937062937062937,-0.10349650349650341,False,False,False
B_sig,"sig{0.25,1.00,3.00}",3,"nuts_std_D_0.25,nuts_std_D_1.00,nuts_std_D_3.00",tz,1.0,68,0.8223776223776225,0.6440668042710276,0.9522327044025157,0.9370629370629371,-0.11468531468531462,False,False,False
B_sig,"sig{0.25,1.00,3.00}",3,"nuts_std_D_0.25,nuts_std_D_1.00,nuts_std_D_3.00",tz,10.0,68,0.7958041958041958,0.6040625,0.9531687595897602,0.9272727272727272,-0.13146853146853144,False,False,False
B_sig,"sig{0.25,1.00,3.00}",3,"nuts_std_D_0.25,nuts_std_D_1.00,nuts_std_D_3.00",pooled,0.1,149,0.8121559633027523,0.7295681879023072,0.8779967565563896,0.9011467889908257,-0.08899082568807337,False,False,False
B_sig,"sig{0.25,1.00,3.00}",3,"nuts_std_D_0.25,nuts_std_D_1.00,nuts_std_D_3.00",pooled,1.0,149,0.8025229357798165,0.7136156989428017,0.8844113724678669,0.8986238532110091,-0.09610091743119265,False,False,False
B_sig,"sig{0.25,1.00,3.00}",3,"nuts_std_D_0.25,nuts_std_D_1.00,nuts_std_D_3.00",pooled,10.0,149,0.7993119266055045,0.7153672470597249,0.8735709847778813,0.8963302752293578,-0.09701834862385328,False,False,False
B_sig,"sig{0.25,1.00,20.00}",3,"nuts_std_D_0.25,nuts_std_D_1.00,nuts_std_D_20.00",pz,0.1,81,0.812071330589849,0.7241265880217785,0.8952586206896552,0.934156378600823,-0.12208504801097397,False,False,False
B_sig,"sig{0.25,1.00,20.00}",3,"nuts_std_D_0.25,nuts_std_D_1.00,nuts_std_D_20.00",pz,1.0,81,0.8161865569272977,0.7065359477124183,0.9090504175688215,0.9327846364883402,-0.11659807956104251,False,False,False
B_sig,"sig{0.25,1.00,20.00}",3,"nuts_std_D_0.25,nuts_std_D_1.00,nuts_std_D_20.00",pz,10.0,81,0.8155006858710563,0.7172573189522343,0.9142916228991597,0.9286694101508915,-0.11316872427983526,False,False,False
B_sig,"sig{0.25,1.00,20.00}",3,"nuts_std_D_0.25,nuts_std_D_1.00,nuts_std_D_20.00",tz,0.1,68,0.8433566433566434,0.6964990421455939,0.954807635915782,0.937062937062937,-0.09370629370629358,False,False,False
B_sig,"sig{0.25,1.00,20.00}",3,"nuts_std_D_0.25,nuts_std_D_1.00,nuts_std_D_20.00",tz,1.0,68,0.827972027972028,0.6784941620879121,0.9484374999999999,0.9370629370629371,-0.10909090909090913,False,False,False
B_sig,"sig{0.25,1.00,20.00}",3,"nuts_std_D_0.25,nuts_std_D_1.00,nuts_std_D_20.00",tz,10.0,68,0.827972027972028,0.685389553948876,0.9534662356321838,0.9272727272727272,-0.09930069930069929,False,False,False
B_sig,"sig{0.25,1.00,20.00}",3,"nuts_std_D_0.25,nuts_std_D_1.00,nuts_std_D_20.00",pooled,0.1,149,0.8128440366972477,0.7346923563003184,0.8768754664875354,0.9011467889908257,-0.08830275229357798,False,False,False
B_sig,"sig{0.25,1.00,20.00}",3,"nuts_std_D_0.25,nuts_std_D_1.00,nuts_std_D_20.00",pooled,1.0,149,0.811697247706422,0.7331673060221899,0.8865538990825689,0.8986238532110091,-0.08692660550458708,False,False,False
B_sig,"sig{0.25,1.00,20.00}",3,"nuts_std_D_0.25,nuts_std_D_1.00,nuts_std_D_20.00",pooled,10.0,149,0.8121559633027523,0.7336781030621473,0.8809908139513403,0.8963302752293578,-0.08417431192660552,False,False,False
B_sig,"sig{0.25,1.50,2.00}",3,"nuts_std_D_0.25,nuts_std_D_1.50,nuts_std_D_2.00",pz,0.1,81,0.840877914951989,0.7411905867978982,0.9130430564580174,0.934156378600823,-0.09327846364883396,False,False,False
B_sig,"sig{0.25,1.50,2.00}",3,"nuts_std_D_0.25,nuts_std_D_1.50,nuts_std_D_2.00",pz,1.0,81,0.8395061728395061,0.7483660130718954,0.9189090909090909,0.9327846364883402,-0.09327846364883408,False,False,False
B_sig,"sig{0.25,1.50,2.00}",3,"nuts_std_D_0.25,nuts_std_D_1.50,nuts_std_D_2.00",pz,10.0,81,0.836076817558299,0.7406231880207815,0.922446949602122,0.9286694101508915,-0.09259259259259256,False,False,False
B_sig,"sig{0.25,1.50,2.00}",3,"nuts_std_D_0.25,nuts_std_D_1.50,nuts_std_D_2.00",tz,0.1,68,0.8419580419580419,0.6623168103448276,0.9689838035527691,0.937062937062937,-0.09510489510489506,False,False,False
B_sig,"sig{0.25,1.50,2.00}",3,"nuts_std_D_0.25,nuts_std_D_1.50,nuts_std_D_2.00",tz,1.0,68,0.8265734265734266,0.6401977285166941,0.9664914772727272,0.9370629370629371,-0.1104895104895105,False,False,False
B_sig,"sig{0.25,1.50,2.00}",3,"nuts_std_D_0.25,nuts_std_D_1.50,nuts_std_D_2.00",tz,10.0,68,0.8111888111888113,0.6188059567697187,0.9755324592260952,0.9272727272727272,-0.116083916083916,False,False,False
B_sig,"sig{0.25,1.50,2.00}",3,"nuts_std_D_0.25,nuts_std_D_1.50,nuts_std_D_2.00",pooled,0.1,149,0.8181192660550458,0.7393451662412913,0.8905983217852483,0.9011467889908257,-0.08302752293577986,False,False,False
B_sig,"sig{0.25,1.50,2.00}",3,"nuts_std_D_0.25,nuts_std_D_1.50,nuts_std_D_2.00",pooled,1.0,149,0.8128440366972477,0.7287572962268084,0.8888244230927158,0.8986238532110091,-0.08577981651376143,False,False,False
B_sig,"sig{0.25,1.50,2.00}",3,"nuts_std_D_0.25,nuts_std_D_1.50,nuts_std_D_2.00",pooled,10.0,149,0.8105504587155963,0.725152758836539,0.8961719643825716,0.8963302752293578,-0.08577981651376154,False,False,False
B_sig,"sig{0.25,1.50,3.00}",3,"nuts_std_D_0.25,nuts_std_D_1.50,nuts_std_D_3.00",pz,0.1,81,0.8408779149519889,0.746606527093596,0.9206572865136647,0.934156378600823,-0.09327846364883408,False,False,False
B_sig,"sig{0.25,1.50,3.00}",3,"nuts_std_D_0.25,nuts_std_D_1.50,nuts_std_D_3.00",pz,1.0,81,0.8415637860082305,0.7411384960378604,0.9198532790309105,0.9327846364883402,-0.09122085048010975,False,False,False
B_sig,"sig{0.25,1.50,3.00}",3,"nuts_std_D_0.25,nuts_std_D_1.50,nuts_std_D_3.00",pz,10.0,81,0.8388203017832647,0.7426724137931033,0.9242917789757412,0.9286694101508915,-0.08984910836762683,False,False,False
B_sig,"sig{0.25,1.50,3.00}",3,"nuts_std_D_0.25,nuts_std_D_1.50,nuts_std_D_3.00",tz,0.1,68,0.8265734265734265,0.6677500000000001,0.9524590163934427,0.937062937062937,-0.1104895104895105,False,False,False
B_sig,"sig{0.25,1.50,3.00}",3,"nuts_std_D_0.25,nuts_std_D_1.50,nuts_std_D_3.00",tz,1.0,68,0.8181818181818181,0.6499929378531074,0.9553587012127231,0.9370629370629371,-0.11888111888111896,False,False,False
B_sig,"sig{0.25,1.50,3.00}",3,"nuts_std_D_0.25,nuts_std_D_1.50,nuts_std_D_3.00",tz,10.0,68,0.7972027972027972,0.61452006826742,0.955381743936644,0.9272727272727272,-0.13006993006993006,False,False,False
B_sig,"sig{0.25,1.50,3.00}",3,"nuts_std_D_0.25,nuts_std_D_1.50,nuts_std_D_3.00",pooled,0.1,149,0.8197247706422018,0.7359676295080259,0.8891033677482792,0.9011467889908257,-0.08142201834862384,False,False,False
B_sig,"sig{0.25,1.50,3.00}",3,"nuts_std_D_0.25,nuts_std_D_1.50,nuts_std_D_3.00",pooled,1.0,149,0.8165137614678899,0.728011646514936,0.8891069347319347,0.8986238532110091,-0.08211009174311923,False,False,False
B_sig,"sig{0.25,1.50,3.00}",3,"nuts_std_D_0.25,nuts_std_D_1.50,nuts_std_D_3.00",pooled,10.0,149,0.8144495412844038,0.73229571384334,0.8989700528085485,0.8963302752293578,-0.08188073394495399,False,False,False
B_sig,"sig{0.25,1.50,20.00}",3,"nuts_std_D_0.25,nuts_std_D_1.50,nuts_std_D_20.00",pz,0.1,81,0.8491083676268861,0.7567706212030462,0.9245377921329823,0.934156378600823,-0.08504801097393688,False,False,False
B_sig,"sig{0.25,1.50,20.00}",3,"nuts_std_D_0.25,nuts_std_D_1.50,nuts_std_D_20.00",pz,1.0,81,0.845679012345679,0.761520979020979,0.9272249448664543,0.9327846364883402,-0.08710562414266121,False,False,False
B_sig,"sig{0.25,1.50,20.00}",3,"nuts_std_D_0.25,nuts_std_D_1.50,nuts_std_D_20.00",pz,10.0,81,0.8443072702331962,0.7398212387028176,0.9293641047472465,0.9286694101508915,-0.08436213991769537,False,False,False
B_sig,"sig{0.25,1.50,20.00}",3,"nuts_std_D_0.25,nuts_std_D_1.50,nuts_std_D_20.00",tz,0.1,68,0.8265734265734265,0.6666195856873822,0.9453955923235584,0.937062937062937,-0.1104895104895105,False,False,False
B_sig,"sig{0.25,1.50,20.00}",3,"nuts_std_D_0.25,nuts_std_D_1.50,nuts_std_D_20.00",tz,1.0,68,0.8503496503496504,0.7063492063492064,0.9633292773469724,0.9370629370629371,-0.08671328671328671,False,False,False
B_sig,"sig{0.25,1.50,20.00}",3,"nuts_std_D_0.25,nuts_std_D_1.50,nuts_std_D_20.00",tz,10.0,68,0.8531468531468531,0.7113029076186971,0.9625540924690321,0.9272727272727272,-0.07412587412587412,False,False,False
B_sig,"sig{0.25,1.50,20.00}",3,"nuts_std_D_0.25,nuts_std_D_1.50,nuts_std_D_20.00",pooled,0.1,149,0.8194954128440367,0.7429803739766451,0.8862098874032371,0.9011467889908257,-0.08165137614678897,False,False,False
B_sig,"sig{0.25,1.50,20.00}",3,"nuts_std_D_0.25,nuts_std_D_1.50,nuts_std_D_20.00",pooled,1.0,149,0.8190366972477064,0.738925762045231,0.8961216226302434,0.8986238532110091,-0.07958715596330268,False,False,False
B_sig,"sig{0.25,1.50,20.00}",3,"nuts_std_D_0.25,nuts_std_D_1.50,nuts_std_D_20.00",pooled,10.0,149,0.818348623853211,0.7395935785409469,0.8917475210823834,0.8963302752293578,-0.07798165137614677,False,False,False
B_sig,"sig{0.25,2.00,3.00}",3,"nuts_std_D_0.25,nuts_std_D_2.00,nuts_std_D_3.00",pz,0.1,81,0.8155006858710563,0.7266641679160419,0.8958216783216782,0.934156378600823,-0.11865569272976673,False,False,False
B_sig,"sig{0.25,2.00,3.00}",3,"nuts_std_D_0.25,nuts_std_D_2.00,nuts_std_D_3.00",pz,1.0,81,0.8374485596707819,0.7406422898338222,0.9176482691842169,0.9327846364883402,-0.09533607681755829,False,False,False
B_sig,"sig{0.25,2.00,3.00}",3,"nuts_std_D_0.25,nuts_std_D_2.00,nuts_std_D_3.00",pz,10.0,81,0.8449931412894376,0.7626886145404664,0.9245612442507868,0.9286694101508915,-0.08367626886145396,False,False,False
B_sig,"sig{0.25,2.00,3.00}",3,"nuts_std_D_0.25,nuts_std_D_2.00,nuts_std_D_3.00",tz,0.1,68,0.8391608391608393,0.659212840339485,0.9713199142055766,0.937062937062937,-0.0979020979020977,False,False,False
B_sig,"sig{0.25,2.00,3.00}",3,"nuts_std_D_0.25,nuts_std_D_2.00,nuts_std_D_3.00",tz,1.0,68,0.8321678321678321,0.641379053776683,0.9673691599281221,0.9370629370629371,-0.104895104895105,False,False,False
B_sig,"sig{0.25,2.00,3.00}",3,"nuts_std_D_0.25,nuts_std_D_2.00,nuts_std_D_3.00",tz,10.0,68,0.8069930069930069,0.595832604895105,0.9687713715805472,0.9272727272727272,-0.12027972027972034,False,False,False
B_sig,"sig{0.25,2.00,3.00}",3,"nuts_std_D_0.25,nuts_std_D_2.00,nuts_std_D_3.00",pooled,0.1,149,0.821559633027523,0.7508889959145714,0.8818849976476123,0.9011467889908257,-0.07958715596330268,False,False,False
B_sig,"sig{0.25,2.00,3.00}",3,"nuts_std_D_0.25,nuts_std_D_2.00,nuts_std_D_3.00",pooled,1.0,149,0.8169724770642202,0.7401536553417084,0.8859522146073147,0.8986238532110091,-0.08165137614678897,False,False,False
B_sig,"sig{0.25,2.00,3.00}",3,"nuts_std_D_0.25,nuts_std_D_2.00,nuts_std_D_3.00",pooled,10.0,149,0.8142201834862385,0.7297249848898993,0.8940496256847347,0.8963302752293578,-0.08211009174311934,False,False,False
B_sig,"sig{0.25,2.00,20.00}",3,"nuts_std_D_0.25,nuts_std_D_2.00,nuts_std_D_20.00",pz,0.1,81,0.8148148148148149,0.7098569023569024,0.8993006993006993,0.934156378600823,-0.11934156378600813,False,False,False
B_sig,"sig{0.25,2.00,20.00}",3,"nuts_std_D_0.25,nuts_std_D_2.00,nuts_std_D_20.00",pz,1.0,81,0.8305898491083676,0.7300000000000001,0.9184418798665183,0.9327846364883402,-0.10219478737997256,False,False,False
B_sig,"sig{0.25,2.00,20.00}",3,"nuts_std_D_0.25,nuts_std_D_2.00,nuts_std_D_20.00",pz,10.0,81,0.836076817558299,0.7485248266554981,0.9121787918871251,0.9286694101508915,-0.09259259259259256,False,False,False
B_sig,"sig{0.25,2.00,20.00}",3,"nuts_std_D_0.25,nuts_std_D_2.00,nuts_std_D_20.00",tz,0.1,68,0.8559440559440561,0.7016810344827585,0.9604519774011299,0.937062937062937,-0.08111888111888088,False,False,False
B_sig,"sig{0.25,2.00,20.00}",3,"nuts_std_D_0.25,nuts_std_D_2.00,nuts_std_D_20.00",tz,1.0,68,0.8391608391608392,0.6650595594098883,0.9708349867724868,0.9370629370629371,-0.09790209790209792,False,False,False
B_sig,"sig{0.25,2.00,20.00}",3,"nuts_std_D_0.25,nuts_std_D_2.00,nuts_std_D_20.00",tz,10.0,68,0.813986013986014,0.6354166666666667,0.9633539466161114,0.9272727272727272,-0.11328671328671325,False,False,False
B_sig,"sig{0.25,2.00,20.00}",3,"nuts_std_D_0.25,nuts_std_D_2.00,nuts_std_D_20.00",pooled,0.1,149,0.8176605504587156,0.7490925317907025,0.88508279238218,0.9011467889908257,-0.08348623853211012,False,False,False
B_sig,"sig{0.25,2.00,20.00}",3,"nuts_std_D_0.25,nuts_std_D_2.00,nuts_std_D_20.00",pooled,1.0,149,0.8263761467889909,0.7524712509293234,0.8930998665209119,0.8986238532110091,-0.07224770642201828,False,False,False
B_sig,"sig{0.25,2.00,20.00}",3,"nuts_std_D_0.25,nuts_std_D_2.00,nuts_std_D_20.00",pooled,10.0,149,0.826605504587156,0.7503467283072547,0.8937361609298475,0.8963302752293578,-0.06972477064220184,False,False,False
B_sig,"sig{0.25,3.00,20.00}",3,"nuts_std_D_0.25,nuts_std_D_3.00,nuts_std_D_20.00",pz,0.1,81,0.799039780521262,0.6978575012905069,0.8841351320402374,0.934156378600823,-0.135116598079561,False,False,False
B_sig,"sig{0.25,3.00,20.00}",3,"nuts_std_D_0.25,nuts_std_D_3.00,nuts_std_D_20.00",pz,1.0,81,0.827846364883402,0.7338683127572017,0.9013967229804094,0.9327846364883402,-0.10493827160493818,False,False,False
B_sig,"sig{0.25,3.00,20.00}",3,"nuts_std_D_0.25,nuts_std_D_3.00,nuts_std_D_20.00",pz,10.0,81,0.8264746227709191,0.7314949135141862,0.900015408320493,0.9286694101508915,-0.10219478737997245,False,False,False
B_sig,"sig{0.25,3.00,20.00}",3,"nuts_std_D_0.25,nuts_std_D_3.00,nuts_std_D_20.00",tz,0.1,68,0.841958041958042,0.7050090799031477,0.9625074404761904,0.937062937062937,-0.09510489510489495,False,False,False
B_sig,"sig{0.25,3.00,20.00}",3,"nuts_std_D_0.25,nuts_std_D_3.00,nuts_std_D_20.00",tz,1.0,68,0.820979020979021,0.6378879310344827,0.9657820066585956,0.9370629370629371,-0.1160839160839161,False,False,False
B_sig,"sig{0.25,3.00,20.00}",3,"nuts_std_D_0.25,nuts_std_D_3.00,nuts_std_D_20.00",tz,10.0,68,0.7944055944055944,0.5998521505376344,0.9505647501764845,0.9272727272727272,-0.1328671328671328,False,False,False
B_sig,"sig{0.25,3.00,20.00}",3,"nuts_std_D_0.25,nuts_std_D_3.00,nuts_std_D_20.00",pooled,0.1,149,0.8213302752293578,0.7475596455973693,0.8882055059278289,0.9011467889908257,-0.07981651376146792,False,False,False
B_sig,"sig{0.25,3.00,20.00}",3,"nuts_std_D_0.25,nuts_std_D_3.00,nuts_std_D_20.00",pooled,1.0,149,0.8190366972477064,0.7432130423288175,0.8920854599287362,0.8986238532110091,-0.07958715596330268,False,False,False
B_sig,"sig{0.25,3.00,20.00}",3,"nuts_std_D_0.25,nuts_std_D_3.00,nuts_std_D_20.00",pooled,10.0,149,0.8181192660550458,0.7390836035041731,0.8885675342982009,0.8963302752293578,-0.07821100917431201,False,False,False
B_sig,"sig{0.50,0.75,1.00}",3,"nuts_std_D_0.50,nuts_std_D_0.75,nuts_std_D_1.00",pz,0.1,81,0.8106995884773662,0.7068443302387267,0.8971318342151675,0.934156378600823,-0.12345679012345678,False,False,False
B_sig,"sig{0.50,0.75,1.00}",3,"nuts_std_D_0.50,nuts_std_D_0.75,nuts_std_D_1.00",pz,1.0,81,0.8113854595336076,0.7088386182782735,0.9034115829346093,0.9327846364883402,-0.12139917695473257,False,False,False
B_sig,"sig{0.50,0.75,1.00}",3,"nuts_std_D_0.50,nuts_std_D_0.75,nuts_std_D_1.00",pz,10.0,81,0.8230452674897119,0.7185407359579321,0.9091583831808584,0.9286694101508915,-0.1056241426611797,False,False,False
B_sig,"sig{0.50,0.75,1.00}",3,"nuts_std_D_0.50,nuts_std_D_0.75,nuts_std_D_1.00",tz,0.1,68,0.8363636363636363,0.6591889880952382,0.9509433962264151,0.937062937062937,-0.10069930069930066,False,False,False
B_sig,"sig{0.50,0.75,1.00}",3,"nuts_std_D_0.50,nuts_std_D_0.75,nuts_std_D_1.00",tz,1.0,68,0.8391608391608392,0.6891494835573784,0.9608773216031281,0.9370629370629371,-0.09790209790209792,False,False,False
B_sig,"sig{0.50,0.75,1.00}",3,"nuts_std_D_0.50,nuts_std_D_0.75,nuts_std_D_1.00",tz,10.0,68,0.841958041958042,0.6889661256659527,0.9553482190324295,0.9272727272727272,-0.08531468531468522,False,False,False
B_sig,"sig{0.50,0.75,1.00}",3,"nuts_std_D_0.50,nuts_std_D_0.75,nuts_std_D_1.00",pooled,0.1,149,0.7974770642201835,0.7197918965992964,0.8696844675792044,0.9011467889908257,-0.10366972477064218,False,False,False
B_sig,"sig{0.50,0.75,1.00}",3,"nuts_std_D_0.50,nuts_std_D_0.75,nuts_std_D_1.00",pooled,1.0,149,0.7951834862385322,0.7134950822127546,0.8692643423299437,0.8986238532110091,-0.10344036697247694,False,False,False
B_sig,"sig{0.50,0.75,1.00}",3,"nuts_std_D_0.50,nuts_std_D_0.75,nuts_std_D_1.00",pooled,10.0,149,0.7926605504587156,0.7095557207925628,0.8709722598716906,0.8963302752293578,-0.10366972477064218,False,False,False
B_sig,"sig{0.50,0.75,1.50}",3,"nuts_std_D_0.50,nuts_std_D_0.75,nuts_std_D_1.50",pz,0.1,81,0.8353909465020576,0.7339956195244055,0.9221373094118995,0.934156378600823,-0.09876543209876543,False,False,False
B_sig,"sig{0.50,0.75,1.50}",3,"nuts_std_D_0.50,nuts_std_D_0.75,nuts_std_D_1.50",pz,1.0,81,0.8436213991769548,0.752192913839668,0.9206700221317912,0.9327846364883402,-0.08916323731138542,False,False,False
B_sig,"sig{0.50,0.75,1.50}",3,"nuts_std_D_0.50,nuts_std_D_0.75,nuts_std_D_1.50",pz,10.0,81,0.8470507544581618,0.7528968330753354,0.9211324221046444,0.9286694101508915,-0.08161865569272975,False,False,False
B_sig,"sig{0.50,0.75,1.50}",3,"nuts_std_D_0.50,nuts_std_D_0.75,nuts_std_D_1.50",tz,0.1,68,0.8405594405594405,0.6893003520808882,0.9529241701977401,0.937062937062937,-0.09650349650349643,False,False,False
B_sig,"sig{0.50,0.75,1.50}",3,"nuts_std_D_0.50,nuts_std_D_0.75,nuts_std_D_1.50",tz,1.0,68,0.8461538461538461,0.6722548860595248,0.9613822471078827,0.9370629370629371,-0.09090909090909094,False,False,False
B_sig,"sig{0.50,0.75,1.50}",3,"nuts_std_D_0.50,nuts_std_D_0.75,nuts_std_D_1.50",tz,10.0,68,0.8433566433566434,0.7008308531746031,0.9598290826498063,0.9272727272727272,-0.08391608391608385,False,False,False
B_sig,"sig{0.50,0.75,1.50}",3,"nuts_std_D_0.50,nuts_std_D_0.75,nuts_std_D_1.50",pooled,0.1,149,0.7993119266055045,0.7202981169864613,0.8741699239170647,0.9011467889908257,-0.10183486238532113,False,False,False
B_sig,"sig{0.50,0.75,1.50}",3,"nuts_std_D_0.50,nuts_std_D_0.75,nuts_std_D_1.50",pooled,1.0,149,0.7981651376146789,0.7104300023707918,0.8710727608327751,0.8986238532110091,-0.10045871559633024,False,False,False
B_sig,"sig{0.50,0.75,1.50}",3,"nuts_std_D_0.50,nuts_std_D_0.75,nuts_std_D_1.50",pooled,10.0,149,0.7965596330275229,0.7169414972001179,0.8734046052631579,0.8963302752293578,-0.09977064220183496,False,False,False
B_sig,"sig{0.50,0.75,2.00}",3,"nuts_std_D_0.50,nuts_std_D_0.75,nuts_std_D_2.00",pz,0.1,81,0.8148148148148149,0.7193728828980152,0.8949017910182374,0.934156378600823,-0.11934156378600813,False,False,False
B_sig,"sig{0.50,0.75,2.00}",3,"nuts_std_D_0.50,nuts_std_D_0.75,nuts_std_D_2.00",pz,1.0,81,0.8093278463648834,0.7219274414009637,0.8947774598032616,0.9327846364883402,-0.12345679012345678,False,False,False
B_sig,"sig{0.50,0.75,2.00}",3,"nuts_std_D_0.50,nuts_std_D_0.75,nuts_std_D_2.00",pz,10.0,81,0.7997256515775033,0.7009722968134623,0.8864386390358613,0.9286694101508915,-0.12894375857338825,False,False,False
B_sig,"sig{0.50,0.75,2.00}",3,"nuts_std_D_0.50,nuts_std_D_0.75,nuts_std_D_2.00",tz,0.1,68,0.8377622377622378,0.6646552666083917,0.961317791005291,0.937062937062937,-0.09930069930069918,False,False,False
B_sig,"sig{0.50,0.75,2.00}",3,"nuts_std_D_0.50,nuts_std_D_0.75,nuts_std_D_2.00",tz,1.0,68,0.834965034965035,0.6568583187219948,0.957250204100145,0.9370629370629371,-0.10209790209790204,False,False,False
B_sig,"sig{0.50,0.75,2.00}",3,"nuts_std_D_0.50,nuts_std_D_0.75,nuts_std_D_2.00",tz,10.0,68,0.834965034965035,0.6481403013182674,0.9741465242259253,0.9272727272727272,-0.0923076923076922,False,False,False
B_sig,"sig{0.50,0.75,2.00}",3,"nuts_std_D_0.50,nuts_std_D_0.75,nuts_std_D_2.00",pooled,0.1,149,0.7942660550458716,0.7123182405085292,0.8677747136679613,0.9011467889908257,-0.10688073394495412,False,False,False
B_sig,"sig{0.50,0.75,2.00}",3,"nuts_std_D_0.50,nuts_std_D_0.75,nuts_std_D_2.00",pooled,1.0,149,0.7908256880733945,0.705552076384047,0.8686859970173367,0.8986238532110091,-0.10779816513761464,False,False,False
B_sig,"sig{0.50,0.75,2.00}",3,"nuts_std_D_0.50,nuts_std_D_0.75,nuts_std_D_2.00",pooled,10.0,149,0.7887614678899082,0.7079977750333255,0.8584161789980755,0.8963302752293578,-0.10756880733944962,False,False,False
B_sig,"sig{0.50,0.75,3.00}",3,"nuts_std_D_0.50,nuts_std_D_0.75,nuts_std_D_3.00",pz,0.1,81,0.7997256515775034,0.6919761904761904,0.88277075692634,0.934156378600823,-0.1344307270233196,False,False,False
B_sig,"sig{0.50,0.75,3.00}",3,"nuts_std_D_0.50,nuts_std_D_0.75,nuts_std_D_3.00",pz,1.0,81,0.7873799725651578,0.667080495422264,0.8788175186882083,0.9327846364883402,-0.1454046639231824,False,False,False
B_sig,"sig{0.50,0.75,3.00}",3,"nuts_std_D_0.50,nuts_std_D_0.75,nuts_std_D_3.00",pz,10.0,81,0.7750342935528121,0.6644491436925648,0.8813457400197442,0.9286694101508915,-0.1536351165980795,False,False,False
B_sig,"sig{0.50,0.75,3.00}",3,"nuts_std_D_0.50,nuts_std_D_0.75,nuts_std_D_3.00",tz,0.1,68,0.827972027972028,0.6704090952303348,0.9393939393939393,0.937062937062937,-0.10909090909090902,False,False,False
B_sig,"sig{0.50,0.75,3.00}",3,"nuts_std_D_0.50,nuts_std_D_0.75,nuts_std_D_3.00",tz,1.0,68,0.8293706293706294,0.6557078986587183,0.9520907738095239,0.9370629370629371,-0.10769230769230764,False,False,False
B_sig,"sig{0.50,0.75,3.00}",3,"nuts_std_D_0.50,nuts_std_D_0.75,nuts_std_D_3.00",tz,10.0,68,0.8265734265734266,0.6554950408692185,0.9524905303030302,0.9272727272727272,-0.10069930069930066,False,False,False
B_sig,"sig{0.50,0.75,3.00}",3,"nuts_std_D_0.50,nuts_std_D_0.75,nuts_std_D_3.00",pooled,0.1,149,0.7931192660550458,0.712332693947144,0.8641125541125543,0.9011467889908257,-0.10802752293577988,False,False,False
B_sig,"sig{0.50,0.75,3.00}",3,"nuts_std_D_0.50,nuts_std_D_0.75,nuts_std_D_3.00",pooled,1.0,149,0.7873853211009174,0.6969193077564638,0.8674498746867167,0.8986238532110091,-0.11123853211009171,False,False,False
B_sig,"sig{0.50,0.75,3.00}",3,"nuts_std_D_0.50,nuts_std_D_0.75,nuts_std_D_3.00",pooled,10.0,149,0.7827981651376147,0.6932136083451872,0.8611255411255412,0.8963302752293578,-0.11353211009174313,False,False,False
B_sig,"sig{0.50,0.75,20.00}",3,"nuts_std_D_0.50,nuts_std_D_0.75,nuts_std_D_20.00",pz,0.1,81,0.7956104252400549,0.6896451612903226,0.8930069930069929,0.934156378600823,-0.13854595336076814,False,False,False
B_sig,"sig{0.50,0.75,20.00}",3,"nuts_std_D_0.50,nuts_std_D_0.75,nuts_std_D_20.00",pz,1.0,81,0.7956104252400549,0.6783823529411767,0.8936906700817272,0.9327846364883402,-0.13717421124828533,False,False,False
B_sig,"sig{0.50,0.75,20.00}",3,"nuts_std_D_0.50,nuts_std_D_0.75,nuts_std_D_20.00",pz,10.0,81,0.7873799725651578,0.6702234206471495,0.8916227640284244,0.9286694101508915,-0.14128943758573376,False,False,False
B_sig,"sig{0.50,0.75,20.00}",3,"nuts_std_D_0.50,nuts_std_D_0.75,nuts_std_D_20.00",tz,0.1,68,0.8363636363636364,0.6782517482517483,0.9550347222222222,0.937062937062937,-0.10069930069930055,False,False,False
B_sig,"sig{0.50,0.75,20.00}",3,"nuts_std_D_0.50,nuts_std_D_0.75,nuts_std_D_20.00",tz,1.0,68,0.8335664335664336,0.6874495967741936,0.9497420634920635,0.9370629370629371,-0.10349650349650352,False,False,False
B_sig,"sig{0.50,0.75,20.00}",3,"nuts_std_D_0.50,nuts_std_D_0.75,nuts_std_D_20.00",tz,10.0,68,0.8363636363636364,0.6826223544973544,0.9524076354679804,0.9272727272727272,-0.09090909090909083,False,False,False
B_sig,"sig{0.50,0.75,20.00}",3,"nuts_std_D_0.50,nuts_std_D_0.75,nuts_std_D_20.00",pooled,0.1,149,0.794954128440367,0.7152457979243149,0.8742758558797378,0.9011467889908257,-0.10619266055045873,False,False,False
B_sig,"sig{0.50,0.75,20.00}",3,"nuts_std_D_0.50,nuts_std_D_0.75,nuts_std_D_20.00",pooled,1.0,149,0.7880733944954129,0.7043303068450943,0.8630744070729439,0.8986238532110091,-0.11055045871559621,False,False,False
B_sig,"sig{0.50,0.75,20.00}",3,"nuts_std_D_0.50,nuts_std_D_0.75,nuts_std_D_20.00",pooled,10.0,149,0.7834862385321101,0.6930432855432855,0.8602950565984103,0.8963302752293578,-0.11284403669724774,False,False,False
B_sig,"sig{0.50,1.00,1.50}",3,"nuts_std_D_0.50,nuts_std_D_1.00,nuts_std_D_1.50",pz,0.1,81,0.8422496570644719,0.7512552541544477,0.9160249208183531,0.934156378600823,-0.09190672153635115,False,False,False
B_sig,"sig{0.50,1.00,1.50}",3,"nuts_std_D_0.50,nuts_std_D_1.00,nuts_std_D_1.50",pz,1.0,81,0.8415637860082305,0.7469156589744825,0.9265435752847767,0.9327846364883402,-0.09122085048010975,False,False,False
B_sig,"sig{0.50,1.00,1.50}",3,"nuts_std_D_0.50,nuts_std_D_1.00,nuts_std_D_1.50",pz,10.0,81,0.8395061728395061,0.7437802959380039,0.923255837889467,0.9286694101508915,-0.08916323731138542,False,False,False
B_sig,"sig{0.50,1.00,1.50}",3,"nuts_std_D_0.50,nuts_std_D_1.00,nuts_std_D_1.50",tz,0.1,68,0.8391608391608392,0.6878902105437665,0.9553571428571429,0.937062937062937,-0.0979020979020978,False,False,False
B_sig,"sig{0.50,1.00,1.50}",3,"nuts_std_D_0.50,nuts_std_D_1.00,nuts_std_D_1.50",tz,1.0,68,0.8433566433566433,0.6844827586206896,0.9586206896551723,0.9370629370629371,-0.0937062937062938,False,False,False
B_sig,"sig{0.50,1.00,1.50}",3,"nuts_std_D_0.50,nuts_std_D_1.00,nuts_std_D_1.50",tz,10.0,68,0.8377622377622378,0.6838045634920634,0.9598064411190631,0.9272727272727272,-0.08951048951048945,False,False,False
B_sig,"sig{0.50,1.00,1.50}",3,"nuts_std_D_0.50,nuts_std_D_1.00,nuts_std_D_1.50",pooled,0.1,149,0.7986238532110091,0.7178675780422079,0.8683982683982684,0.9011467889908257,-0.10252293577981653,False,False,False
B_sig,"sig{0.50,1.00,1.50}",3,"nuts_std_D_0.50,nuts_std_D_1.00,nuts_std_D_1.50",pooled,1.0,149,0.796559633027523,0.7100145180023227,0.8721304700369851,0.8986238532110091,-0.10206422018348615,False,False,False
B_sig,"sig{0.50,1.00,1.50}",3,"nuts_std_D_0.50,nuts_std_D_1.00,nuts_std_D_1.50",pooled,10.0,149,0.7963302752293577,0.7046031699476759,0.8734522161477274,0.8963302752293578,-0.10000000000000009,False,False,False
B_sig,"sig{0.50,1.00,2.00}",3,"nuts_std_D_0.50,nuts_std_D_1.00,nuts_std_D_2.00",pz,0.1,81,0.8141289437585734,0.7109557861493345,0.900016129032258,0.934156378600823,-0.12002743484224965,False,False,False
B_sig,"sig{0.50,1.00,2.00}",3,"nuts_std_D_0.50,nuts_std_D_1.00,nuts_std_D_2.00",pz,1.0,81,0.8100137174211248,0.7048999885864292,0.8941487750065212,0.9327846364883402,-0.12277091906721538,False,False,False
B_sig,"sig{0.50,1.00,2.00}",3,"nuts_std_D_0.50,nuts_std_D_1.00,nuts_std_D_2.00",pz,10.0,81,0.803840877914952,0.7026073186476237,0.8902440862708719,0.9286694101508915,-0.1248285322359396,False,False,False
B_sig,"sig{0.50,1.00,2.00}",3,"nuts_std_D_0.50,nuts_std_D_1.00,nuts_std_D_2.00",tz,0.1,68,0.8265734265734266,0.6465012122844828,0.9551742223293948,0.937062937062937,-0.11048951048951039,False,False,False
B_sig,"sig{0.50,1.00,2.00}",3,"nuts_std_D_0.50,nuts_std_D_1.00,nuts_std_D_2.00",tz,1.0,68,0.8335664335664336,0.6554838801549329,0.9601290857546251,0.9370629370629371,-0.10349650349650352,False,False,False
B_sig,"sig{0.50,1.00,2.00}",3,"nuts_std_D_0.50,nuts_std_D_1.00,nuts_std_D_2.00",tz,10.0,68,0.8335664335664336,0.6507605820105822,0.9629960317460318,0.9272727272727272,-0.09370629370629369,False,False,False
B_sig,"sig{0.50,1.00,2.00}",3,"nuts_std_D_0.50,nuts_std_D_1.00,nuts_std_D_2.00",pooled,0.1,149,0.790137614678899,0.7027888074763075,0.8595544561114368,0.9011467889908257,-0.1110091743119267,False,False,False
B_sig,"sig{0.50,1.00,2.00}",3,"nuts_std_D_0.50,nuts_std_D_1.00,nuts_std_D_2.00",pooled,1.0,149,0.7873853211009174,0.7005004139952534,0.8633257708242625,0.8986238532110091,-0.11123853211009171,False,False,False
B_sig,"sig{0.50,1.00,2.00}",3,"nuts_std_D_0.50,nuts_std_D_1.00,nuts_std_D_2.00",pooled,10.0,149,0.7860091743119266,0.7034023646631405,0.8601757961329511,0.8963302752293578,-0.11032110091743119,False,False,False
B_sig,"sig{0.50,1.00,3.00}",3,"nuts_std_D_0.50,nuts_std_D_1.00,nuts_std_D_3.00",pz,0.1,81,0.8031550068587106,0.7053838621760162,0.8974302995391705,0.934156378600823,-0.13100137174211246,False,False,False
B_sig,"sig{0.50,1.00,3.00}",3,"nuts_std_D_0.50,nuts_std_D_1.00,nuts_std_D_3.00",pz,1.0,81,0.7949245541838135,0.6902387074006856,0.8859434530986254,0.9327846364883402,-0.13786008230452673,False,False,False
B_sig,"sig{0.50,1.00,3.00}",3,"nuts_std_D_0.50,nuts_std_D_1.00,nuts_std_D_3.00",pz,10.0,81,0.7908093278463648,0.67769341290893,0.8871046695240244,0.9286694101508915,-0.13786008230452673,False,False,False
B_sig,"sig{0.50,1.00,3.00}",3,"nuts_std_D_0.50,nuts_std_D_1.00,nuts_std_D_3.00",tz,0.1,68,0.8251748251748252,0.6527681752210054,0.9484436396936397,0.937062937062937,-0.11188811188811176,False,False,False
B_sig,"sig{0.50,1.00,3.00}",3,"nuts_std_D_0.50,nuts_std_D_1.00,nuts_std_D_3.00",tz,1.0,68,0.8265734265734266,0.6651181937939111,0.9524905303030303,0.9370629370629371,-0.1104895104895105,False,False,False
B_sig,"sig{0.50,1.00,3.00}",3,"nuts_std_D_0.50,nuts_std_D_1.00,nuts_std_D_3.00",tz,10.0,68,0.8265734265734266,0.6615086206896552,0.9459119874818578,0.9272727272727272,-0.10069930069930066,False,False,False
B_sig,"sig{0.50,1.00,3.00}",3,"nuts_std_D_0.50,nuts_std_D_1.00,nuts_std_D_3.00",pooled,0.1,149,0.7919724770642202,0.6983836610028668,0.8695210294292863,0.9011467889908257,-0.10917431192660543,False,False,False
B_sig,"sig{0.50,1.00,3.00}",3,"nuts_std_D_0.50,nuts_std_D_1.00,nuts_std_D_3.00",pooled,1.0,149,0.7860091743119267,0.6969109833600984,0.8661721173563278,0.8986238532110091,-0.11261467889908239,False,False,False
B_sig,"sig{0.50,1.00,3.00}",3,"nuts_std_D_0.50,nuts_std_D_1.00,nuts_std_D_3.00",pooled,10.0,149,0.7848623853211011,0.7008870115852869,0.8590203113748665,0.8963302752293578,-0.11146788990825673,False,False,False
B_sig,"sig{0.50,1.00,20.00}",3,"nuts_std_D_0.50,nuts_std_D_1.00,nuts_std_D_20.00",pz,0.1,81,0.8065843621399177,0.7009564296251927,0.9018315475593027,0.934156378600823,-0.12757201646090532,False,False,False
B_sig,"sig{0.50,1.00,20.00}",3,"nuts_std_D_0.50,nuts_std_D_1.00,nuts_std_D_20.00",pz,1.0,81,0.8031550068587107,0.6987062211981567,0.9022103786044464,0.9327846364883402,-0.12962962962962954,False,False,False
B_sig,"sig{0.50,1.00,20.00}",3,"nuts_std_D_0.50,nuts_std_D_1.00,nuts_std_D_20.00",pz,10.0,81,0.7956104252400549,0.6727028574873402,0.8936950212373941,0.9286694101508915,-0.13305898491083668,False,False,False
B_sig,"sig{0.50,1.00,20.00}",3,"nuts_std_D_0.50,nuts_std_D_1.00,nuts_std_D_20.00",tz,0.1,68,0.8293706293706292,0.6838871473354233,0.9529397453572298,0.937062937062937,-0.10769230769230775,False,False,False
B_sig,"sig{0.50,1.00,20.00}",3,"nuts_std_D_0.50,nuts_std_D_1.00,nuts_std_D_20.00",tz,1.0,68,0.8293706293706294,0.6745992063492063,0.9490031897926634,0.9370629370629371,-0.10769230769230764,False,False,False
B_sig,"sig{0.50,1.00,20.00}",3,"nuts_std_D_0.50,nuts_std_D_1.00,nuts_std_D_20.00",tz,10.0,68,0.8251748251748252,0.6710310002497503,0.9510649184521907,0.9272727272727272,-0.10209790209790204,False,False,False
B_sig,"sig{0.50,1.00,20.00}",3,"nuts_std_D_0.50,nuts_std_D_1.00,nuts_std_D_20.00",pooled,0.1,149,0.7944954128440367,0.7097037972724143,0.8685500157044309,0.9011467889908257,-0.10665137614678899,False,False,False
B_sig,"sig{0.50,1.00,20.00}",3,"nuts_std_D_0.50,nuts_std_D_1.00,nuts_std_D_20.00",pooled,1.0,149,0.7873853211009175,0.6981123690498691,0.8657547604422604,0.8986238532110091,-0.1112385321100916,False,False,False
B_sig,"sig{0.50,1.00,20.00}",3,"nuts_std_D_0.50,nuts_std_D_1.00,nuts_std_D_20.00",pooled,10.0,149,0.7848623853211009,0.7048081457353584,0.8588363171355499,0.8963302752293578,-0.11146788990825696,False,False,False
B_sig,"sig{0.50,1.50,2.00}",3,"nuts_std_D_0.50,nuts_std_D_1.50,nuts_std_D_2.00",pz,0.1,81,0.8381344307270233,0.7434212474040033,0.9187203721415529,0.934156378600823,-0.0960219478737997,False,False,False
B_sig,"sig{0.50,1.50,2.00}",3,"nuts_std_D_0.50,nuts_std_D_1.50,nuts_std_D_2.00",pz,1.0,81,0.8353909465020576,0.7313495521665457,0.9167966506942608,0.9327846364883402,-0.09739368998628262,False,False,False
B_sig,"sig{0.50,1.50,2.00}",3,"nuts_std_D_0.50,nuts_std_D_1.50,nuts_std_D_2.00",pz,10.0,81,0.8326474622770919,0.7378372877122877,0.9173997822353085,0.9286694101508915,-0.0960219478737997,False,False,False
B_sig,"sig{0.50,1.50,2.00}",3,"nuts_std_D_0.50,nuts_std_D_1.50,nuts_std_D_2.00",tz,0.1,68,0.8377622377622378,0.6620266753415744,0.9650560251240694,0.937062937062937,-0.09930069930069918,False,False,False
B_sig,"sig{0.50,1.50,2.00}",3,"nuts_std_D_0.50,nuts_std_D_1.50,nuts_std_D_2.00",tz,1.0,68,0.8321678321678322,0.6487872023809524,0.9608741258741258,0.9370629370629371,-0.1048951048951049,False,False,False
B_sig,"sig{0.50,1.50,2.00}",3,"nuts_std_D_0.50,nuts_std_D_1.50,nuts_std_D_2.00",tz,10.0,68,0.8125874125874126,0.6256498253208779,0.958994708994709,0.9272727272727272,-0.11468531468531462,False,False,False
B_sig,"sig{0.50,1.50,2.00}",3,"nuts_std_D_0.50,nuts_std_D_1.50,nuts_std_D_2.00",pooled,0.1,149,0.796559633027523,0.7073499960731956,0.8684303037901107,0.9011467889908257,-0.1045871559633027,False,False,False
B_sig,"sig{0.50,1.50,2.00}",3,"nuts_std_D_0.50,nuts_std_D_1.50,nuts_std_D_2.00",pooled,1.0,149,0.7922018348623853,0.7017583120204604,0.8743469453201758,0.8986238532110091,-0.10642201834862386,False,False,False
B_sig,"sig{0.50,1.50,2.00}",3,"nuts_std_D_0.50,nuts_std_D_1.50,nuts_std_D_2.00",pooled,10.0,149,0.7903669724770641,0.7008659874608151,0.8728342181467181,0.8963302752293578,-0.10596330275229371,False,False,False
B_sig,"sig{0.50,1.50,3.00}",3,"nuts_std_D_0.50,nuts_std_D_1.50,nuts_std_D_3.00",pz,0.1,81,0.8333333333333333,0.7372002791447235,0.908498599439776,0.934156378600823,-0.10082304526748975,False,False,False
B_sig,"sig{0.50,1.50,3.00}",3,"nuts_std_D_0.50,nuts_std_D_1.50,nuts_std_D_3.00",pz,1.0,81,0.8305898491083676,0.731822457378013,0.9218406334231806,0.9327846364883402,-0.10219478737997256,False,False,False
B_sig,"sig{0.50,1.50,3.00}",3,"nuts_std_D_0.50,nuts_std_D_1.50,nuts_std_D_3.00",pz,10.0,81,0.8285322359396433,0.7277114156358638,0.9152081592871066,0.9286694101508915,-0.10013717421124824,False,False,False
B_sig,"sig{0.50,1.50,3.00}",3,"nuts_std_D_0.50,nuts_std_D_1.50,nuts_std_D_3.00",tz,0.1,68,0.8251748251748252,0.6708089114832535,0.9570228494623655,0.937062937062937,-0.11188811188811176,False,False,False
B_sig,"sig{0.50,1.50,3.00}",3,"nuts_std_D_0.50,nuts_std_D_1.50,nuts_std_D_3.00",tz,1.0,68,0.8335664335664336,0.6666666666666667,0.9522074152262832,0.9370629370629371,-0.10349650349650352,False,False,False
B_sig,"sig{0.50,1.50,3.00}",3,"nuts_std_D_0.50,nuts_std_D_1.50,nuts_std_D_3.00",tz,10.0,68,0.8237762237762237,0.6494223247512722,0.9496512292738708,0.9272727272727272,-0.10349650349650352,False,False,False
B_sig,"sig{0.50,1.50,3.00}",3,"nuts_std_D_0.50,nuts_std_D_1.50,nuts_std_D_3.00",pooled,0.1,149,0.7944954128440368,0.707473177852821,0.8683782359528358,0.9011467889908257,-0.10665137614678888,False,False,False
B_sig,"sig{0.50,1.50,3.00}",3,"nuts_std_D_0.50,nuts_std_D_1.50,nuts_std_D_3.00",pooled,1.0,149,0.7910550458715596,0.7024859289510196,0.8664281332702385,0.8986238532110091,-0.10756880733944951,False,False,False
B_sig,"sig{0.50,1.50,3.00}",3,"nuts_std_D_0.50,nuts_std_D_1.50,nuts_std_D_3.00",pooled,10.0,149,0.7903669724770642,0.7004294827979038,0.870658508158508,0.8963302752293578,-0.1059633027522936,False,False,False
B_sig,"sig{0.50,1.50,20.00}",3,"nuts_std_D_0.50,nuts_std_D_1.50,nuts_std_D_20.00",pz,0.1,81,0.8374485596707819,0.7363358897618157,0.9164502519629673,0.934156378600823,-0.0967078189300411,False,False,False
B_sig,"sig{0.50,1.50,20.00}",3,"nuts_std_D_0.50,nuts_std_D_1.50,nuts_std_D_20.00",pz,1.0,81,0.8319615912208504,0.7300737872589128,0.9179758132297487,0.9327846364883402,-0.10082304526748975,False,False,False
B_sig,"sig{0.50,1.50,20.00}",3,"nuts_std_D_0.50,nuts_std_D_1.50,nuts_std_D_20.00",pz,10.0,81,0.8285322359396432,0.7285183982683984,0.914266607877719,0.9286694101508915,-0.10013717421124835,False,False,False
B_sig,"sig{0.50,1.50,20.00}",3,"nuts_std_D_0.50,nuts_std_D_1.50,nuts_std_D_20.00",tz,0.1,68,0.8405594405594405,0.6955884995507637,0.9509108582949308,0.937062937062937,-0.09650349650349643,False,False,False
B_sig,"sig{0.50,1.50,20.00}",3,"nuts_std_D_0.50,nuts_std_D_1.50,nuts_std_D_20.00",tz,1.0,68,0.8391608391608392,0.68097906767548,0.9508196721311475,0.9370629370629371,-0.09790209790209792,False,False,False
B_sig,"sig{0.50,1.50,20.00}",3,"nuts_std_D_0.50,nuts_std_D_1.50,nuts_std_D_20.00",tz,10.0,68,0.8335664335664336,0.6809925698083594,0.9521604711078395,0.9272727272727272,-0.09370629370629369,False,False,False
B_sig,"sig{0.50,1.50,20.00}",3,"nuts_std_D_0.50,nuts_std_D_1.50,nuts_std_D_20.00",pooled,0.1,149,0.7977064220183486,0.717350612943527,0.8684302643465031,0.9011467889908257,-0.10344036697247705,False,False,False
B_sig,"sig{0.50,1.50,20.00}",3,"nuts_std_D_0.50,nuts_std_D_1.50,nuts_std_D_20.00",pooled,1.0,149,0.7922018348623854,0.7055514974112563,0.8681335986418554,0.8986238532110091,-0.10642201834862375,False,False,False
B_sig,"sig{0.50,1.50,20.00}",3,"nuts_std_D_0.50,nuts_std_D_1.50,nuts_std_D_20.00",pooled,10.0,149,0.7931192660550459,0.7036920933472659,0.8707931481083993,0.8963302752293578,-0.10321100917431192,False,False,False
B_sig,"sig{0.50,2.00,3.00}",3,"nuts_std_D_0.50,nuts_std_D_2.00,nuts_std_D_3.00",pz,0.1,81,0.8079561042524006,0.7079267744833783,0.8948774566050398,0.934156378600823,-0.1262002743484224,False,False,False
B_sig,"sig{0.50,2.00,3.00}",3,"nuts_std_D_0.50,nuts_std_D_2.00,nuts_std_D_3.00",pz,1.0,81,0.831275720164609,0.7272681328105856,0.9146891495601173,0.9327846364883402,-0.10150891632373116,False,False,False
B_sig,"sig{0.50,2.00,3.00}",3,"nuts_std_D_0.50,nuts_std_D_2.00,nuts_std_D_3.00",pz,10.0,81,0.8305898491083676,0.7267938346815805,0.9157889805097452,0.9286694101508915,-0.09807956104252391,False,False,False
B_sig,"sig{0.50,2.00,3.00}",3,"nuts_std_D_0.50,nuts_std_D_2.00,nuts_std_D_3.00",tz,0.1,68,0.8377622377622378,0.6653140910452231,0.962797619047619,0.937062937062937,-0.09930069930069918,False,False,False
B_sig,"sig{0.50,2.00,3.00}",3,"nuts_std_D_0.50,nuts_std_D_2.00,nuts_std_D_3.00",tz,1.0,68,0.8335664335664336,0.654067694294699,0.9603921509524959,0.9370629370629371,-0.10349650349650352,False,False,False
B_sig,"sig{0.50,2.00,3.00}",3,"nuts_std_D_0.50,nuts_std_D_2.00,nuts_std_D_3.00",tz,10.0,68,0.8293706293706294,0.6575227130325815,0.9635325199564586,0.9272727272727272,-0.0979020979020978,False,False,False
B_sig,"sig{0.50,2.00,3.00}",3,"nuts_std_D_0.50,nuts_std_D_2.00,nuts_std_D_3.00",pooled,0.1,149,0.7903669724770642,0.7151251370113263,0.8662587109035876,0.9011467889908257,-0.11077981651376145,False,False,False
B_sig,"sig{0.50,2.00,3.00}",3,"nuts_std_D_0.50,nuts_std_D_2.00,nuts_std_D_3.00",pooled,1.0,149,0.7869266055045872,0.6997126301156706,0.8640829378235988,0.8986238532110091,-0.11169724770642198,False,False,False
B_sig,"sig{0.50,2.00,3.00}",3,"nuts_std_D_0.50,nuts_std_D_2.00,nuts_std_D_3.00",pooled,10.0,149,0.7839449541284405,0.6993535336345071,0.8619127484709479,0.8963302752293578,-0.11238532110091737,False,False,False
B_sig,"sig{0.50,2.00,20.00}",3,"nuts_std_D_0.50,nuts_std_D_2.00,nuts_std_D_20.00",pz,0.1,81,0.808641975308642,0.7095609963062794,0.8853282977852638,0.934156378600823,-0.125514403292181,False,False,False
B_sig,"sig{0.50,2.00,20.00}",3,"nuts_std_D_0.50,nuts_std_D_2.00,nuts_std_D_20.00",pz,1.0,81,0.8182441700960219,0.7249991426611798,0.899557814294607,0.9327846364883402,-0.1145404663923183,False,False,False
B_sig,"sig{0.50,2.00,20.00}",3,"nuts_std_D_0.50,nuts_std_D_2.00,nuts_std_D_20.00",pz,10.0,81,0.8216735253772292,0.7228361796331437,0.9050003586758277,0.9286694101508915,-0.1069958847736624,False,False,False
B_sig,"sig{0.50,2.00,20.00}",3,"nuts_std_D_0.50,nuts_std_D_2.00,nuts_std_D_20.00",tz,0.1,68,0.8475524475524476,0.7006549364613881,0.9639583333333334,0.937062937062937,-0.08951048951048934,False,False,False
B_sig,"sig{0.50,2.00,20.00}",3,"nuts_std_D_0.50,nuts_std_D_2.00,nuts_std_D_20.00",tz,1.0,68,0.834965034965035,0.656232638888889,0.9638037372556659,0.9370629370629371,-0.10209790209790204,False,False,False
B_sig,"sig{0.50,2.00,20.00}",3,"nuts_std_D_0.50,nuts_std_D_2.00,nuts_std_D_20.00",tz,10.0,68,0.820979020979021,0.6292918719211824,0.9603466235632183,0.9272727272727272,-0.10629370629370627,False,False,False
B_sig,"sig{0.50,2.00,20.00}",3,"nuts_std_D_0.50,nuts_std_D_2.00,nuts_std_D_20.00",pooled,0.1,149,0.7908256880733945,0.7091807813911473,0.8636736638642126,0.9011467889908257,-0.11032110091743119,False,False,False
B_sig,"sig{0.50,2.00,20.00}",3,"nuts_std_D_0.50,nuts_std_D_2.00,nuts_std_D_20.00",pooled,1.0,149,0.7862385321100916,0.7017087647065523,0.8576255456643389,0.8986238532110091,-0.11238532110091748,False,False,False
B_sig,"sig{0.50,2.00,20.00}",3,"nuts_std_D_0.50,nuts_std_D_2.00,nuts_std_D_20.00",pooled,10.0,149,0.7862385321100918,0.7056601488225831,0.8630861621735515,0.8963302752293578,-0.11009174311926606,False,False,False
B_sig,"sig{0.50,3.00,20.00}",3,"nuts_std_D_0.50,nuts_std_D_3.00,nuts_std_D_20.00",pz,0.1,81,0.7880658436213992,0.6829045455342504,0.8752056460488663,0.934156378600823,-0.14609053497942381,False,False,False
B_sig,"sig{0.50,3.00,20.00}",3,"nuts_std_D_0.50,nuts_std_D_3.00,nuts_std_D_20.00",pz,1.0,81,0.799039780521262,0.7016447260700134,0.8869428306301944,0.9327846364883402,-0.1337448559670782,False,False,False
B_sig,"sig{0.50,3.00,20.00}",3,"nuts_std_D_0.50,nuts_std_D_3.00,nuts_std_D_20.00",pz,10.0,81,0.7969821673525377,0.6977381449033514,0.8857199696854869,0.9286694101508915,-0.13168724279835387,False,False,False
B_sig,"sig{0.50,3.00,20.00}",3,"nuts_std_D_0.50,nuts_std_D_3.00,nuts_std_D_20.00",tz,0.1,68,0.8377622377622378,0.6904538690476191,0.9586411863998071,0.937062937062937,-0.09930069930069918,False,False,False
B_sig,"sig{0.50,3.00,20.00}",3,"nuts_std_D_0.50,nuts_std_D_3.00,nuts_std_D_20.00",tz,1.0,68,0.8335664335664336,0.6615810359231411,0.96045197740113,0.9370629370629371,-0.10349650349650352,False,False,False
B_sig,"sig{0.50,3.00,20.00}",3,"nuts_std_D_0.50,nuts_std_D_3.00,nuts_std_D_20.00",tz,10.0,68,0.8111888111888113,0.6266592576831064,0.9583405172413794,0.9272727272727272,-0.116083916083916,False,False,False
B_sig,"sig{0.50,3.00,20.00}",3,"nuts_std_D_0.50,nuts_std_D_3.00,nuts_std_D_20.00",pooled,0.1,149,0.7912844036697249,0.710895921924683,0.8647173079758219,0.9011467889908257,-0.10986238532110082,False,False,False
B_sig,"sig{0.50,3.00,20.00}",3,"nuts_std_D_0.50,nuts_std_D_3.00,nuts_std_D_20.00",pooled,1.0,149,0.7850917431192661,0.6989246299233414,0.8611627226373143,0.8986238532110091,-0.11353211009174302,False,False,False
B_sig,"sig{0.50,3.00,20.00}",3,"nuts_std_D_0.50,nuts_std_D_3.00,nuts_std_D_20.00",pooled,10.0,149,0.7834862385321101,0.6979683437565877,0.8617048384532086,0.8963302752293578,-0.11284403669724774,False,False,False
B_sig,"sig{0.75,1.00,1.50}",3,"nuts_std_D_0.75,nuts_std_D_1.00,nuts_std_D_1.50",pz,0.1,81,0.8374485596707819,0.7352791116446579,0.9128582949308757,0.934156378600823,-0.0967078189300411,False,False,False
B_sig,"sig{0.75,1.00,1.50}",3,"nuts_std_D_0.75,nuts_std_D_1.00,nuts_std_D_1.50",pz,1.0,81,0.836076817558299,0.7364861208866231,0.9254562818336163,0.9327846364883402,-0.09670781893004121,False,False,False
B_sig,"sig{0.75,1.00,1.50}",3,"nuts_std_D_0.75,nuts_std_D_1.00,nuts_std_D_1.50",pz,10.0,81,0.8271604938271604,0.7276973881243991,0.9109564067172763,0.9286694101508915,-0.10150891632373116,False,False,False
B_sig,"sig{0.75,1.00,1.50}",3,"nuts_std_D_0.75,nuts_std_D_1.00,nuts_std_D_1.50",tz,0.1,68,0.8223776223776225,0.6778309409888357,0.943767361111111,0.937062937062937,-0.11468531468531451,False,False,False
B_sig,"sig{0.75,1.00,1.50}",3,"nuts_std_D_0.75,nuts_std_D_1.00,nuts_std_D_1.50",tz,1.0,68,0.8195804195804196,0.667027972027972,0.9365327380952381,0.9370629370629371,-0.11748251748251748,False,False,False
B_sig,"sig{0.75,1.00,1.50}",3,"nuts_std_D_0.75,nuts_std_D_1.00,nuts_std_D_1.50",tz,10.0,68,0.8069930069930069,0.6420674435028249,0.9329065656565656,0.9272727272727272,-0.12027972027972034,False,False,False
B_sig,"sig{0.75,1.00,1.50}",3,"nuts_std_D_0.75,nuts_std_D_1.00,nuts_std_D_1.50",pooled,0.1,149,0.7869266055045872,0.7012479156636243,0.8626653117702049,0.9011467889908257,-0.11422018348623852,False,False,False
B_sig,"sig{0.75,1.00,1.50}",3,"nuts_std_D_0.75,nuts_std_D_1.00,nuts_std_D_1.50",pooled,1.0,149,0.7869266055045872,0.694420426065163,0.8642960945194879,0.8986238532110091,-0.11169724770642198,False,False,False
B_sig,"sig{0.75,1.00,1.50}",3,"nuts_std_D_0.75,nuts_std_D_1.00,nuts_std_D_1.50",pooled,10.0,149,0.7873853211009174,0.6991292735042735,0.8624075177781851,0.8963302752293578,-0.10894495412844041,False,False,False
B_sig,"sig{0.75,1.00,2.00}",3,"nuts_std_D_0.75,nuts_std_D_1.00,nuts_std_D_2.00",pz,0.1,81,0.8161865569272977,0.7146652317522201,0.8986144338118023,0.934156378600823,-0.11796982167352532,False,False,False
B_sig,"sig{0.75,1.00,2.00}",3,"nuts_std_D_0.75,nuts_std_D_1.00,nuts_std_D_2.00",pz,1.0,81,0.813443072702332,0.7160386405080802,0.9018031425463738,0.9327846364883402,-0.11934156378600824,False,False,False
B_sig,"sig{0.75,1.00,2.00}",3,"nuts_std_D_0.75,nuts_std_D_1.00,nuts_std_D_2.00",pz,10.0,81,0.8079561042524005,0.7057112887112887,0.8935611434245991,0.9286694101508915,-0.12071330589849105,False,False,False
B_sig,"sig{0.75,1.00,2.00}",3,"nuts_std_D_0.75,nuts_std_D_1.00,nuts_std_D_2.00",tz,0.1,68,0.8125874125874125,0.6346292475454873,0.9416195856873822,0.937062937062937,-0.12447552447552446,False,False,False
B_sig,"sig{0.75,1.00,2.00}",3,"nuts_std_D_0.75,nuts_std_D_1.00,nuts_std_D_2.00",tz,1.0,68,0.8013986013986014,0.6288132183908045,0.9479166666666666,0.9370629370629371,-0.13566433566433567,False,False,False
B_sig,"sig{0.75,1.00,2.00}",3,"nuts_std_D_0.75,nuts_std_D_1.00,nuts_std_D_2.00",tz,10.0,68,0.7944055944055944,0.6166653605015674,0.932551549327865,0.9272727272727272,-0.1328671328671328,False,False,False
B_sig,"sig{0.75,1.00,2.00}",3,"nuts_std_D_0.75,nuts_std_D_1.00,nuts_std_D_2.00",pooled,0.1,149,0.7862385321100916,0.7016157510059949,0.862336208303858,0.9011467889908257,-0.11490825688073403,False,False,False
B_sig,"sig{0.75,1.00,2.00}",3,"nuts_std_D_0.75,nuts_std_D_1.00,nuts_std_D_2.00",pooled,1.0,149,0.7860091743119265,0.7000785927133809,0.8626175548589342,0.8986238532110091,-0.11261467889908261,False,False,False
B_sig,"sig{0.75,1.00,2.00}",3,"nuts_std_D_0.75,nuts_std_D_1.00,nuts_std_D_2.00",pooled,10.0,149,0.7830275229357798,0.7070414224599799,0.8562660467310605,0.8963302752293578,-0.113302752293578,False,False,False
B_sig,"sig{0.75,1.00,3.00}",3,"nuts_std_D_0.75,nuts_std_D_1.00,nuts_std_D_3.00",pz,0.1,81,0.803840877914952,0.70644305407086,0.8903357579590976,0.934156378600823,-0.13031550068587106,False,False,False
B_sig,"sig{0.75,1.00,3.00}",3,"nuts_std_D_0.75,nuts_std_D_1.00,nuts_std_D_3.00",pz,1.0,81,0.8017832647462276,0.696118026685983,0.8939111205714015,0.9327846364883402,-0.13100137174211257,False,False,False
B_sig,"sig{0.75,1.00,3.00}",3,"nuts_std_D_0.75,nuts_std_D_1.00,nuts_std_D_3.00",pz,10.0,81,0.8038408779149521,0.6893001805985551,0.8992499776506347,0.9286694101508915,-0.12482853223593948,False,False,False
B_sig,"sig{0.75,1.00,3.00}",3,"nuts_std_D_0.75,nuts_std_D_1.00,nuts_std_D_3.00",tz,0.1,68,0.7986013986013987,0.646604015700483,0.9286098310291858,0.937062937062937,-0.1384615384615383,False,False,False
B_sig,"sig{0.75,1.00,3.00}",3,"nuts_std_D_0.75,nuts_std_D_1.00,nuts_std_D_3.00",tz,1.0,68,0.7944055944055944,0.6347794709989258,0.9282296650717703,0.9370629370629371,-0.14265734265734265,False,False,False
B_sig,"sig{0.75,1.00,3.00}",3,"nuts_std_D_0.75,nuts_std_D_1.00,nuts_std_D_3.00",tz,10.0,68,0.7902097902097902,0.6205326882547278,0.93006993006993,0.9272727272727272,-0.13706293706293704,False,False,False
B_sig,"sig{0.75,1.00,3.00}",3,"nuts_std_D_0.75,nuts_std_D_1.00,nuts_std_D_3.00",pooled,0.1,149,0.7864678899082569,0.700963043217828,0.857958843581696,0.9011467889908257,-0.11467889908256879,False,False,False
B_sig,"sig{0.75,1.00,3.00}",3,"nuts_std_D_0.75,nuts_std_D_1.00,nuts_std_D_3.00",pooled,1.0,149,0.7823394495412844,0.6941632672882672,0.8628828720528446,0.8986238532110091,-0.1162844036697247,False,False,False
B_sig,"sig{0.75,1.00,3.00}",3,"nuts_std_D_0.75,nuts_std_D_1.00,nuts_std_D_3.00",pooled,10.0,149,0.7788990825688072,0.6955059523809524,0.856488479216951,0.8963302752293578,-0.11743119266055058,False,False,False
B_sig,"sig{0.75,1.00,20.00}",3,"nuts_std_D_0.75,nuts_std_D_1.00,nuts_std_D_20.00",pz,0.1,81,0.808641975308642,0.7039209806861276,0.9041209016393443,0.934156378600823,-0.125514403292181,False,False,False
B_sig,"sig{0.75,1.00,20.00}",3,"nuts_std_D_0.75,nuts_std_D_1.00,nuts_std_D_20.00",pz,1.0,81,0.8052126200274348,0.6953963585434173,0.8978065108759552,0.9327846364883402,-0.12757201646090544,False,False,False
B_sig,"sig{0.75,1.00,20.00}",3,"nuts_std_D_0.75,nuts_std_D_1.00,nuts_std_D_20.00",pz,10.0,81,0.7908093278463648,0.6691223163628824,0.8903391062929666,0.9286694101508915,-0.13786008230452673,False,False,False
B_sig,"sig{0.75,1.00,20.00}",3,"nuts_std_D_0.75,nuts_std_D_1.00,nuts_std_D_20.00",tz,0.1,68,0.8083916083916084,0.6559216564685314,0.928337899341611,0.937062937062937,-0.12867132867132858,False,False,False
B_sig,"sig{0.75,1.00,20.00}",3,"nuts_std_D_0.75,nuts_std_D_1.00,nuts_std_D_20.00",tz,1.0,68,0.8013986013986014,0.6454708485958487,0.9286981051735149,0.9370629370629371,-0.13566433566433567,False,False,False
B_sig,"sig{0.75,1.00,20.00}",3,"nuts_std_D_0.75,nuts_std_D_1.00,nuts_std_D_20.00",tz,10.0,68,0.8027972027972028,0.6362878787878787,0.9328920153920155,0.9272727272727272,-0.12447552447552446,False,False,False
B_sig,"sig{0.75,1.00,20.00}",3,"nuts_std_D_0.75,nuts_std_D_1.00,nuts_std_D_20.00",pooled,0.1,149,0.7896788990825687,0.7100362512192592,0.8636297659149266,0.9011467889908257,-0.11146788990825696,False,False,False
B_sig,"sig{0.75,1.00,20.00}",3,"nuts_std_D_0.75,nuts_std_D_1.00,nuts_std_D_20.00",pooled,1.0,149,0.7805045871559634,0.6926993084230204,0.8556983531373775,0.8986238532110091,-0.11811926605504575,False,False,False
B_sig,"sig{0.75,1.00,20.00}",3,"nuts_std_D_0.75,nuts_std_D_1.00,nuts_std_D_20.00",pooled,10.0,149,0.778440366972477,0.687163504968383,0.8508929131673433,0.8963302752293578,-0.11788990825688084,False,False,False
B_sig,"sig{0.75,1.50,2.00}",3,"nuts_std_D_0.75,nuts_std_D_1.50,nuts_std_D_2.00",pz,0.1,81,0.8340192043895748,0.7392762935977871,0.9238802541544476,0.934156378600823,-0.10013717421124824,False,False,False
B_sig,"sig{0.75,1.50,2.00}",3,"nuts_std_D_0.75,nuts_std_D_1.50,nuts_std_D_2.00",pz,1.0,81,0.8264746227709191,0.7199655717089928,0.9167939642324888,0.9327846364883402,-0.1063100137174211,False,False,False
B_sig,"sig{0.75,1.50,2.00}",3,"nuts_std_D_0.75,nuts_std_D_1.50,nuts_std_D_2.00",pz,10.0,81,0.8223593964334704,0.7104557934498915,0.9104583161936103,0.9286694101508915,-0.1063100137174211,False,False,False
B_sig,"sig{0.75,1.50,2.00}",3,"nuts_std_D_0.75,nuts_std_D_1.50,nuts_std_D_2.00",tz,0.1,68,0.7972027972027973,0.6175401161338662,0.9354304967043314,0.937062937062937,-0.13986013986013968,False,False,False
B_sig,"sig{0.75,1.50,2.00}",3,"nuts_std_D_0.75,nuts_std_D_1.50,nuts_std_D_2.00",tz,1.0,68,0.7958041958041958,0.6190461881868132,0.9509136391625617,0.9370629370629371,-0.14125874125874127,False,False,False
B_sig,"sig{0.75,1.50,2.00}",3,"nuts_std_D_0.75,nuts_std_D_1.50,nuts_std_D_2.00",tz,10.0,68,0.7804195804195805,0.5809421280473912,0.9409985975911566,0.9272727272727272,-0.14685314685314677,False,False,False
B_sig,"sig{0.75,1.50,2.00}",3,"nuts_std_D_0.75,nuts_std_D_1.50,nuts_std_D_2.00",pooled,0.1,149,0.7857798165137615,0.7000808058702795,0.8617071935157041,0.9011467889908257,-0.11536697247706418,False,False,False
B_sig,"sig{0.75,1.50,2.00}",3,"nuts_std_D_0.75,nuts_std_D_1.50,nuts_std_D_2.00",pooled,1.0,149,0.7788990825688074,0.6797009569377991,0.8615493201677412,0.8986238532110091,-0.11972477064220177,False,False,False
B_sig,"sig{0.75,1.50,2.00}",3,"nuts_std_D_0.75,nuts_std_D_1.50,nuts_std_D_2.00",pooled,10.0,149,0.773394495412844,0.6843285760735107,0.8589616351673063,0.8963302752293578,-0.12293577981651382,False,False,False
B_sig,"sig{0.75,1.50,3.00}",3,"nuts_std_D_0.75,nuts_std_D_1.50,nuts_std_D_3.00",pz,0.1,81,0.8340192043895748,0.7368282205051321,0.9181856702619413,0.934156378600823,-0.10013717421124824,False,False,False
B_sig,"sig{0.75,1.50,3.00}",3,"nuts_std_D_0.75,nuts_std_D_1.50,nuts_std_D_3.00",pz,1.0,81,0.8264746227709191,0.7254531314260406,0.9239766081871345,0.9327846364883402,-0.1063100137174211,False,False,False
B_sig,"sig{0.75,1.50,3.00}",3,"nuts_std_D_0.75,nuts_std_D_1.50,nuts_std_D_3.00",pz,10.0,81,0.8244170096021948,0.7192229262672811,0.9158730158730158,0.9286694101508915,-0.10425240054869678,False,False,False
B_sig,"sig{0.75,1.50,3.00}",3,"nuts_std_D_0.75,nuts_std_D_1.50,nuts_std_D_3.00",tz,0.1,68,0.7930069930069931,0.6346146568269673,0.9234622999505032,0.937062937062937,-0.1440559440559439,False,False,False
B_sig,"sig{0.75,1.50,3.00}",3,"nuts_std_D_0.75,nuts_std_D_1.50,nuts_std_D_3.00",tz,1.0,68,0.7972027972027973,0.6251533018867924,0.9314685314685314,0.9370629370629371,-0.1398601398601398,False,False,False
B_sig,"sig{0.75,1.50,3.00}",3,"nuts_std_D_0.75,nuts_std_D_1.50,nuts_std_D_3.00",tz,10.0,68,0.7930069930069931,0.6171553694843167,0.9327729885057471,0.9272727272727272,-0.13426573426573418,False,False,False
B_sig,"sig{0.75,1.50,3.00}",3,"nuts_std_D_0.75,nuts_std_D_1.50,nuts_std_D_3.00",pooled,0.1,149,0.7805045871559634,0.688004443368487,0.8551749475491132,0.9011467889908257,-0.1206422018348623,False,False,False
B_sig,"sig{0.75,1.50,3.00}",3,"nuts_std_D_0.75,nuts_std_D_1.50,nuts_std_D_3.00",pooled,1.0,149,0.7788990825688074,0.6961616942865593,0.8612854500526591,0.8986238532110091,-0.11972477064220177,False,False,False
B_sig,"sig{0.75,1.50,3.00}",3,"nuts_std_D_0.75,nuts_std_D_1.50,nuts_std_D_3.00",pooled,10.0,149,0.7763761467889908,0.6811152393260103,0.8533916099024991,0.8963302752293578,-0.11995412844036701,False,False,False
B_sig,"sig{0.75,1.50,20.00}",3,"nuts_std_D_0.75,nuts_std_D_1.50,nuts_std_D_20.00",pz,0.1,81,0.8326474622770919,0.7391855830382468,0.918370811822182,0.934156378600823,-0.10150891632373116,False,False,False
B_sig,"sig{0.75,1.50,20.00}",3,"nuts_std_D_0.75,nuts_std_D_1.50,nuts_std_D_20.00",pz,1.0,81,0.8209876543209875,0.7277345179860903,0.9153942048517519,0.9327846364883402,-0.11179698216735268,False,False,False
B_sig,"sig{0.75,1.50,20.00}",3,"nuts_std_D_0.75,nuts_std_D_1.50,nuts_std_D_20.00",pz,10.0,81,0.8148148148148148,0.7128279610194902,0.9071563342318059,0.9286694101508915,-0.11385459533607678,False,False,False
B_sig,"sig{0.75,1.50,20.00}",3,"nuts_std_D_0.75,nuts_std_D_1.50,nuts_std_D_20.00",tz,0.1,68,0.8153846153846154,0.6679563492063493,0.9362064949852779,0.937062937062937,-0.1216783216783216,False,False,False
B_sig,"sig{0.75,1.50,20.00}",3,"nuts_std_D_0.75,nuts_std_D_1.50,nuts_std_D_20.00",tz,1.0,68,0.8181818181818181,0.656594929245283,0.9394004702194357,0.9370629370629371,-0.11888111888111896,False,False,False
B_sig,"sig{0.75,1.50,20.00}",3,"nuts_std_D_0.75,nuts_std_D_1.50,nuts_std_D_20.00",tz,10.0,68,0.806993006993007,0.651780379604672,0.930059783966034,0.9272727272727272,-0.12027972027972023,False,False,False
B_sig,"sig{0.75,1.50,20.00}",3,"nuts_std_D_0.75,nuts_std_D_1.50,nuts_std_D_20.00",pooled,0.1,149,0.7853211009174311,0.6974355744813195,0.8645405048295972,0.9011467889908257,-0.11582568807339455,False,False,False
B_sig,"sig{0.75,1.50,20.00}",3,"nuts_std_D_0.75,nuts_std_D_1.50,nuts_std_D_20.00",pooled,1.0,149,0.7777522935779817,0.6917532467532468,0.861933700984733,0.8986238532110091,-0.12087155963302743,False,False,False
B_sig,"sig{0.75,1.50,20.00}",3,"nuts_std_D_0.75,nuts_std_D_1.50,nuts_std_D_20.00",pooled,10.0,149,0.7745412844036696,0.6822878440366973,0.8554369868086681,0.8963302752293578,-0.12178899082568817,False,False,False
B_sig,"sig{0.75,2.00,3.00}",3,"nuts_std_D_0.75,nuts_std_D_2.00,nuts_std_D_3.00",pz,0.1,81,0.808641975308642,0.7028858111927643,0.8955775397341761,0.934156378600823,-0.125514403292181,False,False,False
B_sig,"sig{0.75,2.00,3.00}",3,"nuts_std_D_0.75,nuts_std_D_2.00,nuts_std_D_3.00",pz,1.0,81,0.8182441700960219,0.7167772525027809,0.9052216748768472,0.9327846364883402,-0.1145404663923183,False,False,False
B_sig,"sig{0.75,2.00,3.00}",3,"nuts_std_D_0.75,nuts_std_D_2.00,nuts_std_D_3.00",pz,10.0,81,0.8127572016460904,0.70821097190332,0.9019642122583299,0.9286694101508915,-0.1159122085048011,False,False,False
B_sig,"sig{0.75,2.00,3.00}",3,"nuts_std_D_0.75,nuts_std_D_2.00,nuts_std_D_3.00",tz,0.1,68,0.7860139860139862,0.5952008928571428,0.9435090042372882,0.937062937062937,-0.15104895104895077,False,False,False
B_sig,"sig{0.75,2.00,3.00}",3,"nuts_std_D_0.75,nuts_std_D_2.00,nuts_std_D_3.00",tz,1.0,68,0.806993006993007,0.6401897274633124,0.9491525423728814,0.9370629370629371,-0.13006993006993006,False,False,False
B_sig,"sig{0.75,2.00,3.00}",3,"nuts_std_D_0.75,nuts_std_D_2.00,nuts_std_D_3.00",tz,10.0,68,0.8055944055944058,0.6297857704402517,0.9434476843910806,0.9272727272727272,-0.12167832167832149,False,False,False
B_sig,"sig{0.75,2.00,3.00}",3,"nuts_std_D_0.75,nuts_std_D_2.00,nuts_std_D_3.00",pooled,0.1,149,0.7830275229357797,0.6995192261544811,0.8580666480813706,0.9011467889908257,-0.11811926605504597,False,False,False
B_sig,"sig{0.75,2.00,3.00}",3,"nuts_std_D_0.75,nuts_std_D_2.00,nuts_std_D_3.00",pooled,1.0,149,0.7768348623853212,0.6936969999837486,0.8556235008460783,0.8986238532110091,-0.12178899082568795,False,False,False
B_sig,"sig{0.75,2.00,3.00}",3,"nuts_std_D_0.75,nuts_std_D_2.00,nuts_std_D_3.00",pooled,10.0,149,0.7740825688073394,0.6852530802530803,0.8569050124885543,0.8963302752293578,-0.12224770642201843,False,False,False
B_sig,"sig{0.75,2.00,20.00}",3,"nuts_std_D_0.75,nuts_std_D_2.00,nuts_std_D_20.00",pz,0.1,81,0.8100137174211248,0.7095397395741241,0.8998706896551724,0.934156378600823,-0.12414266117969819,False,False,False
B_sig,"sig{0.75,2.00,20.00}",3,"nuts_std_D_0.75,nuts_std_D_2.00,nuts_std_D_20.00",pz,1.0,81,0.812071330589849,0.7162925078599046,0.9015433846713559,0.9327846364883402,-0.12071330589849116,False,False,False
B_sig,"sig{0.75,2.00,20.00}",3,"nuts_std_D_0.75,nuts_std_D_2.00,nuts_std_D_20.00",pz,10.0,81,0.8045267489711934,0.6949600824587707,0.8947736754276179,0.9286694101508915,-0.12414266117969819,False,False,False
B_sig,"sig{0.75,2.00,20.00}",3,"nuts_std_D_0.75,nuts_std_D_2.00,nuts_std_D_20.00",tz,0.1,68,0.820979020979021,0.6489475108225108,0.9552475649350649,0.937062937062937,-0.116083916083916,False,False,False
B_sig,"sig{0.75,2.00,20.00}",3,"nuts_std_D_0.75,nuts_std_D_2.00,nuts_std_D_20.00",tz,1.0,68,0.806993006993007,0.6177639553429028,0.9500431034482758,0.9370629370629371,-0.13006993006993006,False,False,False
B_sig,"sig{0.75,2.00,20.00}",3,"nuts_std_D_0.75,nuts_std_D_2.00,nuts_std_D_20.00",tz,10.0,68,0.793006993006993,0.6076426862611074,0.9470919436957173,0.9272727272727272,-0.1342657342657343,False,False,False
B_sig,"sig{0.75,2.00,20.00}",3,"nuts_std_D_0.75,nuts_std_D_2.00,nuts_std_D_20.00",pooled,0.1,149,0.7841743119266055,0.7011967533287627,0.85653123680878,0.9011467889908257,-0.1169724770642202,False,False,False
B_sig,"sig{0.75,2.00,20.00}",3,"nuts_std_D_0.75,nuts_std_D_2.00,nuts_std_D_20.00",pooled,1.0,149,0.7775229357798166,0.698362034924535,0.8491839156412755,0.8986238532110091,-0.12110091743119256,False,False,False
B_sig,"sig{0.75,2.00,20.00}",3,"nuts_std_D_0.75,nuts_std_D_2.00,nuts_std_D_20.00",pooled,10.0,149,0.7738532110091743,0.691824684176658,0.8599168366355866,0.8963302752293578,-0.12247706422018356,False,False,False
B_sig,"sig{0.75,3.00,20.00}",3,"nuts_std_D_0.75,nuts_std_D_3.00,nuts_std_D_20.00",pz,0.1,81,0.7908093278463648,0.6853129657228018,0.878438330170778,0.934156378600823,-0.1433470507544582,False,False,False
B_sig,"sig{0.75,3.00,20.00}",3,"nuts_std_D_0.75,nuts_std_D_3.00,nuts_std_D_20.00",pz,1.0,81,0.7928669410150891,0.6783250190390352,0.8808154991131885,0.9327846364883402,-0.13991769547325106,False,False,False
B_sig,"sig{0.75,3.00,20.00}",3,"nuts_std_D_0.75,nuts_std_D_3.00,nuts_std_D_20.00",pz,10.0,81,0.7928669410150891,0.6974225067385446,0.8850069628647214,0.9286694101508915,-0.1358024691358024,False,False,False
B_sig,"sig{0.75,3.00,20.00}",3,"nuts_std_D_0.75,nuts_std_D_3.00,nuts_std_D_20.00",tz,0.1,68,0.8125874125874126,0.6610927672955976,0.9440656565656566,0.937062937062937,-0.12447552447552435,False,False,False
B_sig,"sig{0.75,3.00,20.00}",3,"nuts_std_D_0.75,nuts_std_D_3.00,nuts_std_D_20.00",tz,1.0,68,0.8027972027972028,0.6317261904761905,0.9379310344827586,0.9370629370629371,-0.1342657342657343,False,False,False
B_sig,"sig{0.75,3.00,20.00}",3,"nuts_std_D_0.75,nuts_std_D_3.00,nuts_std_D_20.00",tz,10.0,68,0.7874125874125874,0.59791583994709,0.9327650140240885,0.9272727272727272,-0.1398601398601399,False,False,False
B_sig,"sig{0.75,3.00,20.00}",3,"nuts_std_D_0.75,nuts_std_D_3.00,nuts_std_D_20.00",pooled,0.1,149,0.7903669724770642,0.7045892749114165,0.8603849853989464,0.9011467889908257,-0.11077981651376145,False,False,False
B_sig,"sig{0.75,3.00,20.00}",3,"nuts_std_D_0.75,nuts_std_D_3.00,nuts_std_D_20.00",pooled,1.0,149,0.7770642201834863,0.6929952336584521,0.8556285473853217,0.8986238532110091,-0.12155963302752282,False,False,False
B_sig,"sig{0.75,3.00,20.00}",3,"nuts_std_D_0.75,nuts_std_D_3.00,nuts_std_D_20.00",pooled,10.0,149,0.776605504587156,0.7001881313131313,0.8545539446185998,0.8963302752293578,-0.11972477064220177,False,False,False
B_sig,"sig{1.00,1.50,2.00}",3,"nuts_std_D_1.00,nuts_std_D_1.50,nuts_std_D_2.00",pz,0.1,81,0.8305898491083676,0.7327566486364661,0.9164558339058894,0.934156378600823,-0.10356652949245537,False,False,False
B_sig,"sig{1.00,1.50,2.00}",3,"nuts_std_D_1.00,nuts_std_D_1.50,nuts_std_D_2.00",pz,1.0,81,0.8237311385459534,0.7180925013683636,0.9144220685774092,0.9327846364883402,-0.10905349794238683,False,False,False
B_sig,"sig{1.00,1.50,2.00}",3,"nuts_std_D_1.00,nuts_std_D_1.50,nuts_std_D_2.00",pz,10.0,81,0.8209876543209876,0.7151327205249834,0.911727033539005,0.9286694101508915,-0.10768175582990391,False,False,False
B_sig,"sig{1.00,1.50,2.00}",3,"nuts_std_D_1.00,nuts_std_D_1.50,nuts_std_D_2.00",tz,0.1,68,0.7762237762237763,0.6084637584637584,0.9251648429298229,0.937062937062937,-0.16083916083916072,False,False,False
B_sig,"sig{1.00,1.50,2.00}",3,"nuts_std_D_1.00,nuts_std_D_1.50,nuts_std_D_2.00",tz,1.0,68,0.7734265734265735,0.5735870686690359,0.9212209581413209,0.9370629370629371,-0.16363636363636358,False,False,False
B_sig,"sig{1.00,1.50,2.00}",3,"nuts_std_D_1.00,nuts_std_D_1.50,nuts_std_D_2.00",tz,10.0,68,0.7580419580419581,0.5621990040035153,0.9187916306228374,0.9272727272727272,-0.16923076923076918,False,False,False
B_sig,"sig{1.00,1.50,2.00}",3,"nuts_std_D_1.00,nuts_std_D_1.50,nuts_std_D_2.00",pooled,0.1,149,0.7736238532110091,0.6836140914478198,0.861441629775373,0.9011467889908257,-0.12752293577981655,False,False,False
B_sig,"sig{1.00,1.50,2.00}",3,"nuts_std_D_1.00,nuts_std_D_1.50,nuts_std_D_2.00",pooled,1.0,149,0.7708715596330276,0.6770801369405348,0.8549019839809314,0.8986238532110091,-0.12775229357798157,False,False,False
B_sig,"sig{1.00,1.50,2.00}",3,"nuts_std_D_1.00,nuts_std_D_1.50,nuts_std_D_2.00",pooled,10.0,149,0.7690366972477065,0.6778416629809819,0.8573118152123073,0.8963302752293578,-0.1272935779816513,False,False,False
B_sig,"sig{1.00,1.50,3.00}",3,"nuts_std_D_1.00,nuts_std_D_1.50,nuts_std_D_3.00",pz,0.1,81,0.8360768175582991,0.7331328786517466,0.9159405065082059,0.934156378600823,-0.09807956104252391,False,False,False
B_sig,"sig{1.00,1.50,3.00}",3,"nuts_std_D_1.00,nuts_std_D_1.50,nuts_std_D_3.00",pz,1.0,81,0.8278463648834019,0.7300983102918587,0.9154179207182177,0.9327846364883402,-0.1049382716049383,False,False,False
B_sig,"sig{1.00,1.50,3.00}",3,"nuts_std_D_1.00,nuts_std_D_1.50,nuts_std_D_3.00",pz,10.0,81,0.8223593964334704,0.7272493453049009,0.9061579206150545,0.9286694101508915,-0.1063100137174211,False,False,False
B_sig,"sig{1.00,1.50,3.00}",3,"nuts_std_D_1.00,nuts_std_D_1.50,nuts_std_D_3.00",tz,0.1,68,0.7622377622377623,0.5845532391585023,0.9047949735449735,0.937062937062937,-0.17482517482517468,False,False,False
B_sig,"sig{1.00,1.50,3.00}",3,"nuts_std_D_1.00,nuts_std_D_1.50,nuts_std_D_3.00",tz,1.0,68,0.7846153846153847,0.6205641712328511,0.9171128939118957,0.9370629370629371,-0.15244755244755237,False,False,False
B_sig,"sig{1.00,1.50,3.00}",3,"nuts_std_D_1.00,nuts_std_D_1.50,nuts_std_D_3.00",tz,10.0,68,0.7776223776223776,0.6085718390804599,0.9091100305944055,0.9272727272727272,-0.14965034965034962,False,False,False
B_sig,"sig{1.00,1.50,3.00}",3,"nuts_std_D_1.00,nuts_std_D_1.50,nuts_std_D_3.00",pooled,0.1,149,0.7724770642201835,0.6922637500489385,0.8525609834984835,0.9011467889908257,-0.1286697247706422,False,False,False
B_sig,"sig{1.00,1.50,3.00}",3,"nuts_std_D_1.00,nuts_std_D_1.50,nuts_std_D_3.00",pooled,1.0,149,0.7729357798165138,0.6771076146076146,0.8519565217391304,0.8986238532110091,-0.12568807339449528,False,False,False
B_sig,"sig{1.00,1.50,3.00}",3,"nuts_std_D_1.00,nuts_std_D_1.50,nuts_std_D_3.00",pooled,10.0,149,0.7704128440366973,0.684239422869822,0.8587558130813081,0.8963302752293578,-0.12591743119266052,False,False,False
B_sig,"sig{1.00,1.50,20.00}",3,"nuts_std_D_1.00,nuts_std_D_1.50,nuts_std_D_20.00",pz,0.1,81,0.8333333333333333,0.7265726711560045,0.9151196943972835,0.934156378600823,-0.10082304526748975,False,False,False
B_sig,"sig{1.00,1.50,20.00}",3,"nuts_std_D_1.00,nuts_std_D_1.50,nuts_std_D_20.00",pz,1.0,81,0.8230452674897119,0.7154289420257162,0.9082918007918008,0.9327846364883402,-0.10973936899862835,False,False,False
B_sig,"sig{1.00,1.50,20.00}",3,"nuts_std_D_1.00,nuts_std_D_1.50,nuts_std_D_20.00",pz,10.0,81,0.8168724279835391,0.7135051558582848,0.9056054370869185,0.9286694101508915,-0.11179698216735245,False,False,False
B_sig,"sig{1.00,1.50,20.00}",3,"nuts_std_D_1.00,nuts_std_D_1.50,nuts_std_D_20.00",tz,0.1,68,0.7986013986013987,0.6516810344827586,0.9132968073593074,0.937062937062937,-0.1384615384615383,False,False,False
B_sig,"sig{1.00,1.50,20.00}",3,"nuts_std_D_1.00,nuts_std_D_1.50,nuts_std_D_20.00",tz,1.0,68,0.8041958041958043,0.6558475378787878,0.9244803971922616,0.9370629370629371,-0.1328671328671328,False,False,False
B_sig,"sig{1.00,1.50,20.00}",3,"nuts_std_D_1.00,nuts_std_D_1.50,nuts_std_D_20.00",tz,10.0,68,0.7902097902097902,0.6289664913306059,0.914697646103896,0.9272727272727272,-0.13706293706293704,False,False,False
B_sig,"sig{1.00,1.50,20.00}",3,"nuts_std_D_1.00,nuts_std_D_1.50,nuts_std_D_20.00",pooled,0.1,149,0.7793577981651376,0.693443154422379,0.8581501493645298,0.9011467889908257,-0.12178899082568806,False,False,False
B_sig,"sig{1.00,1.50,20.00}",3,"nuts_std_D_1.00,nuts_std_D_1.50,nuts_std_D_20.00",pooled,1.0,149,0.7745412844036696,0.6927505827505828,0.8565762199087769,0.8986238532110091,-0.12408256880733948,False,False,False
B_sig,"sig{1.00,1.50,20.00}",3,"nuts_std_D_1.00,nuts_std_D_1.50,nuts_std_D_20.00",pooled,10.0,149,0.7731651376146789,0.6787601454374853,0.8564295535739501,0.8963302752293578,-0.12316513761467895,False,False,False
B_sig,"sig{1.00,2.00,3.00}",3,"nuts_std_D_1.00,nuts_std_D_2.00,nuts_std_D_3.00",pz,0.1,81,0.8155006858710562,0.7139830547689119,0.8979218657159834,0.934156378600823,-0.11865569272976684,False,False,False
B_sig,"sig{1.00,2.00,3.00}",3,"nuts_std_D_1.00,nuts_std_D_2.00,nuts_std_D_3.00",pz,1.0,81,0.818244170096022,0.712686555097421,0.9111213991769548,0.9327846364883402,-0.11454046639231819,False,False,False
B_sig,"sig{1.00,2.00,3.00}",3,"nuts_std_D_1.00,nuts_std_D_2.00,nuts_std_D_3.00",pz,10.0,81,0.812071330589849,0.7047222222222222,0.9045994649733956,0.9286694101508915,-0.11659807956104251,False,False,False
B_sig,"sig{1.00,2.00,3.00}",3,"nuts_std_D_1.00,nuts_std_D_2.00,nuts_std_D_3.00",tz,0.1,68,0.7762237762237763,0.5930154454022988,0.9269937985124537,0.937062937062937,-0.16083916083916072,False,False,False
B_sig,"sig{1.00,2.00,3.00}",3,"nuts_std_D_1.00,nuts_std_D_2.00,nuts_std_D_3.00",tz,1.0,68,0.8013986013986014,0.62689332795265,0.9394004702194356,0.9370629370629371,-0.13566433566433567,False,False,False
B_sig,"sig{1.00,2.00,3.00}",3,"nuts_std_D_1.00,nuts_std_D_2.00,nuts_std_D_3.00",tz,10.0,68,0.8055944055944055,0.6292873150745201,0.941992764778325,0.9272727272727272,-0.12167832167832171,False,False,False
B_sig,"sig{1.00,2.00,3.00}",3,"nuts_std_D_1.00,nuts_std_D_2.00,nuts_std_D_3.00",pooled,0.1,149,0.7779816513761468,0.6893678160919541,0.8516347289467158,0.9011467889908257,-0.12316513761467884,False,False,False
B_sig,"sig{1.00,2.00,3.00}",3,"nuts_std_D_1.00,nuts_std_D_2.00,nuts_std_D_3.00",pooled,1.0,149,0.7731651376146789,0.6867612988339676,0.852100887863859,0.8986238532110091,-0.12545871559633026,False,False,False
B_sig,"sig{1.00,2.00,3.00}",3,"nuts_std_D_1.00,nuts_std_D_2.00,nuts_std_D_3.00",pooled,10.0,149,0.7715596330275228,0.6824474185353518,0.8488464615931721,0.8963302752293578,-0.12477064220183498,False,False,False
B_sig,"sig{1.00,2.00,20.00}",3,"nuts_std_D_1.00,nuts_std_D_2.00,nuts_std_D_20.00",pz,0.1,81,0.8161865569272976,0.7196023409363745,0.9035815941602978,0.934156378600823,-0.11796982167352543,False,False,False
B_sig,"sig{1.00,2.00,20.00}",3,"nuts_std_D_1.00,nuts_std_D_2.00,nuts_std_D_20.00",pz,1.0,81,0.8086419753086419,0.7064130184331798,0.9029785548777604,0.9327846364883402,-0.1241426611796983,False,False,False
B_sig,"sig{1.00,2.00,20.00}",3,"nuts_std_D_1.00,nuts_std_D_2.00,nuts_std_D_20.00",pz,10.0,81,0.799039780521262,0.6886657080284944,0.8968452380952381,0.9286694101508915,-0.12962962962962954,False,False,False
B_sig,"sig{1.00,2.00,20.00}",3,"nuts_std_D_1.00,nuts_std_D_2.00,nuts_std_D_20.00",tz,0.1,68,0.8041958041958042,0.6267494019138756,0.9379615945995255,0.937062937062937,-0.1328671328671328,False,False,False
B_sig,"sig{1.00,2.00,20.00}",3,"nuts_std_D_1.00,nuts_std_D_2.00,nuts_std_D_20.00",tz,1.0,68,0.8041958041958042,0.6264202984515486,0.9409888357256778,0.9370629370629371,-0.13286713286713292,False,False,False
B_sig,"sig{1.00,2.00,20.00}",3,"nuts_std_D_1.00,nuts_std_D_2.00,nuts_std_D_20.00",tz,10.0,68,0.7958041958041958,0.6111174200580325,0.9414691499860073,0.9272727272727272,-0.13146853146853144,False,False,False
B_sig,"sig{1.00,2.00,20.00}",3,"nuts_std_D_1.00,nuts_std_D_2.00,nuts_std_D_20.00",pooled,0.1,149,0.7816513761467889,0.7004987212276215,0.8570448604208974,0.9011467889908257,-0.11949541284403675,False,False,False
B_sig,"sig{1.00,2.00,20.00}",3,"nuts_std_D_1.00,nuts_std_D_2.00,nuts_std_D_20.00",pooled,1.0,149,0.7727064220183486,0.6827159575843789,0.8585020565026428,0.8986238532110091,-0.12591743119266052,False,False,False
B_sig,"sig{1.00,2.00,20.00}",3,"nuts_std_D_1.00,nuts_std_D_2.00,nuts_std_D_20.00",pooled,10.0,149,0.7706422018348624,0.6809762591012591,0.8573477037157317,0.8963302752293578,-0.1256880733944954,False,False,False
B_sig,"sig{1.00,3.00,20.00}",3,"nuts_std_D_1.00,nuts_std_D_3.00,nuts_std_D_20.00",pz,0.1,81,0.799039780521262,0.6896523551949516,0.8868092991913746,0.934156378600823,-0.135116598079561,False,False,False
B_sig,"sig{1.00,3.00,20.00}",3,"nuts_std_D_1.00,nuts_std_D_3.00,nuts_std_D_20.00",pz,1.0,81,0.8017832647462277,0.6977393518860264,0.8909705951707225,0.9327846364883402,-0.13100137174211246,False,False,False
B_sig,"sig{1.00,3.00,20.00}",3,"nuts_std_D_1.00,nuts_std_D_3.00,nuts_std_D_20.00",pz,10.0,81,0.7976680384087791,0.6921871109224674,0.8941982945370043,0.9286694101508915,-0.13100137174211246,False,False,False
B_sig,"sig{1.00,3.00,20.00}",3,"nuts_std_D_1.00,nuts_std_D_3.00,nuts_std_D_20.00",tz,0.1,68,0.7902097902097902,0.6292613636363636,0.9266501164527482,0.937062937062937,-0.14685314685314677,False,False,False
B_sig,"sig{1.00,3.00,20.00}",3,"nuts_std_D_1.00,nuts_std_D_3.00,nuts_std_D_20.00",tz,1.0,68,0.7874125874125875,0.6156238498343761,0.918753277972028,0.9370629370629371,-0.14965034965034962,False,False,False
B_sig,"sig{1.00,3.00,20.00}",3,"nuts_std_D_1.00,nuts_std_D_3.00,nuts_std_D_20.00",tz,10.0,68,0.7664335664335665,0.5693743099006258,0.9218807508281193,0.9272727272727272,-0.16083916083916072,False,False,False
B_sig,"sig{1.00,3.00,20.00}",3,"nuts_std_D_1.00,nuts_std_D_3.00,nuts_std_D_20.00",pooled,0.1,149,0.7839449541284405,0.7040918106372984,0.8585283213408214,0.9011467889908257,-0.11720183486238522,False,False,False
B_sig,"sig{1.00,3.00,20.00}",3,"nuts_std_D_1.00,nuts_std_D_3.00,nuts_std_D_20.00",pooled,1.0,149,0.7740825688073394,0.6831518396914739,0.849210732023232,0.8986238532110091,-0.12454128440366974,False,False,False
B_sig,"sig{1.00,3.00,20.00}",3,"nuts_std_D_1.00,nuts_std_D_3.00,nuts_std_D_20.00",pooled,10.0,149,0.7704128440366972,0.6832758620689655,0.8495428745822653,0.8963302752293578,-0.12591743119266063,False,False,False
B_sig,"sig{1.50,2.00,3.00}",3,"nuts_std_D_1.50,nuts_std_D_2.00,nuts_std_D_3.00",pz,0.1,81,0.8182441700960219,0.7119012605042017,0.9070293126684636,0.934156378600823,-0.1159122085048011,False,False,False
B_sig,"sig{1.50,2.00,3.00}",3,"nuts_std_D_1.50,nuts_std_D_2.00,nuts_std_D_3.00",pz,1.0,81,0.8127572016460904,0.6954142156862745,0.9100122377622377,0.9327846364883402,-0.12002743484224976,False,False,False
B_sig,"sig{1.50,2.00,3.00}",3,"nuts_std_D_1.50,nuts_std_D_2.00,nuts_std_D_3.00",pz,10.0,81,0.8189300411522634,0.7042371373836891,0.9131338919700988,0.9286694101508915,-0.10973936899862813,False,False,False
B_sig,"sig{1.50,2.00,3.00}",3,"nuts_std_D_1.50,nuts_std_D_2.00,nuts_std_D_3.00",tz,0.1,68,0.6307692307692307,0.40367798099632013,0.8399791852512637,0.937062937062937,-0.3062937062937062,False,True,False
B_sig,"sig{1.50,2.00,3.00}",3,"nuts_std_D_1.50,nuts_std_D_2.00,nuts_std_D_3.00",tz,1.0,68,0.7986013986013986,0.5973776782858969,0.965034965034965,0.9370629370629371,-0.13846153846153852,False,False,False
B_sig,"sig{1.50,2.00,3.00}",3,"nuts_std_D_1.50,nuts_std_D_2.00,nuts_std_D_3.00",tz,10.0,68,0.8125874125874126,0.6233287064095071,0.9678490675990675,0.9272727272727272,-0.11468531468531462,False,False,False
B_sig,"sig{1.50,2.00,3.00}",3,"nuts_std_D_1.50,nuts_std_D_2.00,nuts_std_D_3.00",pooled,0.1,149,0.7181192660550458,0.62093442324637,0.8027525528347896,0.9011467889908257,-0.18302752293577984,False,True,False
B_sig,"sig{1.50,2.00,3.00}",3,"nuts_std_D_1.50,nuts_std_D_2.00,nuts_std_D_3.00",pooled,1.0,149,0.7699541284403669,0.6671831063726744,0.8518464825279165,0.8986238532110091,-0.1286697247706422,False,False,False
B_sig,"sig{1.50,2.00,3.00}",3,"nuts_std_D_1.50,nuts_std_D_2.00,nuts_std_D_3.00",pooled,10.0,149,0.778211009174312,0.6822455247095253,0.8673758336258336,0.8963302752293578,-0.11811926605504586,False,False,False
B_sig,"sig{1.50,2.00,20.00}",3,"nuts_std_D_1.50,nuts_std_D_2.00,nuts_std_D_20.00",pz,0.1,81,0.8155006858710563,0.7002829797321324,0.9100088383838383,0.934156378600823,-0.11865569272976673,False,False,False
B_sig,"sig{1.50,2.00,20.00}",3,"nuts_std_D_1.50,nuts_std_D_2.00,nuts_std_D_20.00",pz,1.0,81,0.808641975308642,0.7024637734551528,0.9087962962962963,0.9327846364883402,-0.12414266117969819,False,False,False
B_sig,"sig{1.50,2.00,20.00}",3,"nuts_std_D_1.50,nuts_std_D_2.00,nuts_std_D_20.00",pz,10.0,81,0.8065843621399177,0.7028194039772566,0.9107946026986506,0.9286694101508915,-0.12208504801097386,False,False,False
B_sig,"sig{1.50,2.00,20.00}",3,"nuts_std_D_1.50,nuts_std_D_2.00,nuts_std_D_20.00",tz,0.1,68,0.7762237762237764,0.5773170579420579,0.9375,0.937062937062937,-0.1608391608391606,False,False,False
B_sig,"sig{1.50,2.00,20.00}",3,"nuts_std_D_1.50,nuts_std_D_2.00,nuts_std_D_20.00",tz,1.0,68,0.7930069930069931,0.5873478084415585,0.9491960502421307,0.9370629370629371,-0.14405594405594402,False,False,False
B_sig,"sig{1.50,2.00,20.00}",3,"nuts_std_D_1.50,nuts_std_D_2.00,nuts_std_D_20.00",tz,10.0,68,0.7916083916083916,0.5867577323991798,0.9566484036796536,0.9272727272727272,-0.13566433566433567,False,False,False
B_sig,"sig{1.50,2.00,20.00}",3,"nuts_std_D_1.50,nuts_std_D_2.00,nuts_std_D_20.00",pooled,0.1,149,0.7472477064220184,0.6559612211221122,0.828453637303767,0.9011467889908257,-0.15389908256880724,False,True,False
B_sig,"sig{1.50,2.00,20.00}",3,"nuts_std_D_1.50,nuts_std_D_2.00,nuts_std_D_20.00",pooled,1.0,149,0.7644495412844036,0.6655382632831087,0.8491653397190136,0.8986238532110091,-0.13417431192660556,False,False,False
B_sig,"sig{1.50,2.00,20.00}",3,"nuts_std_D_1.50,nuts_std_D_2.00,nuts_std_D_20.00",pooled,10.0,149,0.7644495412844038,0.6722815820543093,0.8478307509524371,0.8963302752293578,-0.13188073394495403,False,False,False
B_sig,"sig{1.50,3.00,20.00}",3,"nuts_std_D_1.50,nuts_std_D_3.00,nuts_std_D_20.00",pz,0.1,81,0.826474622770919,0.7317964959568733,0.915715990905646,0.934156378600823,-0.10768175582990402,False,False,False
B_sig,"sig{1.50,3.00,20.00}",3,"nuts_std_D_1.50,nuts_std_D_3.00,nuts_std_D_20.00",pz,1.0,81,0.812071330589849,0.6954720406681191,0.9058926367749897,0.9327846364883402,-0.12071330589849116,False,False,False
B_sig,"sig{1.50,3.00,20.00}",3,"nuts_std_D_1.50,nuts_std_D_3.00,nuts_std_D_20.00",pz,10.0,81,0.7997256515775034,0.6731557614050118,0.9041410629296668,0.9286694101508915,-0.12894375857338813,False,False,False
B_sig,"sig{1.50,3.00,20.00}",3,"nuts_std_D_1.50,nuts_std_D_3.00,nuts_std_D_20.00",tz,0.1,68,0.5888111888111888,0.3690576595572135,0.8167395104895105,0.937062937062937,-0.3482517482517482,False,True,False
B_sig,"sig{1.50,3.00,20.00}",3,"nuts_std_D_1.50,nuts_std_D_3.00,nuts_std_D_20.00",tz,1.0,68,0.711888111888112,0.5014683753746254,0.8923076923076924,0.9370629370629371,-0.22517482517482512,False,False,False
B_sig,"sig{1.50,3.00,20.00}",3,"nuts_std_D_1.50,nuts_std_D_3.00,nuts_std_D_20.00",tz,10.0,68,0.7244755244755244,0.5153455733206062,0.9189655172413793,0.9272727272727272,-0.2027972027972028,False,False,False
B_sig,"sig{1.50,3.00,20.00}",3,"nuts_std_D_1.50,nuts_std_D_3.00,nuts_std_D_20.00",pooled,0.1,149,0.7311926605504587,0.6388342598717119,0.8175464909821513,0.9011467889908257,-0.16995412844036695,False,True,False
B_sig,"sig{1.50,3.00,20.00}",3,"nuts_std_D_1.50,nuts_std_D_3.00,nuts_std_D_20.00",pooled,1.0,149,0.7385321100917431,0.6431189786392587,0.8260818042813456,0.8986238532110091,-0.160091743119266,False,True,False
B_sig,"sig{1.50,3.00,20.00}",3,"nuts_std_D_1.50,nuts_std_D_3.00,nuts_std_D_20.00",pooled,10.0,149,0.7463302752293578,0.6514888361105466,0.8320196851044144,0.8963302752293578,-0.15000000000000002,False,False,False
B_sig,"sig{2.00,3.00,20.00}",3,"nuts_std_D_2.00,nuts_std_D_3.00,nuts_std_D_20.00",pz,0.1,81,0.7366255144032922,0.6265589582830962,0.8430029744888236,0.934156378600823,-0.19753086419753085,False,True,False
B_sig,"sig{2.00,3.00,20.00}",3,"nuts_std_D_2.00,nuts_std_D_3.00,nuts_std_D_20.00",pz,1.0,81,0.7750342935528121,0.6621324123989218,0.8782754533601992,0.9327846364883402,-0.15775034293552814,False,False,False
B_sig,"sig{2.00,3.00,20.00}",3,"nuts_std_D_2.00,nuts_std_D_3.00,nuts_std_D_20.00",pz,10.0,81,0.7784636488340192,0.6628456873315364,0.8745176881941588,0.9286694101508915,-0.15020576131687235,False,False,False
B_sig,"sig{2.00,3.00,20.00}",3,"nuts_std_D_2.00,nuts_std_D_3.00,nuts_std_D_20.00",tz,0.1,68,0.7426573426573426,0.5529100529100529,0.9100767629456155,0.937062937062937,-0.19440559440559435,False,False,False
B_sig,"sig{2.00,3.00,20.00}",3,"nuts_std_D_2.00,nuts_std_D_3.00,nuts_std_D_20.00",tz,1.0,68,0.7776223776223776,0.6101004464285714,0.9300884589947089,0.9370629370629371,-0.15944055944055946,False,False,False
B_sig,"sig{2.00,3.00,20.00}",3,"nuts_std_D_2.00,nuts_std_D_3.00,nuts_std_D_20.00",tz,10.0,68,0.779020979020979,0.5931010368941403,0.9266354445435623,0.9272727272727272,-0.14825174825174825,False,False,False
B_sig,"sig{2.00,3.00,20.00}",3,"nuts_std_D_2.00,nuts_std_D_3.00,nuts_std_D_20.00",pooled,0.1,149,0.6885321100917431,0.5938955606622982,0.7736087899085932,0.9011467889908257,-0.2126146788990826,False,True,False
B_sig,"sig{2.00,3.00,20.00}",3,"nuts_std_D_2.00,nuts_std_D_3.00,nuts_std_D_20.00",pooled,1.0,149,0.7350917431192661,0.641467313989816,0.8230955125611273,0.8986238532110091,-0.16353211009174307,False,True,False
B_sig,"sig{2.00,3.00,20.00}",3,"nuts_std_D_2.00,nuts_std_D_3.00,nuts_std_D_20.00",pooled,10.0,149,0.7243119266055046,0.6260343822843824,0.8174835755933316,0.8963302752293578,-0.17201834862385323,False,True,False
B_sig,sig_full8,8,"nuts_std_D_0.25,nuts_std_D_0.50,nuts_std_D_0.75,nuts_std_D_1.00,nuts_std_D_1.50,nuts_std_D_2.00,nuts_std_D_3.00,nuts_std_D_20.00",pz,0.1,81,0.8347050754458162,0.7410446428571429,0.9166697901049475,0.934156378600823,-0.09945130315500683,False,False,False
B_sig,sig_full8,8,"nuts_std_D_0.25,nuts_std_D_0.50,nuts_std_D_0.75,nuts_std_D_1.00,nuts_std_D_1.50,nuts_std_D_2.00,nuts_std_D_3.00,nuts_std_D_20.00",pz,1.0,81,0.8285322359396433,0.7294098143236074,0.9097017017412248,0.9327846364883402,-0.10425240054869689,False,False,False
B_sig,sig_full8,8,"nuts_std_D_0.25,nuts_std_D_0.50,nuts_std_D_0.75,nuts_std_D_1.00,nuts_std_D_1.50,nuts_std_D_2.00,nuts_std_D_3.00,nuts_std_D_20.00",pz,10.0,81,0.8271604938271605,0.7360492129408184,0.9088697375880176,0.9286694101508915,-0.10150891632373105,False,False,False
B_sig,sig_full8,8,"nuts_std_D_0.25,nuts_std_D_0.50,nuts_std_D_0.75,nuts_std_D_1.00,nuts_std_D_1.50,nuts_std_D_2.00,nuts_std_D_3.00,nuts_std_D_20.00",tz,0.1,68,0.8307692307692308,0.6707953042328043,0.9568824404761905,0.937062937062937,-0.10629370629370616,False,False,False
B_sig,sig_full8,8,"nuts_std_D_0.25,nuts_std_D_0.50,nuts_std_D_0.75,nuts_std_D_1.00,nuts_std_D_1.50,nuts_std_D_2.00,nuts_std_D_3.00,nuts_std_D_20.00",tz,1.0,68,0.820979020979021,0.6395888516514576,0.9551742223293948,0.9370629370629371,-0.1160839160839161,False,False,False
B_sig,sig_full8,8,"nuts_std_D_0.25,nuts_std_D_0.50,nuts_std_D_0.75,nuts_std_D_1.00,nuts_std_D_1.50,nuts_std_D_2.00,nuts_std_D_3.00,nuts_std_D_20.00",tz,10.0,68,0.813986013986014,0.6300283678585565,0.9567194105329698,0.9272727272727272,-0.11328671328671325,False,False,False
B_sig,sig_full8,8,"nuts_std_D_0.25,nuts_std_D_0.50,nuts_std_D_0.75,nuts_std_D_1.00,nuts_std_D_1.50,nuts_std_D_2.00,nuts_std_D_3.00,nuts_std_D_20.00",pooled,0.1,149,0.7986238532110091,0.7146292841158133,0.8726052593240093,0.9011467889908257,-0.10252293577981653,False,False,False
B_sig,sig_full8,8,"nuts_std_D_0.25,nuts_std_D_0.50,nuts_std_D_0.75,nuts_std_D_1.00,nuts_std_D_1.50,nuts_std_D_2.00,nuts_std_D_3.00,nuts_std_D_20.00",pooled,1.0,149,0.8057339449541284,0.7186347107575557,0.8804692221207223,0.8986238532110091,-0.0928899082568807,False,False,False
B_sig,sig_full8,8,"nuts_std_D_0.25,nuts_std_D_0.50,nuts_std_D_0.75,nuts_std_D_1.00,nuts_std_D_1.50,nuts_std_D_2.00,nuts_std_D_3.00,nuts_std_D_20.00",pooled,10.0,149,0.8059633027522937,0.7197597763692897,0.8906772613351561,0.8963302752293578,-0.09036697247706416,False,False,False
C_joint,mu{0.25}+sig{0.25},2,"nuts_D_0.25,nuts_std_D_0.25",pz,0.1,81,0.906721536351166,0.8180795965653538,0.9683348012326414,0.934156378600823,-0.027434842249656977,False,False,False
C_joint,mu{0.25}+sig{0.25},2,"nuts_D_0.25,nuts_std_D_0.25",pz,1.0,81,0.9087791495198903,0.8265572390572391,0.9778862387612386,0.9327846364883402,-0.02400548696844995,False,False,False
C_joint,mu{0.25}+sig{0.25},2,"nuts_D_0.25,nuts_std_D_0.25",pz,10.0,81,0.8998628257887517,0.8006993869282004,0.97484807645185,0.9286694101508915,-0.028806584362139898,False,False,False
C_joint,mu{0.25}+sig{0.25},2,"nuts_D_0.25,nuts_std_D_0.25",tz,0.1,68,0.9426573426573427,0.8650632262474367,0.9920732255166217,0.937062937062937,0.005594405594405716,False,False,False
C_joint,mu{0.25}+sig{0.25},2,"nuts_D_0.25,nuts_std_D_0.25",tz,1.0,68,0.9468531468531469,0.8854855406096717,0.9914121217128736,0.9370629370629371,0.009790209790209836,False,False,False
C_joint,mu{0.25}+sig{0.25},2,"nuts_D_0.25,nuts_std_D_0.25",tz,10.0,68,0.9258741258741259,0.8341108452950559,0.984623352165725,0.9272727272727272,-0.0013986013986013734,False,False,False
C_joint,mu{0.25}+sig{0.25},2,"nuts_D_0.25,nuts_std_D_0.25",pooled,0.1,149,0.910091743119266,0.8477739342213028,0.9620447157398074,0.9011467889908257,0.008944954128440319,False,False,False
C_joint,mu{0.25}+sig{0.25},2,"nuts_D_0.25,nuts_std_D_0.25",pooled,1.0,149,0.9123853211009174,0.8478142354056617,0.9660400908803313,0.8986238532110091,0.013761467889908285,False,False,False
C_joint,mu{0.25}+sig{0.25},2,"nuts_D_0.25,nuts_std_D_0.25",pooled,10.0,149,0.9077981651376147,0.8363189223057644,0.9624251485491222,0.8963302752293578,0.011467889908256867,False,False,False
C_joint,mu{0.50}+sig{0.50},2,"nuts_D_0.50,nuts_std_D_0.50",pz,0.1,81,0.7921810699588477,0.6842439353099731,0.8875724760469887,0.934156378600823,-0.14197530864197527,False,False,False
C_joint,mu{0.50}+sig{0.50},2,"nuts_D_0.50,nuts_std_D_0.50",pz,1.0,81,0.7969821673525377,0.6892075696019149,0.8881167370860025,0.9327846364883402,-0.13580246913580252,False,False,False
C_joint,mu{0.50}+sig{0.50},2,"nuts_D_0.50,nuts_std_D_0.50",pz,10.0,81,0.8237311385459534,0.7335430107526881,0.906728323117212,0.9286694101508915,-0.10493827160493818,False,False,False
C_joint,mu{0.50}+sig{0.50},2,"nuts_D_0.50,nuts_std_D_0.50",tz,0.1,68,0.8377622377622378,0.6778248226365287,0.951048951048951,0.937062937062937,-0.09930069930069918,False,False,False
C_joint,mu{0.50}+sig{0.50},2,"nuts_D_0.50,nuts_std_D_0.50",tz,1.0,68,0.8433566433566434,0.6821970899470899,0.9597798742138364,0.9370629370629371,-0.09370629370629369,False,False,False
C_joint,mu{0.50}+sig{0.50},2,"nuts_D_0.50,nuts_std_D_0.50",tz,10.0,68,0.8601398601398601,0.7048694534632034,0.9717261904761905,0.9272727272727272,-0.06713286713286715,False,False,False
C_joint,mu{0.50}+sig{0.50},2,"nuts_D_0.50,nuts_std_D_0.50",pooled,0.1,149,0.7903669724770641,0.7097150890519989,0.8624611510861511,0.9011467889908257,-0.11077981651376156,False,False,False
C_joint,mu{0.50}+sig{0.50},2,"nuts_D_0.50,nuts_std_D_0.50",pooled,1.0,149,0.8087155963302752,0.7323666543483618,0.8841555000162818,0.8986238532110091,-0.0899082568807339,False,False,False
C_joint,mu{0.50}+sig{0.50},2,"nuts_D_0.50,nuts_std_D_0.50",pooled,10.0,149,0.8373853211009173,0.7667775467943929,0.9068357354028085,0.8963302752293578,-0.058944954128440474,False,False,False
C_joint,mu{0.75}+sig{0.75},2,"nuts_D_0.75,nuts_std_D_0.75",pz,0.1,81,0.7956104252400549,0.6848741239624236,0.8888131313131313,0.934156378600823,-0.13854595336076814,False,False,False
C_joint,mu{0.75}+sig{0.75},2,"nuts_D_0.75,nuts_std_D_0.75",pz,1.0,81,0.7997256515775034,0.6948165664297431,0.888158879904163,0.9327846364883402,-0.1330589849108368,False,False,False
C_joint,mu{0.75}+sig{0.75},2,"nuts_D_0.75,nuts_std_D_0.75",pz,10.0,81,0.8203017832647461,0.7164086972544683,0.8999108980011757,0.9286694101508915,-0.10836762688614543,False,False,False
C_joint,mu{0.75}+sig{0.75},2,"nuts_D_0.75,nuts_std_D_0.75",tz,0.1,68,0.820979020979021,0.6698955658277692,0.9378658991578723,0.937062937062937,-0.116083916083916,False,False,False
C_joint,mu{0.75}+sig{0.75},2,"nuts_D_0.75,nuts_std_D_0.75",tz,1.0,68,0.813986013986014,0.6553425004559917,0.9482758620689655,0.9370629370629371,-0.12307692307692308,False,False,False
C_joint,mu{0.75}+sig{0.75},2,"nuts_D_0.75,nuts_std_D_0.75",tz,10.0,68,0.806993006993007,0.6294642857142857,0.9375082671957672,0.9272727272727272,-0.12027972027972023,False,False,False
C_joint,mu{0.75}+sig{0.75},2,"nuts_D_0.75,nuts_std_D_0.75",pooled,0.1,149,0.786697247706422,0.7062935251485541,0.8621796218487395,0.9011467889908257,-0.11444954128440366,False,False,False
C_joint,mu{0.75}+sig{0.75},2,"nuts_D_0.75,nuts_std_D_0.75",pooled,1.0,149,0.7981651376146789,0.7142631007658444,0.8688117454090016,0.8986238532110091,-0.10045871559633024,False,False,False
C_joint,mu{0.75}+sig{0.75},2,"nuts_D_0.75,nuts_std_D_0.75",pooled,10.0,149,0.8259174311926605,0.7492572292554642,0.894505150285084,0.8963302752293578,-0.07041284403669734,False,False,False
C_joint,mu{1.00}+sig{1.00},2,"nuts_D_1.00,nuts_std_D_1.00",pz,0.1,81,0.8175582990397805,0.709645274080758,0.9131333567909923,0.934156378600823,-0.11659807956104251,False,False,False
C_joint,mu{1.00}+sig{1.00},2,"nuts_D_1.00,nuts_std_D_1.00",pz,1.0,81,0.8168724279835392,0.7186916945140629,0.9078995743034056,0.9327846364883402,-0.115912208504801,False,False,False
C_joint,mu{1.00}+sig{1.00},2,"nuts_D_1.00,nuts_std_D_1.00",pz,10.0,81,0.8148148148148149,0.7206833970213599,0.9023926471431607,0.9286694101508915,-0.11385459533607667,False,False,False
C_joint,mu{1.00}+sig{1.00},2,"nuts_D_1.00,nuts_std_D_1.00",tz,0.1,68,0.7958041958041958,0.6432563338301043,0.9211322751322751,0.937062937062937,-0.14125874125874116,False,False,False
C_joint,mu{1.00}+sig{1.00},2,"nuts_D_1.00,nuts_std_D_1.00",tz,1.0,68,0.7944055944055944,0.6402243039978889,0.9238177339901478,0.9370629370629371,-0.14265734265734265,False,False,False
C_joint,mu{1.00}+sig{1.00},2,"nuts_D_1.00,nuts_std_D_1.00",tz,10.0,68,0.7902097902097902,0.6249410377358491,0.9259436469962785,0.9272727272727272,-0.13706293706293704,False,False,False
C_joint,mu{1.00}+sig{1.00},2,"nuts_D_1.00,nuts_std_D_1.00",pooled,0.1,149,0.780045871559633,0.696210818314477,0.8597259900061625,0.9011467889908257,-0.12110091743119267,False,False,False
C_joint,mu{1.00}+sig{1.00},2,"nuts_D_1.00,nuts_std_D_1.00",pooled,1.0,149,0.7862385321100918,0.7080170885339473,0.8609361040697235,0.8986238532110091,-0.11238532110091737,False,False,False
C_joint,mu{1.00}+sig{1.00},2,"nuts_D_1.00,nuts_std_D_1.00",pooled,10.0,149,0.7894495412844037,0.713724457881568,0.8688074374527568,0.8963302752293578,-0.10688073394495412,False,False,False
C_joint,mu{1.50}+sig{1.50},2,"nuts_D_1.50,nuts_std_D_1.50",pz,0.1,81,0.8189300411522634,0.7169234019867894,0.9033083419769313,0.934156378600823,-0.11522633744855959,False,False,False
C_joint,mu{1.50}+sig{1.50},2,"nuts_D_1.50,nuts_std_D_1.50",pz,1.0,81,0.8196159122085048,0.7121350247480133,0.9183488153274899,0.9327846364883402,-0.11316872427983538,False,False,False
C_joint,mu{1.50}+sig{1.50},2,"nuts_D_1.50,nuts_std_D_1.50",pz,10.0,81,0.8203017832647462,0.715379188712522,0.9121747104726875,0.9286694101508915,-0.10836762688614532,False,False,False
C_joint,mu{1.50}+sig{1.50},2,"nuts_D_1.50,nuts_std_D_1.50",tz,0.1,68,0.6657342657342658,0.5044082341269842,0.8196261881117889,0.937062937062937,-0.2713286713286712,False,True,False
C_joint,mu{1.50}+sig{1.50},2,"nuts_D_1.50,nuts_std_D_1.50",tz,1.0,68,0.6321678321678321,0.4430046980478015,0.8102538772479789,0.9370629370629371,-0.30489510489510496,False,True,False
C_joint,mu{1.50}+sig{1.50},2,"nuts_D_1.50,nuts_std_D_1.50",tz,10.0,68,0.6741258741258741,0.4810142704071693,0.8452752976190475,0.9272727272727272,-0.25314685314685315,False,False,False
C_joint,mu{1.50}+sig{1.50},2,"nuts_D_1.50,nuts_std_D_1.50",pooled,0.1,149,0.693348623853211,0.5855737316263632,0.7847396010355954,0.9011467889908257,-0.20779816513761462,False,True,False
C_joint,mu{1.50}+sig{1.50},2,"nuts_D_1.50,nuts_std_D_1.50",pooled,1.0,149,0.6931192660550459,0.5949745369246241,0.7835002225189142,0.8986238532110091,-0.2055045871559632,False,True,False
C_joint,mu{1.50}+sig{1.50},2,"nuts_D_1.50,nuts_std_D_1.50",pooled,10.0,149,0.6908256880733945,0.5994918522199851,0.7836812258687258,0.8963302752293578,-0.20550458715596331,False,True,False
C_joint,mu{2.00}+sig{2.00},2,"nuts_D_2.00,nuts_std_D_2.00",pz,0.1,81,0.742798353909465,0.6364636479591835,0.8521436335403727,0.934156378600823,-0.191358024691358,False,True,False
C_joint,mu{2.00}+sig{2.00},2,"nuts_D_2.00,nuts_std_D_2.00",pz,1.0,81,0.7482853223593964,0.6364793574936944,0.8508935199505102,0.9327846364883402,-0.18449931412894383,False,True,False
C_joint,mu{2.00}+sig{2.00},2,"nuts_D_2.00,nuts_std_D_2.00",pz,10.0,81,0.7434842249657064,0.6238165183331016,0.8459392995957871,0.9286694101508915,-0.18518518518518512,False,True,False
C_joint,mu{2.00}+sig{2.00},2,"nuts_D_2.00,nuts_std_D_2.00",tz,0.1,68,0.7174825174825176,0.5222617979608112,0.902730953257269,0.937062937062937,-0.2195804195804194,False,False,False
C_joint,mu{2.00}+sig{2.00},2,"nuts_D_2.00,nuts_std_D_2.00",tz,1.0,68,0.7440559440559441,0.5620346653005464,0.9003059018418689,0.9370629370629371,-0.19300699300699298,False,False,False
C_joint,mu{2.00}+sig{2.00},2,"nuts_D_2.00,nuts_std_D_2.00",tz,10.0,68,0.7412587412587414,0.5648960825358852,0.900297619047619,0.9272727272727272,-0.1860139860139859,False,False,False
C_joint,mu{2.00}+sig{2.00},2,"nuts_D_2.00,nuts_std_D_2.00",pooled,0.1,149,0.5889908256880734,0.4901993476706779,0.6889930665401244,0.9011467889908257,-0.3121559633027523,False,True,False
C_joint,mu{2.00}+sig{2.00},2,"nuts_D_2.00,nuts_std_D_2.00",pooled,1.0,149,0.6194954128440366,0.5138754450378281,0.7170870142928967,0.8986238532110091,-0.2791284403669725,False,True,False
C_joint,mu{2.00}+sig{2.00},2,"nuts_D_2.00,nuts_std_D_2.00",pooled,10.0,149,0.6236238532110092,0.5304706152045994,0.7184892103522502,0.8963302752293578,-0.2727064220183486,False,True,False
C_joint,mu{3.00}+sig{3.00},2,"nuts_D_3.00,nuts_std_D_3.00",pz,0.1,81,0.8998628257887518,0.8253191944222511,0.9602317113381144,0.934156378600823,-0.03429355281207125,False,False,False
C_joint,mu{3.00}+sig{3.00},2,"nuts_D_3.00,nuts_std_D_3.00",pz,1.0,81,0.9053497942386832,0.8289404674273095,0.9648586327465638,0.9327846364883402,-0.027434842249656977,False,False,False
C_joint,mu{3.00}+sig{3.00},2,"nuts_D_3.00,nuts_std_D_3.00",pz,10.0,81,0.9039780521262002,0.8180099146136882,0.9635714285714285,0.9286694101508915,-0.024691358024691357,False,False,False
C_joint,mu{3.00}+sig{3.00},2,"nuts_D_3.00,nuts_std_D_3.00",tz,0.1,68,0.8335664335664337,0.7001555023923445,0.9446819157432365,0.937062937062937,-0.1034965034965033,False,False,False
C_joint,mu{3.00}+sig{3.00},2,"nuts_D_3.00,nuts_std_D_3.00",tz,1.0,68,0.8671328671328671,0.7426325757575758,0.9471884827044025,0.9370629370629371,-0.06993006993007,False,False,False
C_joint,mu{3.00}+sig{3.00},2,"nuts_D_3.00,nuts_std_D_3.00",tz,10.0,68,0.8755244755244755,0.7714136904761905,0.9553754140596246,0.9272727272727272,-0.051748251748251706,False,False,False
C_joint,mu{3.00}+sig{3.00},2,"nuts_D_3.00,nuts_std_D_3.00",pooled,0.1,149,0.8575688073394495,0.7803259902091678,0.9161213133237236,0.9011467889908257,-0.04357798165137616,False,False,False
C_joint,mu{3.00}+sig{3.00},2,"nuts_D_3.00,nuts_std_D_3.00",pooled,1.0,149,0.8594036697247707,0.7882191329238093,0.9192840349305866,0.8986238532110091,-0.03922018348623846,False,False,False
C_joint,mu{3.00}+sig{3.00},2,"nuts_D_3.00,nuts_std_D_3.00",pooled,10.0,149,0.8591743119266055,0.7819541011963975,0.9206097323284823,0.8963302752293578,-0.03715596330275228,False,False,False
C_joint,mu{20.00}+sig{20.00},2,"nuts_D_20.00,nuts_std_D_20.00",pz,0.1,81,0.5802469135802469,0.4400292353823088,0.7084205449722691,0.934156378600823,-0.3539094650205761,False,True,False
C_joint,mu{20.00}+sig{20.00},2,"nuts_D_20.00,nuts_std_D_20.00",pz,1.0,81,0.5967078189300411,0.46426886792452826,0.7228571428571429,0.9327846364883402,-0.3360768175582991,False,True,False
C_joint,mu{20.00}+sig{20.00},2,"nuts_D_20.00,nuts_std_D_20.00",pz,10.0,81,0.6008230452674896,0.4761715325632233,0.7200813933873145,0.9286694101508915,-0.3278463648834019,False,True,False
C_joint,mu{20.00}+sig{20.00},2,"nuts_D_20.00,nuts_std_D_20.00",tz,0.1,68,0.5076923076923077,0.3219195587839656,0.7077296879203658,0.937062937062937,-0.4293706293706293,False,True,False
C_joint,mu{20.00}+sig{20.00},2,"nuts_D_20.00,nuts_std_D_20.00",tz,1.0,68,0.5384615384615384,0.34966980259617975,0.7384018049568964,0.9370629370629371,-0.39860139860139865,False,True,False
C_joint,mu{20.00}+sig{20.00},2,"nuts_D_20.00,nuts_std_D_20.00",tz,10.0,68,0.5384615384615384,0.35050843253968256,0.7224338054187193,0.9272727272727272,-0.3888111888111888,False,True,False
C_joint,mu{20.00}+sig{20.00},2,"nuts_D_20.00,nuts_std_D_20.00",pooled,0.1,149,0.6642201834862386,0.5687886896908123,0.7578181171602225,0.9011467889908257,-0.2369266055045871,False,True,False
C_joint,mu{20.00}+sig{20.00},2,"nuts_D_20.00,nuts_std_D_20.00",pooled,1.0,149,0.6635321100917431,0.5706432638011585,0.7513222122704881,0.8986238532110091,-0.23509174311926606,False,True,False
C_joint,mu{20.00}+sig{20.00},2,"nuts_D_20.00,nuts_std_D_20.00",pooled,10.0,149,0.6637614678899083,0.5657901736985015,0.755483682983683,0.8963302752293578,-0.2325688073394495,False,True,False
C_joint,mu+sig_at_headline_bins,4,"nuts_D_0.25,nuts_std_D_0.25,nuts_D_3.00,nuts_std_D_3.00",pz,0.1,81,0.9368998628257887,0.8783129480031858,0.9800178571428572,0.934156378600823,0.002743484224965731,False,False,False
C_joint,mu+sig_at_headline_bins,4,"nuts_D_0.25,nuts_std_D_0.25,nuts_D_3.00,nuts_std_D_3.00",pz,1.0,81,0.9368998628257887,0.8676588250930356,0.9864592151675485,0.9327846364883402,0.004115226337448541,False,False,False
C_joint,mu+sig_at_headline_bins,4,"nuts_D_0.25,nuts_std_D_0.25,nuts_D_3.00,nuts_std_D_3.00",pz,10.0,81,0.9286694101508917,0.8564210829493087,0.9823561122562233,0.9286694101508915,1.1102230246251565e-16,False,False,False
C_joint,mu+sig_at_headline_bins,4,"nuts_D_0.25,nuts_std_D_0.25,nuts_D_3.00,nuts_std_D_3.00",tz,0.1,68,0.951048951048951,0.8922488038277513,0.9943516652838688,0.937062937062937,0.013986013986014068,False,False,False
C_joint,mu+sig_at_headline_bins,4,"nuts_D_0.25,nuts_std_D_0.25,nuts_D_3.00,nuts_std_D_3.00",tz,1.0,68,0.9468531468531469,0.8758554693944893,0.99682002208318,0.9370629370629371,0.009790209790209836,False,False,False
C_joint,mu+sig_at_headline_bins,4,"nuts_D_0.25,nuts_std_D_0.25,nuts_D_3.00,nuts_std_D_3.00",tz,10.0,68,0.8881118881118881,0.7499501594896332,0.9896622207764042,0.9272727272727272,-0.03916083916083912,False,False,False
C_joint,mu+sig_at_headline_bins,4,"nuts_D_0.25,nuts_std_D_0.25,nuts_D_3.00,nuts_std_D_3.00",pooled,0.1,149,0.9197247706422018,0.8599353832442067,0.9644635233025224,0.9011467889908257,0.01857798165137614,False,False,False
C_joint,mu+sig_at_headline_bins,4,"nuts_D_0.25,nuts_std_D_0.25,nuts_D_3.00,nuts_std_D_3.00",pooled,1.0,149,0.9174311926605504,0.8501503386534772,0.9688556046849157,0.8986238532110091,0.01880733944954127,False,False,False
C_joint,mu+sig_at_headline_bins,4,"nuts_D_0.25,nuts_std_D_0.25,nuts_D_3.00,nuts_std_D_3.00",pooled,10.0,149,0.9130733944954128,0.8498484319053512,0.963889497288277,0.8963302752293578,0.016743119266054984,False,False,False
C_joint,mu+sig_full16,16,"nuts_D_0.25,nuts_D_0.50,nuts_D_0.75,nuts_D_1.00,nuts_D_1.50,nuts_D_2.00,nuts_D_3.00,nuts_D_20.00,nuts_std_D_0.25,nuts_std_D_0.50,nuts_std_D_0.75,nuts_std_D_1.00,nuts_std_D_1.50,nuts_std_D_2.00,nuts_std_D_3.00,nuts_std_D_20.00",pz,0.1,81,0.9183813443072701,0.8474328826180677,0.9741411004056795,0.934156378600823,-0.01577503429355287,False,False,False
C_joint,mu+sig_full16,16,"nuts_D_0.25,nuts_D_0.50,nuts_D_0.75,nuts_D_1.00,nuts_D_1.50,nuts_D_2.00,nuts_D_3.00,nuts_D_20.00,nuts_std_D_0.25,nuts_std_D_0.50,nuts_std_D_0.75,nuts_std_D_1.00,nuts_std_D_1.50,nuts_std_D_2.00,nuts_std_D_3.00,nuts_std_D_20.00",pz,1.0,81,0.9252400548696844,0.8468256090314914,0.9779770138062672,0.9327846364883402,-0.007544581618655788,False,False,False
C_joint,mu+sig_full16,16,"nuts_D_0.25,nuts_D_0.50,nuts_D_0.75,nuts_D_1.00,nuts_D_1.50,nuts_D_2.00,nuts_D_3.00,nuts_D_20.00,nuts_std_D_0.25,nuts_std_D_0.50,nuts_std_D_0.75,nuts_std_D_1.00,nuts_std_D_1.50,nuts_std_D_2.00,nuts_std_D_3.00,nuts_std_D_20.00",pz,10.0,81,0.9156378600823044,0.8279391371340524,0.9841055295397569,0.9286694101508915,-0.013031550068587139,False,False,False
C_joint,mu+sig_full16,16,"nuts_D_0.25,nuts_D_0.50,nuts_D_0.75,nuts_D_1.00,nuts_D_1.50,nuts_D_2.00,nuts_D_3.00,nuts_D_20.00,nuts_std_D_0.25,nuts_std_D_0.50,nuts_std_D_0.75,nuts_std_D_1.00,nuts_std_D_1.50,nuts_std_D_2.00,nuts_std_D_3.00,nuts_std_D_20.00",tz,0.1,68,0.9062937062937063,0.7619047619047619,0.9965581862178958,0.937062937062937,-0.03076923076923066,False,False,False
C_joint,mu+sig_full16,16,"nuts_D_0.25,nuts_D_0.50,nuts_D_0.75,nuts_D_1.00,nuts_D_1.50,nuts_D_2.00,nuts_D_3.00,nuts_D_20.00,nuts_std_D_0.25,nuts_std_D_0.50,nuts_std_D_0.75,nuts_std_D_1.00,nuts_std_D_1.50,nuts_std_D_2.00,nuts_std_D_3.00,nuts_std_D_20.00",tz,1.0,68,0.9132867132867133,0.792802473083893,0.994411045943304,0.9370629370629371,-0.023776223776223793,False,False,False
C_joint,mu+sig_full16,16,"nuts_D_0.25,nuts_D_0.50,nuts_D_0.75,nuts_D_1.00,nuts_D_1.50,nuts_D_2.00,nuts_D_3.00,nuts_D_20.00,nuts_std_D_0.25,nuts_std_D_0.50,nuts_std_D_0.75,nuts_std_D_1.00,nuts_std_D_1.50,nuts_std_D_2.00,nuts_std_D_3.00,nuts_std_D_20.00",tz,10.0,68,0.9062937062937063,0.7854038915094339,0.9887005649717514,0.9272727272727272,-0.020979020979020935,False,False,False
C_joint,mu+sig_full16,16,"nuts_D_0.25,nuts_D_0.50,nuts_D_0.75,nuts_D_1.00,nuts_D_1.50,nuts_D_2.00,nuts_D_3.00,nuts_D_20.00,nuts_std_D_0.25,nuts_std_D_0.50,nuts_std_D_0.75,nuts_std_D_1.00,nuts_std_D_1.50,nuts_std_D_2.00,nuts_std_D_3.00,nuts_std_D_20.00",pooled,0.1,149,0.9068807339449542,0.8390893374491274,0.9572773861083069,0.9011467889908257,0.005733944954128489,False,False,False
C_joint,mu+sig_full16,16,"nuts_D_0.25,nuts_D_0.50,nuts_D_0.75,nuts_D_1.00,nuts_D_1.50,nuts_D_2.00,nuts_D_3.00,nuts_D_20.00,nuts_std_D_0.25,nuts_std_D_0.50,nuts_std_D_0.75,nuts_std_D_1.00,nuts_std_D_1.50,nuts_std_D_2.00,nuts_std_D_3.00,nuts_std_D_20.00",pooled,1.0,149,0.919954128440367,0.8616263873970641,0.9658198837611268,0.8986238532110091,0.02133027522935782,False,False,False
C_joint,mu+sig_full16,16,"nuts_D_0.25,nuts_D_0.50,nuts_D_0.75,nuts_D_1.00,nuts_D_1.50,nuts_D_2.00,nuts_D_3.00,nuts_D_20.00,nuts_std_D_0.25,nuts_std_D_0.50,nuts_std_D_0.75,nuts_std_D_1.00,nuts_std_D_1.50,nuts_std_D_2.00,nuts_std_D_3.00,nuts_std_D_20.00",pooled,10.0,149,0.9233944954128439,0.8581359286474362,0.9695264710424868,0.8963302752293578,0.027064220183486087,False,False,False
