block,feature_set,n_features,feature_cols,zone,n,spearman_rho,spearman_p,rho_ci_lo,rho_ci_hi,adc_rho,abs_rho_gt_abs_adc,abs_rho
A_mu,mu{0.25},1,nuts_D_0.25,pz,21,0.31936942112320676,0.15818745386208796,-0.17575521745902328,0.6913481527139373,-0.4801069979082933,False,0.31936942112320676
A_mu,mu{0.25},1,nuts_D_0.25,tz,8,0.5646829085612719,0.1447623093054763,-0.19499916722002705,0.9289853059279987,-0.6137857701752955,False,0.5646829085612719
A_mu,mu{0.25},1,nuts_D_0.25,pooled,29,0.43689783236992713,0.017799572406751302,0.05455244951357598,0.7123761866405575,-0.5462518568421153,False,0.43689783236992713
A_mu,mu{0.50},1,nuts_D_0.50,pz,21,0.5755668688374276,0.006331075736680991,0.2888517126943024,0.7782497644758836,-0.4801069979082933,True,0.5755668688374276
A_mu,mu{0.50},1,nuts_D_0.50,tz,8,0.3068928850876477,0.4596851913195994,-0.5773502691896256,0.8990722639250549,-0.6137857701752955,False,0.3068928850876477
A_mu,mu{0.50},1,nuts_D_0.50,pooled,29,0.5651685482792475,0.0014004113698141431,0.28660660234616153,0.7567459209445155,-0.5462518568421153,True,0.5651685482792475
A_mu,mu{0.75},1,nuts_D_0.75,pz,21,0.530644576635482,0.01332957527007828,0.17661846486409363,0.7783396574272125,-0.4801069979082933,True,0.530644576635482
A_mu,mu{0.75},1,nuts_D_0.75,tz,8,-0.03682714621051773,0.9310115084540986,-0.8203631476617221,0.6979808364080088,-0.6137857701752955,False,0.03682714621051773
A_mu,mu{0.75},1,nuts_D_0.75,pooled,29,0.51204633259963,0.0045174412501176806,0.22656853863595902,0.7158086241212637,-0.5462518568421153,False,0.51204633259963
A_mu,mu{1.00},1,nuts_D_1.00,pz,21,0.26953375321167344,0.23738394800748708,-0.21799877810589657,0.6609365816369026,-0.4801069979082933,False,0.26953375321167344
A_mu,mu{1.00},1,nuts_D_1.00,tz,8,-0.20868716185960046,0.6199236393861473,-0.9555404306150662,0.579089004765913,-0.6137857701752955,False,0.20868716185960046
A_mu,mu{1.00},1,nuts_D_1.00,pooled,29,0.34490570277839444,0.06689762418305888,-0.03884801891264558,0.6385462743864894,-0.5462518568421153,False,0.34490570277839444
A_mu,mu{1.50},1,nuts_D_1.50,pz,21,-0.09195031685085735,0.6918032443254143,-0.628946219366049,0.4769026225830356,-0.4801069979082933,False,0.09195031685085735
A_mu,mu{1.50},1,nuts_D_1.50,tz,8,-0.6137857701752955,0.10552589403223339,-0.9413160730419347,0.0,-0.6137857701752955,False,0.6137857701752955
A_mu,mu{1.50},1,nuts_D_1.50,pooled,29,-0.20782447304904011,0.2793387749616446,-0.6216175428610691,0.26027964547392046,-0.5462518568421153,False,0.20782447304904011
A_mu,mu{2.00},1,nuts_D_2.00,pz,21,-0.44150190304724635,0.045109013312194884,-0.7924911287900693,-0.0028144726241098005,-0.4801069979082933,False,0.44150190304724635
A_mu,mu{2.00},1,nuts_D_2.00,tz,8,-0.15958430024557682,0.7058208200215368,-0.8987508664346148,0.5773502691896256,-0.6137857701752955,False,0.15958430024557682
A_mu,mu{2.00},1,nuts_D_2.00,pooled,29,-0.473953816965953,0.009396002353753645,-0.7111490922900636,-0.13745650937201465,-0.5462518568421153,False,0.473953816965953
A_mu,mu{3.00},1,nuts_D_3.00,pz,21,-0.08001783298471556,0.7302538437377628,-0.6001085420781145,0.4385094669032437,-0.4801069979082933,False,0.08001783298471556
A_mu,mu{3.00},1,nuts_D_3.00,tz,8,0.19641144645609454,0.6410902415841975,-0.7956683520713369,0.9315942613970246,-0.6137857701752955,False,0.19641144645609454
A_mu,mu{3.00},1,nuts_D_3.00,pooled,29,-0.15651618668531198,0.4174774774548601,-0.5306893785380193,0.2795635457605151,-0.5462518568421153,False,0.15651618668531198
A_mu,mu{20.00},1,nuts_D_20.00,pz,21,-0.03649936241408078,0.8751889860741628,-0.4527730321349063,0.3895807171564354,-0.4801069979082933,False,0.03649936241408078
A_mu,mu{20.00},1,nuts_D_20.00,tz,8,-0.7610943550173663,0.02827313252875805,-0.980828892547368,-0.032383270792921845,-0.6137857701752955,True,0.7610943550173663
A_mu,mu{20.00},1,nuts_D_20.00,pooled,29,-0.25006311283332133,0.19077261454082556,-0.5707817783801891,0.10056172865825115,-0.5462518568421153,False,0.25006311283332133
A_mu,"mu{0.25,0.50}",2,"nuts_D_0.25,nuts_D_0.50",pz,21,0.3067350264414096,0.17623600891414098,-0.1232016538582339,0.6687002068648948,-0.4801069979082933,False,0.3067350264414096
A_mu,"mu{0.25,0.50}",2,"nuts_D_0.25,nuts_D_0.50",tz,8,-0.11048143863155317,0.7945268208553896,-0.947330933431342,0.643398374467828,-0.6137857701752955,False,0.11048143863155317
A_mu,"mu{0.25,0.50}",2,"nuts_D_0.25,nuts_D_0.50",pooled,29,0.477322542838319,0.008835287462654044,0.10579263428359283,0.7420276746812597,-0.5462518568421153,False,0.477322542838319
A_mu,"mu{0.25,0.75}",2,"nuts_D_0.25,nuts_D_0.75",pz,21,0.27936050463084905,0.22004811415212913,-0.1541656019156714,0.6377886482209225,-0.4801069979082933,False,0.27936050463084905
A_mu,"mu{0.25,0.75}",2,"nuts_D_0.25,nuts_D_0.75",tz,8,-0.1227571540350591,0.77213221596926,-0.9555404306150662,0.671125332065713,-0.6137857701752955,False,0.1227571540350591
A_mu,"mu{0.25,0.75}",2,"nuts_D_0.25,nuts_D_0.75",pooled,29,0.44933620482174,0.014472318335198518,0.0761540187450341,0.728231332859234,-0.5462518568421153,False,0.44933620482174
A_mu,"mu{0.25,1.00}",2,"nuts_D_0.25,nuts_D_1.00",pz,21,0.10739235479527615,0.6431187553160185,-0.3694984894157956,0.5747089349718465,-0.4801069979082933,False,0.10739235479527615
A_mu,"mu{0.25,1.00}",2,"nuts_D_0.25,nuts_D_1.00",tz,8,0.0,1.0,-0.8007958085078413,0.8195201153278766,-0.6137857701752955,False,0.0
A_mu,"mu{0.25,1.00}",2,"nuts_D_0.25,nuts_D_1.00",pooled,29,0.39854618397683744,0.03223743891007933,-0.01650210849772787,0.7218224204402923,-0.5462518568421153,False,0.39854618397683744
A_mu,"mu{0.25,1.50}",2,"nuts_D_0.25,nuts_D_1.50",pz,21,0.045624203017600964,0.8443161885308438,-0.456636125907409,0.5504747404877225,-0.4801069979082933,False,0.045624203017600964
A_mu,"mu{0.25,1.50}",2,"nuts_D_0.25,nuts_D_1.50",tz,8,0.14730858484207093,0.727766103618572,-0.551782769119973,0.8421052631578949,-0.6137857701752955,False,0.14730858484207093
A_mu,"mu{0.25,1.50}",2,"nuts_D_0.25,nuts_D_1.50",pooled,29,0.29048782330171313,0.1263401126870476,-0.16745628704169044,0.6636778197072539,-0.5462518568421153,False,0.29048782330171313
A_mu,"mu{0.25,2.00}",2,"nuts_D_0.25,nuts_D_2.00",pz,21,0.24917833955766686,0.27604193949517236,-0.27080627184716577,0.7172988857142475,-0.4801069979082933,False,0.24917833955766686
A_mu,"mu{0.25,2.00}",2,"nuts_D_0.25,nuts_D_2.00",tz,8,-0.06137857701752955,0.885203883089007,-0.9097397034370492,0.786048365511062,-0.6137857701752955,False,0.06137857701752955
A_mu,"mu{0.25,2.00}",2,"nuts_D_0.25,nuts_D_2.00",pooled,29,0.43974829272346766,0.0169861335580928,0.013517994986591435,0.7422360240120008,-0.5462518568421153,False,0.43974829272346766
A_mu,"mu{0.25,3.00}",2,"nuts_D_0.25,nuts_D_3.00",pz,21,-0.08914267358823574,0.7007890022893434,-0.5844854437108371,0.4433791821307817,-0.4801069979082933,False,0.08914267358823574
A_mu,"mu{0.25,3.00}",2,"nuts_D_0.25,nuts_D_3.00",tz,8,0.23323859266661226,0.5782790921913368,-0.6767324841518535,0.8715931504279772,-0.6137857701752955,False,0.23323859266661226
A_mu,"mu{0.25,3.00}",2,"nuts_D_0.25,nuts_D_3.00",pooled,29,0.2819364422410918,0.1384098503199832,-0.1331910634012912,0.6377608067341612,-0.5462518568421153,False,0.2819364422410918
A_mu,"mu{0.25,20.00}",2,"nuts_D_0.25,nuts_D_20.00",pz,21,0.22952483671931567,0.31689748993632044,-0.2449478711721338,0.6044314639312931,-0.4801069979082933,False,0.22952483671931567
A_mu,"mu{0.25,20.00}",2,"nuts_D_0.25,nuts_D_20.00",tz,8,0.6997157779998369,0.053362469677282115,0.09592549000150068,0.9607815878580681,-0.6137857701752955,True,0.6997157779998369
A_mu,"mu{0.25,20.00}",2,"nuts_D_0.25,nuts_D_20.00",pooled,29,0.4879469859742426,0.00724784208675191,0.17502194182100314,0.7121766682684891,-0.5462518568421153,False,0.4879469859742426
A_mu,"mu{0.50,0.75}",2,"nuts_D_0.50,nuts_D_0.75",pz,21,-0.26111082342380865,0.25292944652987165,-0.6635952583756897,0.30550324190740413,-0.4801069979082933,False,0.26111082342380865
A_mu,"mu{0.50,0.75}",2,"nuts_D_0.50,nuts_D_0.75",tz,8,-0.6260614855788014,0.09680053497397738,-0.9792364931869324,0.27686587135833063,-0.6137857701752955,True,0.6260614855788014
A_mu,"mu{0.50,0.75}",2,"nuts_D_0.50,nuts_D_0.75",pooled,29,0.41694460989514404,0.024440082545727698,0.07402291425583164,0.6316403281615225,-0.5462518568421153,False,0.41694460989514404
A_mu,"mu{0.50,1.00}",2,"nuts_D_0.50,nuts_D_1.00",pz,21,-0.42184840020889514,0.056808049367208645,-0.7894153742274839,0.06922932185954518,-0.4801069979082933,False,0.42184840020889514
A_mu,"mu{0.50,1.00}",2,"nuts_D_0.50,nuts_D_1.00",tz,8,-0.20868716185960046,0.6199236393861473,-0.8113989082127713,0.8466023627266794,-0.6137857701752955,False,0.20868716185960046
A_mu,"mu{0.50,1.00}",2,"nuts_D_0.50,nuts_D_1.00",pooled,29,0.35397534935784136,0.059581271841953,0.04056547080322208,0.6143665636728626,-0.5462518568421153,False,0.35397534935784136
A_mu,"mu{0.50,1.50}",2,"nuts_D_0.50,nuts_D_1.50",pz,21,-0.1445936280250123,0.5317495388430933,-0.5598427598357898,0.3185169842565349,-0.4801069979082933,False,0.1445936280250123
A_mu,"mu{0.50,1.50}",2,"nuts_D_0.50,nuts_D_1.50",tz,8,-0.33144431589465956,0.422555590022422,-0.8131401491566347,0.5900962334877381,-0.6137857701752955,False,0.33144431589465956
A_mu,"mu{0.50,1.50}",2,"nuts_D_0.50,nuts_D_1.50",pooled,29,0.23140555415560202,0.22711661710163622,-0.12937592484605098,0.5504344565957262,-0.5462518568421153,False,0.23140555415560202
A_mu,"mu{0.50,2.00}",2,"nuts_D_0.50,nuts_D_2.00",pz,21,0.2983120966535448,0.18902272867129288,-0.1730511935396761,0.6989605347583294,-0.4801069979082933,False,0.2983120966535448
A_mu,"mu{0.50,2.00}",2,"nuts_D_0.50,nuts_D_2.00",tz,8,-0.687440062596331,0.059561396500617064,-0.9792700977495321,0.10526315789473686,-0.6137857701752955,True,0.687440062596331
A_mu,"mu{0.50,2.00}",2,"nuts_D_0.50,nuts_D_2.00",pooled,29,0.34516483553780725,0.06667934172123453,-0.024085310127535446,0.6425817606515524,-0.5462518568421153,False,0.34516483553780725
A_mu,"mu{0.50,3.00}",2,"nuts_D_0.50,nuts_D_3.00",pz,21,-0.3298980833580378,0.1441623380480507,-0.695653932791083,0.22037285608048138,-0.4801069979082933,False,0.3298980833580378
A_mu,"mu{0.50,3.00}",2,"nuts_D_0.50,nuts_D_3.00",tz,8,-0.6506129163858132,0.0806376088345106,-0.9624383635577411,0.10526315789473686,-0.6137857701752955,True,0.6506129163858132
A_mu,"mu{0.50,3.00}",2,"nuts_D_0.50,nuts_D_3.00",pooled,29,0.2446213248856532,0.2009266826642773,-0.09058538713660998,0.5223703528096054,-0.5462518568421153,False,0.2446213248856532
A_mu,"mu{0.50,20.00}",2,"nuts_D_0.50,nuts_D_20.00",pz,21,-0.25198598282028845,0.2704885874503861,-0.6348995861996675,0.32687105650485865,-0.4801069979082933,False,0.25198598282028845
A_mu,"mu{0.50,20.00}",2,"nuts_D_0.50,nuts_D_20.00",tz,8,0.8347486474384018,0.009929687100611161,0.32613175697763225,0.9932292111608748,-0.6137857701752955,True,0.8347486474384018
A_mu,"mu{0.50,20.00}",2,"nuts_D_0.50,nuts_D_20.00",pooled,29,0.35008835796664983,0.06263612283301398,-0.001743583358672414,0.6233107554007957,-0.5462518568421153,False,0.35008835796664983
A_mu,"mu{0.75,1.00}",2,"nuts_D_0.75,nuts_D_1.00",pz,21,-0.3523592294590106,0.1172152265808804,-0.7688681082494961,0.26797754159304904,-0.4801069979082933,False,0.3523592294590106
A_mu,"mu{0.75,1.00}",2,"nuts_D_0.75,nuts_D_1.00",tz,8,-0.675164347192825,0.06617004538137725,-0.9931270663228413,0.280102564102564,-0.6137857701752955,True,0.675164347192825
A_mu,"mu{0.75,1.00}",2,"nuts_D_0.75,nuts_D_1.00",pooled,29,0.19331303852192508,0.31501758121077805,-0.18689096878016717,0.48790409575685556,-0.5462518568421153,False,0.19331303852192508
A_mu,"mu{0.75,1.50}",2,"nuts_D_0.75,nuts_D_1.50",pz,21,-0.12283439273969492,0.5958028757767941,-0.5490896561726238,0.33486578822182633,-0.4801069979082933,False,0.12283439273969492
A_mu,"mu{0.75,1.50}",2,"nuts_D_0.75,nuts_D_1.50",tz,8,-0.29461716968414187,0.4787261235710182,-0.947330933431342,0.7799476033776028,-0.6137857701752955,False,0.29461716968414187
A_mu,"mu{0.75,1.50}",2,"nuts_D_0.75,nuts_D_1.50",pooled,29,0.21041580064316778,0.27325218913344074,-0.1450645006069507,0.5310180412116192,-0.5462518568421153,False,0.21041580064316778
A_mu,"mu{0.75,2.00}",2,"nuts_D_0.75,nuts_D_2.00",pz,21,0.2948025425752678,0.19453121900914044,-0.1935179090687878,0.7067921356110218,-0.4801069979082933,False,0.2948025425752678
A_mu,"mu{0.75,2.00}",2,"nuts_D_0.75,nuts_D_2.00",tz,8,-0.675164347192825,0.06617004538137725,-0.9878402752745804,0.18946618668626838,-0.6137857701752955,True,0.675164347192825
A_mu,"mu{0.75,2.00}",2,"nuts_D_0.75,nuts_D_2.00",pooled,29,0.3003348681593983,0.11342027898346306,-0.09110064930551845,0.6369574615927115,-0.5462518568421153,False,0.3003348681593983
A_mu,"mu{0.75,3.00}",2,"nuts_D_0.75,nuts_D_3.00",pz,21,-0.3572726051685984,0.11184134157361794,-0.7339778593608824,0.19740651881915616,-0.4801069979082933,False,0.3572726051685984
A_mu,"mu{0.75,3.00}",2,"nuts_D_0.75,nuts_D_3.00",tz,8,-0.8715757936489197,0.004798257341175584,-1.0,-0.3424657534246575,-0.6137857701752955,True,0.8715757936489197
A_mu,"mu{0.75,3.00}",2,"nuts_D_0.75,nuts_D_3.00",pooled,29,0.05001262256666426,0.7966844804257747,-0.3148958471309413,0.4121449095164612,-0.5462518568421153,False,0.05001262256666426
A_mu,"mu{0.75,20.00}",2,"nuts_D_0.75,nuts_D_20.00",pz,21,-0.30322547236313263,0.18148974799638146,-0.7162750300799263,0.3067507657897955,-0.4801069979082933,False,0.30322547236313263
A_mu,"mu{0.75,20.00}",2,"nuts_D_0.75,nuts_D_20.00",tz,8,0.8347486474384018,0.009929687100611161,0.3332760588860237,0.9813067629253164,-0.6137857701752955,True,0.8347486474384018
A_mu,"mu{0.75,20.00}",2,"nuts_D_0.75,nuts_D_20.00",pooled,29,0.26587021115750015,0.16331340325184301,-0.09165034672980288,0.581858325569636,-0.5462518568421153,False,0.26587021115750015
A_mu,"mu{1.00,1.50}",2,"nuts_D_1.00,nuts_D_1.50",pz,21,-0.24005349895414665,0.2945796531137836,-0.6814995148377997,0.2867379943382549,-0.4801069979082933,False,0.24005349895414665
A_mu,"mu{1.00,1.50}",2,"nuts_D_1.00,nuts_D_1.50",tz,8,-0.14730858484207093,0.727766103618572,-0.8306307109923334,0.9813067629253164,-0.6137857701752955,False,0.14730858484207093
A_mu,"mu{1.00,1.50}",2,"nuts_D_1.00,nuts_D_1.50",pooled,29,0.08162681921502199,0.6737975168553362,-0.3175054562482898,0.4665281497300927,-0.5462518568421153,False,0.08162681921502199
A_mu,"mu{1.00,2.00}",2,"nuts_D_1.00,nuts_D_2.00",pz,21,0.22320763937841703,0.3307634415334132,-0.2733005793448308,0.694283151082573,-0.4801069979082933,False,0.22320763937841703
A_mu,"mu{1.00,2.00}",2,"nuts_D_1.00,nuts_D_2.00",tz,8,-0.5401314777542601,0.16698762473215406,-0.9864273156525797,0.4621765772133791,-0.6137857701752955,False,0.5401314777542601
A_mu,"mu{1.00,2.00}",2,"nuts_D_1.00,nuts_D_2.00",pooled,29,0.2648336801198491,0.16502270087887239,-0.13158468730828635,0.6419603223360323,-0.5462518568421153,False,0.2648336801198491
A_mu,"mu{1.00,3.00}",2,"nuts_D_1.00,nuts_D_3.00",pz,21,-0.549596168658178,0.009856230589289713,-0.8325809001514116,-0.09549496405378197,-0.4801069979082933,True,0.549596168658178
A_mu,"mu{1.00,3.00}",2,"nuts_D_1.00,nuts_D_3.00",tz,8,-0.7979215012278841,0.01762975126971794,-0.9938079899999065,-0.0990961308230879,-0.6137857701752955,True,0.7979215012278841
A_mu,"mu{1.00,3.00}",2,"nuts_D_1.00,nuts_D_3.00",pooled,29,-0.405801901240395,0.02895203878847547,-0.7189233826442978,-0.015531841008374476,-0.5462518568421153,False,0.405801901240395
A_mu,"mu{1.00,20.00}",2,"nuts_D_1.00,nuts_D_20.00",pz,21,-0.49414521422140134,0.02279257365241038,-0.805236019165711,0.055453831296171124,-0.4801069979082933,True,0.49414521422140134
A_mu,"mu{1.00,20.00}",2,"nuts_D_1.00,nuts_D_20.00",tz,8,0.8347486474384018,0.009929687100611161,0.2894736842105264,0.9865379942775704,-0.6137857701752955,True,0.8347486474384018
A_mu,"mu{1.00,20.00}",2,"nuts_D_1.00,nuts_D_20.00",pooled,29,0.062191862259064375,0.748595468094403,-0.3110686192233915,0.4376255585922949,-0.5462518568421153,False,0.062191862259064375
A_mu,"mu{1.50,2.00}",2,"nuts_D_1.50,nuts_D_2.00",pz,21,0.24566878547938983,0.2830832857452494,-0.27167578276272486,0.6981749619693848,-0.4801069979082933,False,0.24566878547938983
A_mu,"mu{1.50,2.00}",2,"nuts_D_1.50,nuts_D_2.00",tz,8,-0.3068928850876477,0.4596851913195994,-0.9486832980505137,0.7650182681080061,-0.6137857701752955,False,0.3068928850876477
A_mu,"mu{1.50,2.00}",2,"nuts_D_1.50,nuts_D_2.00",pooled,29,0.3065540543853048,0.10578254781156221,-0.14292788453267724,0.6696446576610027,-0.5462518568421153,False,0.3065540543853048
A_mu,"mu{1.50,3.00}",2,"nuts_D_1.50,nuts_D_3.00",pz,21,-0.4836165519865703,0.026339826984530117,-0.8543311406468889,0.01907953104845566,-0.4801069979082933,True,0.4836165519865703
A_mu,"mu{1.50,3.00}",2,"nuts_D_1.50,nuts_D_3.00",tz,8,-0.27006573887713003,0.5177097259590575,-0.8405240584660869,0.7157807178704791,-0.6137857701752955,False,0.27006573887713003
A_mu,"mu{1.50,3.00}",2,"nuts_D_1.50,nuts_D_3.00",pooled,29,0.08214508473384752,0.671840339169775,-0.3248887737611414,0.5210229895263242,-0.5462518568421153,False,0.08214508473384752
A_mu,"mu{1.50,20.00}",2,"nuts_D_1.50,nuts_D_20.00",pz,21,-0.3165617778605852,0.16208226933909442,-0.7286150664665471,0.23683815477782594,-0.4801069979082933,False,0.3165617778605852
A_mu,"mu{1.50,20.00}",2,"nuts_D_1.50,nuts_D_20.00",tz,8,0.6997157779998369,0.053362469677282115,0.10064684747951963,0.9661734662752403,-0.6137857701752955,True,0.6997157779998369
A_mu,"mu{1.50,20.00}",2,"nuts_D_1.50,nuts_D_20.00",pooled,29,0.12490199003695425,0.5185599375955956,-0.24963411267260607,0.5015228573407873,-0.5462518568421153,False,0.12490199003695425
A_mu,"mu{2.00,3.00}",2,"nuts_D_2.00,nuts_D_3.00",pz,21,0.21689044203751848,0.34498363311090463,-0.3046048283602744,0.6480593750063716,-0.4801069979082933,False,0.21689044203751848
A_mu,"mu{2.00,3.00}",2,"nuts_D_2.00,nuts_D_3.00",tz,8,-0.687440062596331,0.059561396500617064,-0.9813067629253164,0.11111111111111113,-0.6137857701752955,True,0.687440062596331
A_mu,"mu{2.00,3.00}",2,"nuts_D_2.00,nuts_D_3.00",pooled,29,0.29696614228703233,0.1177246437019096,-0.13624579996135075,0.6365179040469228,-0.5462518568421153,False,0.29696614228703233
A_mu,"mu{2.00,20.00}",2,"nuts_D_2.00,nuts_D_20.00",pz,21,0.265322288317741,0.24507728668026582,-0.20306092386914978,0.6847751103505416,-0.4801069979082933,False,0.265322288317741
A_mu,"mu{2.00,20.00}",2,"nuts_D_2.00,nuts_D_20.00",tz,8,0.8347486474384018,0.009929687100611161,0.34218016847506477,0.992180999766062,-0.6137857701752955,True,0.8347486474384018
A_mu,"mu{2.00,20.00}",2,"nuts_D_2.00,nuts_D_20.00",pooled,29,0.5089367394866767,0.004810752345623932,0.15340276610787668,0.772814342201071,-0.5462518568421153,False,0.5089367394866767
A_mu,"mu{3.00,20.00}",2,"nuts_D_3.00,nuts_D_20.00",pz,21,-0.5502980794738332,0.009743427284398668,-0.8449847092425826,-0.06645750130367428,-0.4801069979082933,True,0.5502980794738332
A_mu,"mu{3.00,20.00}",2,"nuts_D_3.00,nuts_D_20.00",tz,8,0.687440062596331,0.059561396500617064,-0.1496888670849789,0.9808408393068168,-0.6137857701752955,True,0.687440062596331
A_mu,"mu{3.00,20.00}",2,"nuts_D_3.00,nuts_D_20.00",pooled,29,0.1059852985998222,0.5842497411198512,-0.28815717915642836,0.4704305082085776,-0.5462518568421153,False,0.1059852985998222
A_mu,"mu{0.25,0.50,0.75}",3,"nuts_D_0.25,nuts_D_0.50,nuts_D_0.75",pz,21,0.2948025425752678,0.19453121900914044,-0.17939822536808372,0.6442886374339901,-0.4801069979082933,False,0.2948025425752678
A_mu,"mu{0.25,0.50,0.75}",3,"nuts_D_0.25,nuts_D_0.50,nuts_D_0.75",tz,8,-0.049102861614023635,0.9080800167647649,-0.8260916854664659,0.6842105263157896,-0.6137857701752955,False,0.049102861614023635
A_mu,"mu{0.25,0.50,0.75}",3,"nuts_D_0.25,nuts_D_0.50,nuts_D_0.75",pooled,29,0.4641067721082678,0.011209312830783141,0.12412668349805166,0.7316593327424032,-0.5462518568421153,False,0.4641067721082678
A_mu,"mu{0.25,0.50,1.00}",3,"nuts_D_0.25,nuts_D_0.50,nuts_D_1.00",pz,21,0.2554955368985654,0.26364654715029523,-0.22233779076335286,0.677563989090989,-0.4801069979082933,False,0.2554955368985654
A_mu,"mu{0.25,0.50,1.00}",3,"nuts_D_0.25,nuts_D_0.50,nuts_D_1.00",tz,8,0.07365429242103547,0.8623968528479391,-0.795024455056957,0.9230893072059951,-0.6137857701752955,False,0.07365429242103547
A_mu,"mu{0.25,0.50,1.00}",3,"nuts_D_0.25,nuts_D_0.50,nuts_D_1.00",pooled,29,0.4480405410246763,0.014792760812690953,0.11560879027005039,0.7027096579672195,-0.5462518568421153,False,0.4480405410246763
A_mu,"mu{0.25,0.50,1.50}",3,"nuts_D_0.25,nuts_D_0.50,nuts_D_1.50",pz,21,0.13968025231542452,0.5459282601193836,-0.3659077107948543,0.6448206983797151,-0.4801069979082933,False,0.13968025231542452
A_mu,"mu{0.25,0.50,1.50}",3,"nuts_D_0.25,nuts_D_0.50,nuts_D_1.50",tz,8,-0.11048143863155317,0.7945268208553896,-0.9172160579609908,0.6375962179483675,-0.6137857701752955,False,0.11048143863155317
A_mu,"mu{0.25,0.50,1.50}",3,"nuts_D_0.25,nuts_D_0.50,nuts_D_1.50",pooled,29,0.3897356701568033,0.03662492525226325,-0.007502074960827334,0.7291011902499271,-0.5462518568421153,False,0.3897356701568033
A_mu,"mu{0.25,0.50,2.00}",3,"nuts_D_0.25,nuts_D_0.50,nuts_D_2.00",pz,21,0.30392738317878804,0.18043056309396993,-0.1730367250004356,0.6984402787353026,-0.4801069979082933,False,0.30392738317878804
A_mu,"mu{0.25,0.50,2.00}",3,"nuts_D_0.25,nuts_D_0.50,nuts_D_2.00",tz,8,0.012275715403505909,0.9769853458472622,-0.7796082823939267,0.7436310328381275,-0.6137857701752955,False,0.012275715403505909
A_mu,"mu{0.25,0.50,2.00}",3,"nuts_D_0.25,nuts_D_0.50,nuts_D_2.00",pooled,29,0.4765451445600807,0.008962116304217288,0.09095315161401227,0.7589018376875287,-0.5462518568421153,False,0.4765451445600807
A_mu,"mu{0.25,0.50,3.00}",3,"nuts_D_0.25,nuts_D_0.50,nuts_D_3.00",pz,21,0.1207286602927287,0.6021686238980464,-0.3519696308314883,0.5917211078030515,-0.4801069979082933,False,0.1207286602927287
A_mu,"mu{0.25,0.50,3.00}",3,"nuts_D_0.25,nuts_D_0.50,nuts_D_3.00",tz,8,-0.11048143863155317,0.7945268208553896,-0.7881338399099956,0.7534246575342466,-0.6137857701752955,False,0.11048143863155317
A_mu,"mu{0.25,0.50,3.00}",3,"nuts_D_0.25,nuts_D_0.50,nuts_D_3.00",pooled,29,0.39802791845801194,0.03248317875599821,0.037560321233650926,0.7134155217499037,-0.5462518568421153,False,0.39802791845801194
A_mu,"mu{0.25,0.50,20.00}",3,"nuts_D_0.25,nuts_D_0.50,nuts_D_20.00",pz,21,0.328494261726727,0.1459798898561177,-0.09488348555260805,0.6678511526169479,-0.4801069979082933,False,0.328494261726727
A_mu,"mu{0.25,0.50,20.00}",3,"nuts_D_0.25,nuts_D_0.50,nuts_D_20.00",tz,8,0.6997157779998369,0.053362469677282115,0.09914212781532643,0.9622504486493761,-0.6137857701752955,True,0.6997157779998369
A_mu,"mu{0.25,0.50,20.00}",3,"nuts_D_0.25,nuts_D_0.50,nuts_D_20.00",pooled,29,0.5125645981184556,0.0044700718652884025,0.21381957903905072,0.7082621941986396,-0.5462518568421153,False,0.5125645981184556
A_mu,"mu{0.25,0.75,1.00}",3,"nuts_D_0.25,nuts_D_0.75,nuts_D_1.00",pz,21,0.21969808530014007,0.3386199562852106,-0.2713667131131785,0.6408076216134113,-0.4801069979082933,False,0.21969808530014007
A_mu,"mu{0.25,0.75,1.00}",3,"nuts_D_0.25,nuts_D_0.75,nuts_D_1.00",tz,8,-0.13503286943856502,0.7498742499145097,-0.8116027626091462,0.8080630795031754,-0.6137857701752955,False,0.13503286943856502
A_mu,"mu{0.25,0.75,1.00}",3,"nuts_D_0.25,nuts_D_0.75,nuts_D_1.00",pooled,29,0.42497772543693985,0.021557713242484355,0.040630605294729324,0.7219325587587214,-0.5462518568421153,False,0.42497772543693985
A_mu,"mu{0.25,0.75,1.50}",3,"nuts_D_0.25,nuts_D_0.75,nuts_D_1.50",pz,21,0.13617069823714753,0.5561600746574713,-0.39801816771970877,0.6311816651074208,-0.4801069979082933,False,0.13617069823714753
A_mu,"mu{0.25,0.75,1.50}",3,"nuts_D_0.25,nuts_D_0.75,nuts_D_1.50",tz,8,-0.049102861614023635,0.9080800167647649,-0.8828418844653981,0.7436310328381275,-0.6137857701752955,False,0.049102861614023635
A_mu,"mu{0.25,0.75,1.50}",3,"nuts_D_0.25,nuts_D_0.75,nuts_D_1.50",pooled,29,0.36900504940378187,0.04885085173201035,-0.0627270009057809,0.7065453687703226,-0.5462518568421153,False,0.36900504940378187
A_mu,"mu{0.25,0.75,2.00}",3,"nuts_D_0.25,nuts_D_0.75,nuts_D_2.00",pz,21,0.2561974477142208,0.26229142233231584,-0.2696778104942514,0.6732392929001557,-0.4801069979082933,False,0.2561974477142208
A_mu,"mu{0.25,0.75,2.00}",3,"nuts_D_0.25,nuts_D_0.75,nuts_D_2.00",tz,8,-0.13503286943856502,0.7498742499145097,-0.874105055729584,0.8008238044390213,-0.6137857701752955,False,0.13503286943856502
A_mu,"mu{0.25,0.75,2.00}",3,"nuts_D_0.25,nuts_D_0.75,nuts_D_2.00",pooled,29,0.43845262892640374,0.017351981496015887,0.04082168387705291,0.7394156061767225,-0.5462518568421153,False,0.43845262892640374
A_mu,"mu{0.25,0.75,3.00}",3,"nuts_D_0.25,nuts_D_0.75,nuts_D_3.00",pz,21,0.09686369256044514,0.6761742911052377,-0.38085243463060847,0.5616452743822365,-0.4801069979082933,False,0.09686369256044514
A_mu,"mu{0.25,0.75,3.00}",3,"nuts_D_0.25,nuts_D_0.75,nuts_D_3.00",tz,8,-0.23323859266661226,0.5782790921913368,-0.9258992299264376,0.801517269168677,-0.6137857701752955,False,0.23323859266661226
A_mu,"mu{0.25,0.75,3.00}",3,"nuts_D_0.25,nuts_D_0.75,nuts_D_3.00",pooled,29,0.40761583055628436,0.028174665951328122,0.018611718052191566,0.725092900361322,-0.5462518568421153,False,0.40761583055628436
A_mu,"mu{0.25,0.75,20.00}",3,"nuts_D_0.25,nuts_D_0.75,nuts_D_20.00",pz,21,0.26181273423946405,0.25160971024839324,-0.17871845394467736,0.610534776330134,-0.4801069979082933,False,0.26181273423946405
A_mu,"mu{0.25,0.75,20.00}",3,"nuts_D_0.25,nuts_D_0.75,nuts_D_20.00",tz,8,0.6997157779998369,0.053362469677282115,0.09592549000150068,0.9726027397260274,-0.6137857701752955,True,0.6997157779998369
A_mu,"mu{0.25,0.75,20.00}",3,"nuts_D_0.25,nuts_D_0.75,nuts_D_20.00",pooled,29,0.4825051980265744,0.008027786235691716,0.14925790938163166,0.6974467044302963,-0.5462518568421153,False,0.4825051980265744
A_mu,"mu{0.25,1.00,1.50}",3,"nuts_D_0.25,nuts_D_1.00,nuts_D_1.50",pz,21,0.1326611441588705,0.5664769362272286,-0.35730823500580144,0.6073704249784834,-0.4801069979082933,False,0.1326611441588705
A_mu,"mu{0.25,1.00,1.50}",3,"nuts_D_0.25,nuts_D_1.00,nuts_D_1.50",tz,8,-0.1227571540350591,0.77213221596926,-0.9727634993599662,0.7140257077778465,-0.6137857701752955,False,0.1227571540350591
A_mu,"mu{0.25,1.00,1.50}",3,"nuts_D_0.25,nuts_D_1.00,nuts_D_1.50",pooled,29,0.34749703037252216,0.06473959785318135,-0.09786274366150403,0.7029687000852678,-0.5462518568421153,False,0.34749703037252216
A_mu,"mu{0.25,1.00,2.00}",3,"nuts_D_0.25,nuts_D_1.00,nuts_D_2.00",pz,21,0.22039999611579544,0.3370399240251756,-0.3303563378976488,0.6849551387743945,-0.4801069979082933,False,0.22039999611579544
A_mu,"mu{0.25,1.00,2.00}",3,"nuts_D_0.25,nuts_D_1.00,nuts_D_2.00",tz,8,-0.13503286943856502,0.7498742499145097,-0.8463379831260939,0.7743515028726002,-0.6137857701752955,False,0.13503286943856502
A_mu,"mu{0.25,1.00,2.00}",3,"nuts_D_0.25,nuts_D_1.00,nuts_D_2.00",pooled,29,0.37677903218616493,0.04393538078334208,-0.05850619199206453,0.728685118226847,-0.5462518568421153,False,0.37677903218616493
A_mu,"mu{0.25,1.00,3.00}",3,"nuts_D_0.25,nuts_D_1.00,nuts_D_3.00",pz,21,0.05755668688374277,0.8042797460453753,-0.4815055280926243,0.5456509896764857,-0.4801069979082933,False,0.05755668688374277
A_mu,"mu{0.25,1.00,3.00}",3,"nuts_D_0.25,nuts_D_1.00,nuts_D_3.00",tz,8,-0.2455143080701182,0.5578248245683866,-0.9172160579609908,0.8718368572992661,-0.6137857701752955,False,0.2455143080701182
A_mu,"mu{0.25,1.00,3.00}",3,"nuts_D_0.25,nuts_D_1.00,nuts_D_3.00",pooled,29,0.3293577372136284,0.08104036017219482,-0.07704932089710372,0.6632388627621428,-0.5462518568421153,False,0.3293577372136284
A_mu,"mu{0.25,1.00,20.00}",3,"nuts_D_0.25,nuts_D_1.00,nuts_D_20.00",pz,21,0.1389783414997691,0.5479677442907175,-0.30331346830379236,0.5755952248254784,-0.4801069979082933,False,0.1389783414997691
A_mu,"mu{0.25,1.00,20.00}",3,"nuts_D_0.25,nuts_D_1.00,nuts_D_20.00",tz,8,0.6997157779998369,0.053362469677282115,0.101881244132762,0.9805806756909201,-0.6137857701752955,True,0.6997157779998369
A_mu,"mu{0.25,1.00,20.00}",3,"nuts_D_0.25,nuts_D_1.00,nuts_D_20.00",pooled,29,0.4498544703405656,0.014345767282647937,0.11012607635000944,0.6945982087454539,-0.5462518568421153,False,0.4498544703405656
A_mu,"mu{0.25,1.50,2.00}",3,"nuts_D_0.25,nuts_D_1.50,nuts_D_2.00",pz,21,0.16916050657295129,0.4635391156659715,-0.32332874834284103,0.6537095521939763,-0.4801069979082933,False,0.16916050657295129
A_mu,"mu{0.25,1.50,2.00}",3,"nuts_D_0.25,nuts_D_1.50,nuts_D_2.00",tz,8,-0.1227571540350591,0.77213221596926,-0.9597412212597215,0.714526782707794,-0.6137857701752955,False,0.1227571540350591
A_mu,"mu{0.25,1.50,2.00}",3,"nuts_D_0.25,nuts_D_1.50,nuts_D_2.00",pooled,29,0.3443874372595689,0.0673358528519473,-0.09414658228735359,0.7153236985983752,-0.5462518568421153,False,0.3443874372595689
A_mu,"mu{0.25,1.50,3.00}",3,"nuts_D_0.25,nuts_D_1.50,nuts_D_3.00",pz,21,-0.1333630549745259,0.5644068359711568,-0.6499440872916836,0.40366483247831064,-0.4801069979082933,False,0.1333630549745259
A_mu,"mu{0.25,1.50,3.00}",3,"nuts_D_0.25,nuts_D_1.50,nuts_D_3.00",tz,8,0.1227571540350591,0.77213221596926,-0.7397050924022256,0.8407813864642417,-0.6137857701752955,False,0.1227571540350591
A_mu,"mu{0.25,1.50,3.00}",3,"nuts_D_0.25,nuts_D_1.50,nuts_D_3.00",pooled,29,0.21222972995905717,0.2690428695747926,-0.2571678095435647,0.56995778356174,-0.5462518568421153,False,0.21222972995905717
A_mu,"mu{0.25,1.50,20.00}",3,"nuts_D_0.25,nuts_D_1.50,nuts_D_20.00",pz,21,0.10318088990134375,0.6562674870366971,-0.33958528209268335,0.5576861325232892,-0.4801069979082933,False,0.10318088990134375
A_mu,"mu{0.25,1.50,20.00}",3,"nuts_D_0.25,nuts_D_1.50,nuts_D_20.00",tz,8,0.6997157779998369,0.053362469677282115,0.13989092759813318,0.9597148699373933,-0.6137857701752955,True,0.6997157779998369
A_mu,"mu{0.25,1.50,20.00}",3,"nuts_D_0.25,nuts_D_1.50,nuts_D_20.00",pooled,29,0.36848678388495637,0.049193416158992274,-0.03427522630162197,0.6797583723982406,-0.5462518568421153,False,0.36848678388495637
A_mu,"mu{0.25,2.00,3.00}",3,"nuts_D_0.25,nuts_D_2.00,nuts_D_3.00",pz,21,0.1642471308633635,0.4768112507871719,-0.3867197525483115,0.6558101634233897,-0.4801069979082933,False,0.1642471308633635
A_mu,"mu{0.25,2.00,3.00}",3,"nuts_D_0.25,nuts_D_2.00,nuts_D_3.00",tz,8,-0.27006573887713003,0.5177097259590575,-0.7799508766070365,0.7228815946461712,-0.6137857701752955,False,0.27006573887713003
A_mu,"mu{0.25,2.00,3.00}",3,"nuts_D_0.25,nuts_D_2.00,nuts_D_3.00",pooled,29,0.3195106923559432,0.09111470033690927,-0.1297506578158979,0.6773067348321005,-0.5462518568421153,False,0.3195106923559432
A_mu,"mu{0.25,2.00,20.00}",3,"nuts_D_0.25,nuts_D_2.00,nuts_D_20.00",pz,21,0.4281655975497937,0.05282018555866423,-0.01750971490371271,0.7533666961019266,-0.4801069979082933,False,0.4281655975497937
A_mu,"mu{0.25,2.00,20.00}",3,"nuts_D_0.25,nuts_D_2.00,nuts_D_20.00",tz,8,0.6997157779998369,0.053362469677282115,0.10057567642044021,0.973684210526316,-0.6137857701752955,True,0.6997157779998369
A_mu,"mu{0.25,2.00,20.00}",3,"nuts_D_0.25,nuts_D_2.00,nuts_D_20.00",pooled,29,0.5413283344132728,0.0024251825772346014,0.22102531867022962,0.7687223336745916,-0.5462518568421153,False,0.5413283344132728
A_mu,"mu{0.25,3.00,20.00}",3,"nuts_D_0.25,nuts_D_3.00,nuts_D_20.00",pz,21,-0.0007019108156553995,0.99759072475335,-0.46352760205868,0.48219526420569436,-0.4801069979082933,False,0.0007019108156553995
A_mu,"mu{0.25,3.00,20.00}",3,"nuts_D_0.25,nuts_D_3.00,nuts_D_20.00",tz,8,0.6997157779998369,0.053362469677282115,0.039492204639905076,0.9792700977495321,-0.6137857701752955,True,0.6997157779998369
A_mu,"mu{0.25,3.00,20.00}",3,"nuts_D_0.25,nuts_D_3.00,nuts_D_20.00",pooled,29,0.40269230812744183,0.03032511511467872,0.06446652130747889,0.6728993978256879,-0.5462518568421153,False,0.40269230812744183
A_mu,"mu{0.50,0.75,1.00}",3,"nuts_D_0.50,nuts_D_0.75,nuts_D_1.00",pz,21,-0.3860509486104698,0.08389468800612622,-0.7823919509139463,0.17710089591874445,-0.4801069979082933,False,0.3860509486104698
A_mu,"mu{0.50,0.75,1.00}",3,"nuts_D_0.50,nuts_D_0.75,nuts_D_1.00",tz,8,-0.20868716185960046,0.6199236393861473,-0.8463380124595093,0.9493337494797257,-0.6137857701752955,False,0.20868716185960046
A_mu,"mu{0.50,0.75,1.00}",3,"nuts_D_0.50,nuts_D_0.75,nuts_D_1.00",pooled,29,0.3749651028702755,0.045045507922595505,0.0677829534999113,0.6140522048320107,-0.5462518568421153,False,0.3749651028702755
A_mu,"mu{0.50,0.75,1.50}",3,"nuts_D_0.50,nuts_D_0.75,nuts_D_1.50",pz,21,-0.10388280071699914,0.6540690974321328,-0.5282256918201017,0.360910545607976,-0.4801069979082933,False,0.10388280071699914
A_mu,"mu{0.50,0.75,1.50}",3,"nuts_D_0.50,nuts_D_0.75,nuts_D_1.50",tz,8,-0.3682714621051773,0.3693837880267032,-0.9429220888782952,0.5560377571979783,-0.6137857701752955,False,0.3682714621051773
A_mu,"mu{0.50,0.75,1.50}",3,"nuts_D_0.50,nuts_D_0.75,nuts_D_1.50",pooled,29,0.23658820934385738,0.21658571196038956,-0.13959052440140765,0.5740887580039352,-0.5462518568421153,False,0.23658820934385738
A_mu,"mu{0.50,0.75,2.00}",3,"nuts_D_0.50,nuts_D_0.75,nuts_D_2.00",pz,21,0.28637961278740304,0.20818970308717652,-0.18928915891904446,0.6824262093777865,-0.4801069979082933,False,0.28637961278740304
A_mu,"mu{0.50,0.75,2.00}",3,"nuts_D_0.50,nuts_D_0.75,nuts_D_2.00",tz,8,-0.7979215012278841,0.01762975126971794,-0.9999999999999998,-0.10256410256410257,-0.6137857701752955,True,0.7979215012278841
A_mu,"mu{0.50,0.75,2.00}",3,"nuts_D_0.50,nuts_D_0.75,nuts_D_2.00",pooled,29,0.3415369769060285,0.06978605549306263,-0.05864210262735618,0.6551662665909219,-0.5462518568421153,False,0.3415369769060285
A_mu,"mu{0.50,0.75,3.00}",3,"nuts_D_0.50,nuts_D_0.75,nuts_D_3.00",pz,21,-0.34534012130245656,0.12521147989659753,-0.7200983386138382,0.22999362656629524,-0.4801069979082933,False,0.34534012130245656
A_mu,"mu{0.50,0.75,3.00}",3,"nuts_D_0.50,nuts_D_0.75,nuts_D_3.00",tz,8,-0.7242672088068488,0.04216846779740496,-0.9936507294577401,0.1032451465839335,-0.6137857701752955,True,0.7242672088068488
A_mu,"mu{0.50,0.75,3.00}",3,"nuts_D_0.50,nuts_D_0.75,nuts_D_3.00",pooled,29,0.2111931989214061,0.27144302469082043,-0.12522894639381008,0.5052652490547652,-0.5462518568421153,False,0.2111931989214061
A_mu,"mu{0.50,0.75,20.00}",3,"nuts_D_0.50,nuts_D_0.75,nuts_D_20.00",pz,21,-0.2997159182848556,0.18684920530394336,-0.7052660949157614,0.2531150258362721,-0.4801069979082933,False,0.2997159182848556
A_mu,"mu{0.50,0.75,20.00}",3,"nuts_D_0.50,nuts_D_0.75,nuts_D_20.00",tz,8,0.8347486474384018,0.009929687100611161,0.2939723678960656,0.9999999999999998,-0.6137857701752955,True,0.8347486474384018
A_mu,"mu{0.50,0.75,20.00}",3,"nuts_D_0.50,nuts_D_0.75,nuts_D_20.00",pooled,29,0.34309177346250513,0.06844117060791405,-0.005036967728827766,0.6665815949804612,-0.5462518568421153,False,0.34309177346250513
A_mu,"mu{0.50,1.00,1.50}",3,"nuts_D_0.50,nuts_D_1.00,nuts_D_1.50",pz,21,-0.1445936280250123,0.5317495388430933,-0.562230786083442,0.3197971750567209,-0.4801069979082933,False,0.1445936280250123
A_mu,"mu{0.50,1.00,1.50}",3,"nuts_D_0.50,nuts_D_1.00,nuts_D_1.50",tz,8,-0.23323859266661226,0.5782790921913368,-0.8829892193414377,0.7847209123948932,-0.6137857701752955,False,0.23323859266661226
A_mu,"mu{0.50,1.00,1.50}",3,"nuts_D_0.50,nuts_D_1.00,nuts_D_1.50",pooled,29,0.21145233168081887,0.27084169348407133,-0.2004033257218509,0.527059008720714,-0.5462518568421153,False,0.21145233168081887
A_mu,"mu{0.50,1.00,2.00}",3,"nuts_D_0.50,nuts_D_1.00,nuts_D_2.00",pz,21,0.22671719345669408,0.3230162693091636,-0.31635950785264655,0.6757851492889134,-0.4801069979082933,False,0.22671719345669408
A_mu,"mu{0.50,1.00,2.00}",3,"nuts_D_0.50,nuts_D_1.00,nuts_D_2.00",tz,8,-0.4296500391227069,0.28805705023068984,-0.9488692826389509,0.4251532110844867,-0.6137857701752955,False,0.4296500391227069
A_mu,"mu{0.50,1.00,2.00}",3,"nuts_D_0.50,nuts_D_1.00,nuts_D_2.00",pooled,29,0.3651180580125904,0.05146665401566396,-0.013819225882171429,0.6905625220046897,-0.5462518568421153,False,0.3651180580125904
A_mu,"mu{0.50,1.00,3.00}",3,"nuts_D_0.50,nuts_D_1.00,nuts_D_3.00",pz,21,-0.43027132999675993,0.051539788075359895,-0.7770629817027341,0.12382389259211038,-0.4801069979082933,False,0.43027132999675993
A_mu,"mu{0.50,1.00,3.00}",3,"nuts_D_0.50,nuts_D_1.00,nuts_D_3.00",tz,8,-0.4787529007367305,0.23007194955169563,-0.9936507294577401,0.4899539464934427,-0.6137857701752955,False,0.4787529007367305
A_mu,"mu{0.50,1.00,3.00}",3,"nuts_D_0.50,nuts_D_1.00,nuts_D_3.00",pooled,29,0.23710647486268288,0.21555117027546247,-0.11122014339219237,0.5379298256452151,-0.5462518568421153,False,0.23710647486268288
A_mu,"mu{0.50,1.00,20.00}",3,"nuts_D_0.50,nuts_D_1.00,nuts_D_20.00",pz,21,-0.4106178271584087,0.06446028406727,-0.7903576097130542,0.10455408109979789,-0.4801069979082933,False,0.4106178271584087
A_mu,"mu{0.50,1.00,20.00}",3,"nuts_D_0.50,nuts_D_1.00,nuts_D_20.00",tz,8,0.7610943550173663,0.02827313252875805,0.10057567642044021,0.9813067629253164,-0.6137857701752955,True,0.7610943550173663
A_mu,"mu{0.50,1.00,20.00}",3,"nuts_D_0.50,nuts_D_1.00,nuts_D_20.00",pooled,29,0.3031853285129388,0.10987037072264302,-0.016666755387899277,0.5746121818764781,-0.5462518568421153,False,0.3031853285129388
A_mu,"mu{0.50,1.50,2.00}",3,"nuts_D_0.50,nuts_D_1.50,nuts_D_2.00",pz,21,0.24707260711070067,0.28025346088816616,-0.2368521912005854,0.7035302251007478,-0.4801069979082933,False,0.24707260711070067
A_mu,"mu{0.50,1.50,2.00}",3,"nuts_D_0.50,nuts_D_1.50,nuts_D_2.00",tz,8,-0.3928228929121891,0.33571997408128523,-0.9429220888782952,0.5113203881838618,-0.6137857701752955,False,0.3928228929121891
A_mu,"mu{0.50,1.50,2.00}",3,"nuts_D_0.50,nuts_D_1.50,nuts_D_2.00",pooled,29,0.33194906480775604,0.07853667180507982,-0.08263746197062333,0.6626556970296958,-0.5462518568421153,False,0.33194906480775604
A_mu,"mu{0.50,1.50,3.00}",3,"nuts_D_0.50,nuts_D_1.50,nuts_D_3.00",pz,21,-0.24988025037332223,0.2746469574753268,-0.7073828690243191,0.23792534755144715,-0.4801069979082933,False,0.24988025037332223
A_mu,"mu{0.50,1.50,3.00}",3,"nuts_D_0.50,nuts_D_1.50,nuts_D_3.00",tz,8,-0.3928228929121891,0.33571997408128523,-0.8740792106817963,0.5754350156180876,-0.6137857701752955,False,0.3928228929121891
A_mu,"mu{0.50,1.50,3.00}",3,"nuts_D_0.50,nuts_D_1.50,nuts_D_3.00",pooled,29,0.20963840236492948,0.275069111328878,-0.20247045660609334,0.5524279632364814,-0.5462518568421153,False,0.20963840236492948
A_mu,"mu{0.50,1.50,20.00}",3,"nuts_D_0.50,nuts_D_1.50,nuts_D_20.00",pz,21,-0.1642471308633635,0.4768112507871719,-0.6055480308430052,0.3357823627867273,-0.4801069979082933,False,0.1642471308633635
A_mu,"mu{0.50,1.50,20.00}",3,"nuts_D_0.50,nuts_D_1.50,nuts_D_20.00",tz,8,0.8470243628419077,0.007954270632103343,0.32274802854118695,0.9939681929848528,-0.6137857701752955,True,0.8470243628419077
A_mu,"mu{0.50,1.50,20.00}",3,"nuts_D_0.50,nuts_D_1.50,nuts_D_20.00",pooled,29,0.2518770421492107,0.18746854668790836,-0.10006545566403836,0.5606895037978602,-0.5462518568421153,False,0.2518770421492107
A_mu,"mu{0.50,2.00,3.00}",3,"nuts_D_0.50,nuts_D_2.00,nuts_D_3.00",pz,21,0.20144840409309966,0.3812192631676623,-0.2545177725607017,0.6530962647743402,-0.4801069979082933,False,0.20144840409309966
A_mu,"mu{0.50,2.00,3.00}",3,"nuts_D_0.50,nuts_D_2.00,nuts_D_3.00",tz,8,-0.6506129163858132,0.0806376088345106,-0.9622504486493761,0.1032451465839335,-0.6137857701752955,True,0.6506129163858132
A_mu,"mu{0.50,2.00,3.00}",3,"nuts_D_0.50,nuts_D_2.00,nuts_D_3.00",pooled,29,0.29048782330171313,0.1263401126870476,-0.07951406713485167,0.6097424589288807,-0.5462518568421153,False,0.29048782330171313
A_mu,"mu{0.50,2.00,20.00}",3,"nuts_D_0.50,nuts_D_2.00,nuts_D_20.00",pz,21,0.24847642874201142,0.27744135083284416,-0.19144220712453627,0.6927835032303327,-0.4801069979082933,False,0.24847642874201142
A_mu,"mu{0.50,2.00,20.00}",3,"nuts_D_0.50,nuts_D_2.00,nuts_D_20.00",tz,8,0.7610943550173663,0.02827313252875805,0.19353163091014083,0.9805806756909201,-0.6137857701752955,True,0.7610943550173663
A_mu,"mu{0.50,2.00,20.00}",3,"nuts_D_0.50,nuts_D_2.00,nuts_D_20.00",pooled,29,0.45814671864177414,0.012442814151489318,0.1174575894647072,0.7305599038837521,-0.5462518568421153,False,0.45814671864177414
A_mu,"mu{0.50,3.00,20.00}",3,"nuts_D_0.50,nuts_D_3.00,nuts_D_20.00",pz,21,-0.3832433053478482,0.08636578610171569,-0.7336418158451851,0.1373572682194941,-0.4801069979082933,False,0.3832433053478482
A_mu,"mu{0.50,3.00,20.00}",3,"nuts_D_0.50,nuts_D_3.00,nuts_D_20.00",tz,8,0.5769586239647777,0.13430118862983761,-0.1126220990201906,0.9524029898192575,-0.6137857701752955,False,0.5769586239647777
A_mu,"mu{0.50,3.00,20.00}",3,"nuts_D_0.50,nuts_D_3.00,nuts_D_20.00",pooled,29,0.25369097146510006,0.18420452997435946,-0.11124437957207338,0.5529874602734591,-0.5462518568421153,False,0.25369097146510006
A_mu,"mu{0.75,1.00,1.50}",3,"nuts_D_0.75,nuts_D_1.00,nuts_D_1.50",pz,21,-0.16565095249467432,0.47299983902274934,-0.5649251726207616,0.3063423482083467,-0.4801069979082933,False,0.16565095249467432
A_mu,"mu{0.75,1.00,1.50}",3,"nuts_D_0.75,nuts_D_1.00,nuts_D_1.50",tz,8,-0.14730858484207093,0.727766103618572,-0.8306307109923334,0.9805868811123313,-0.6137857701752955,False,0.14730858484207093
A_mu,"mu{0.75,1.00,1.50}",3,"nuts_D_0.75,nuts_D_1.00,nuts_D_1.50",pooled,29,0.20730620753021456,0.2805664409099743,-0.16980459993768152,0.5445607811454287,-0.5462518568421153,False,0.20730620753021456
A_mu,"mu{0.75,1.00,2.00}",3,"nuts_D_0.75,nuts_D_1.00,nuts_D_2.00",pz,21,0.23514012324455885,0.30487112014270407,-0.3059050625223208,0.6816599730261522,-0.4801069979082933,False,0.23514012324455885
A_mu,"mu{0.75,1.00,2.00}",3,"nuts_D_0.75,nuts_D_1.00,nuts_D_2.00",tz,8,-0.5401314777542601,0.16698762473215406,-0.9936507294577401,0.5012563163022475,-0.6137857701752955,False,0.5401314777542601
A_mu,"mu{0.75,1.00,2.00}",3,"nuts_D_0.75,nuts_D_1.00,nuts_D_2.00",pooled,29,0.2982618060840962,0.11605504470601774,-0.09624427868567464,0.6535587256106876,-0.5462518568421153,False,0.2982618060840962
A_mu,"mu{0.75,1.00,3.00}",3,"nuts_D_0.75,nuts_D_1.00,nuts_D_3.00",pz,21,-0.37060891066605095,0.09815734035449597,-0.7654882269969275,0.21553254052175505,-0.4801069979082933,False,0.37060891066605095
A_mu,"mu{0.75,1.00,3.00}",3,"nuts_D_0.75,nuts_D_1.00,nuts_D_3.00",tz,8,-0.7979215012278841,0.01762975126971794,-0.9999999999999998,-0.10184959293652507,-0.6137857701752955,True,0.7979215012278841
A_mu,"mu{0.75,1.00,3.00}",3,"nuts_D_0.75,nuts_D_1.00,nuts_D_3.00",pooled,29,0.11272275034455416,0.5604389843295265,-0.2516232161805228,0.467441053476984,-0.5462518568421153,False,0.11272275034455416
A_mu,"mu{0.75,1.00,20.00}",3,"nuts_D_0.75,nuts_D_1.00,nuts_D_20.00",pz,21,-0.39868534329226696,0.07342065133746609,-0.7740903546677548,0.14963154741925402,-0.4801069979082933,False,0.39868534329226696
A_mu,"mu{0.75,1.00,20.00}",3,"nuts_D_0.75,nuts_D_1.00,nuts_D_20.00",tz,8,0.8347486474384018,0.009929687100611161,0.34189458352547203,0.9936507294577401,-0.6137857701752955,True,0.8347486474384018
A_mu,"mu{0.75,1.00,20.00}",3,"nuts_D_0.75,nuts_D_1.00,nuts_D_20.00",pooled,29,0.238143005900334,0.21349217035605203,-0.09267081104709392,0.5527346615308368,-0.5462518568421153,False,0.238143005900334
A_mu,"mu{0.75,1.50,2.00}",3,"nuts_D_0.75,nuts_D_1.50,nuts_D_2.00",pz,21,0.24707260711070067,0.28025346088816616,-0.2701189032158101,0.7070905783154046,-0.4801069979082933,False,0.24707260711070067
A_mu,"mu{0.75,1.50,2.00}",3,"nuts_D_0.75,nuts_D_1.50,nuts_D_2.00",tz,8,-0.20868716185960046,0.6199236393861473,-0.8987341772151901,0.9612755239323388,-0.6137857701752955,False,0.20868716185960046
A_mu,"mu{0.75,1.50,2.00}",3,"nuts_D_0.75,nuts_D_1.50,nuts_D_2.00",pooled,29,0.28608256639169605,0.13245739386861005,-0.12307839839481671,0.6377903181970636,-0.5462518568421153,False,0.28608256639169605
A_mu,"mu{0.75,1.50,3.00}",3,"nuts_D_0.75,nuts_D_1.50,nuts_D_3.00",pz,21,-0.27865859381519364,0.2212579184303165,-0.7196601302314268,0.22047199544787868,-0.4801069979082933,False,0.27865859381519364
A_mu,"mu{0.75,1.50,3.00}",3,"nuts_D_0.75,nuts_D_1.50,nuts_D_3.00",tz,8,-0.4787529007367305,0.23007194955169563,-0.9805806756909201,0.6154830884321333,-0.6137857701752955,False,0.4787529007367305
A_mu,"mu{0.75,1.50,3.00}",3,"nuts_D_0.75,nuts_D_1.50,nuts_D_3.00",pooled,29,0.17517374536303132,0.36340272512268745,-0.2288424433800114,0.5572941457165254,-0.5462518568421153,False,0.17517374536303132
A_mu,"mu{0.75,1.50,20.00}",3,"nuts_D_0.75,nuts_D_1.50,nuts_D_20.00",pz,21,-0.1846025445173701,0.42308814264790484,-0.6270622720918365,0.32484028466636744,-0.4801069979082933,False,0.1846025445173701
A_mu,"mu{0.75,1.50,20.00}",3,"nuts_D_0.75,nuts_D_1.50,nuts_D_20.00",tz,8,0.7733700704208724,0.024377926367031698,0.24983998457205864,0.9792364931869324,-0.6137857701752955,True,0.7733700704208724
A_mu,"mu{0.75,1.50,20.00}",3,"nuts_D_0.75,nuts_D_1.50,nuts_D_20.00",pooled,29,0.2751989904963598,0.14849330699451505,-0.10031890729711677,0.5924048856354598,-0.5462518568421153,False,0.2751989904963598
A_mu,"mu{0.75,2.00,3.00}",3,"nuts_D_0.75,nuts_D_2.00,nuts_D_3.00",pz,21,0.19442929593654568,0.39837222045494636,-0.36800478292785316,0.634624522284393,-0.4801069979082933,False,0.19442929593654568
A_mu,"mu{0.75,2.00,3.00}",3,"nuts_D_0.75,nuts_D_2.00,nuts_D_3.00",tz,8,-0.7242672088068488,0.04216846779740496,-0.9938079899999065,0.1032451465839335,-0.6137857701752955,True,0.7242672088068488
A_mu,"mu{0.75,2.00,3.00}",3,"nuts_D_0.75,nuts_D_2.00,nuts_D_3.00",pooled,29,0.2451395904044787,0.1999439260342057,-0.1488345924721446,0.5886671718285882,-0.5462518568421153,False,0.2451395904044787
A_mu,"mu{0.75,2.00,20.00}",3,"nuts_D_0.75,nuts_D_2.00,nuts_D_20.00",pz,21,0.19723693919916727,0.3914604633584998,-0.2805309591265578,0.6588877691928228,-0.4801069979082933,False,0.19723693919916727
A_mu,"mu{0.75,2.00,20.00}",3,"nuts_D_0.75,nuts_D_2.00,nuts_D_20.00",tz,8,0.8347486474384018,0.009929687100611161,0.31601752677702055,0.9933992677987828,-0.6137857701752955,True,0.8347486474384018
A_mu,"mu{0.75,2.00,20.00}",3,"nuts_D_0.75,nuts_D_2.00,nuts_D_20.00",pooled,29,0.4506318686188039,0.01415766670188988,0.10882272861840472,0.7396794078630591,-0.5462518568421153,False,0.4506318686188039
A_mu,"mu{0.75,3.00,20.00}",3,"nuts_D_0.75,nuts_D_3.00,nuts_D_20.00",pz,21,-0.40710827308013176,0.06700476795279811,-0.7668849759033131,0.16600714808602723,-0.4801069979082933,False,0.40710827308013176
A_mu,"mu{0.75,3.00,20.00}",3,"nuts_D_0.75,nuts_D_3.00,nuts_D_20.00",tz,8,0.6997157779998369,0.053362469677282115,0.041056104990341444,0.9551350375022848,-0.6137857701752955,True,0.6997157779998369
A_mu,"mu{0.75,3.00,20.00}",3,"nuts_D_0.75,nuts_D_3.00,nuts_D_20.00",pooled,29,0.16688149706182273,0.38690468424445057,-0.20730529700325165,0.5148878494449377,-0.5462518568421153,False,0.16688149706182273
A_mu,"mu{1.00,1.50,2.00}",3,"nuts_D_1.00,nuts_D_1.50,nuts_D_2.00",pz,21,0.24707260711070067,0.28025346088816616,-0.29282553710656445,0.6937541280228322,-0.4801069979082933,False,0.24707260711070067
A_mu,"mu{1.00,1.50,2.00}",3,"nuts_D_1.00,nuts_D_1.50,nuts_D_2.00",tz,8,-0.3068928850876477,0.4596851913195994,-0.9486832980505137,0.7503499066999296,-0.6137857701752955,False,0.3068928850876477
A_mu,"mu{1.00,1.50,2.00}",3,"nuts_D_1.00,nuts_D_1.50,nuts_D_2.00",pooled,29,0.2666476094357385,0.1620397173340199,-0.17207275152176574,0.6365059106379537,-0.5462518568421153,False,0.2666476094357385
A_mu,"mu{1.00,1.50,3.00}",3,"nuts_D_1.00,nuts_D_1.50,nuts_D_3.00",pz,21,-0.321475153570173,0.1553093852489727,-0.7564408482553423,0.20009096167134377,-0.4801069979082933,False,0.321475153570173
A_mu,"mu{1.00,1.50,3.00}",3,"nuts_D_1.00,nuts_D_1.50,nuts_D_3.00",tz,8,-0.2455143080701182,0.5578248245683866,-0.9524974872604639,0.8820822590119579,-0.6137857701752955,False,0.2455143080701182
A_mu,"mu{1.00,1.50,3.00}",3,"nuts_D_1.00,nuts_D_1.50,nuts_D_3.00",pooled,29,0.12334719348047767,0.5238199194464667,-0.312096757652614,0.5068009411535235,-0.5462518568421153,False,0.12334719348047767
A_mu,"mu{1.00,1.50,20.00}",3,"nuts_D_1.00,nuts_D_1.50,nuts_D_20.00",pz,21,-0.22952483671931567,0.31689748993632044,-0.653361163269714,0.2806108715444949,-0.4801069979082933,False,0.22952483671931567
A_mu,"mu{1.00,1.50,20.00}",3,"nuts_D_1.00,nuts_D_1.50,nuts_D_20.00",tz,8,0.7733700704208724,0.024377926367031698,0.31483524797159274,0.9743547036924464,-0.6137857701752955,True,0.7733700704208724
A_mu,"mu{1.00,1.50,20.00}",3,"nuts_D_1.00,nuts_D_1.50,nuts_D_20.00",pooled,29,0.25109964387097233,0.1888796621938799,-0.15256967124771173,0.5953266686157036,-0.5462518568421153,False,0.25109964387097233
A_mu,"mu{1.00,2.00,3.00}",3,"nuts_D_1.00,nuts_D_2.00,nuts_D_3.00",pz,21,0.13476687660583672,0.5602767018526569,-0.3299401774831704,0.6321504800340643,-0.4801069979082933,False,0.13476687660583672
A_mu,"mu{1.00,2.00,3.00}",3,"nuts_D_1.00,nuts_D_2.00,nuts_D_3.00",tz,8,-0.7979215012278841,0.01762975126971794,-1.0,-0.10231355184413995,-0.6137857701752955,True,0.7979215012278841
A_mu,"mu{1.00,2.00,3.00}",3,"nuts_D_1.00,nuts_D_2.00,nuts_D_3.00",pooled,29,0.2428073955697638,0.20439248650930236,-0.20439360299122322,0.6118131097979794,-0.5462518568421153,False,0.2428073955697638
A_mu,"mu{1.00,2.00,20.00}",3,"nuts_D_1.00,nuts_D_2.00,nuts_D_20.00",pz,21,0.21969808530014007,0.3386199562852106,-0.26364645036698275,0.6294905458154472,-0.4801069979082933,False,0.21969808530014007
A_mu,"mu{1.00,2.00,20.00}",3,"nuts_D_1.00,nuts_D_2.00,nuts_D_20.00",tz,8,0.7856457858243782,0.020833938764925338,0.16560845490962334,0.9814339419479869,-0.6137857701752955,True,0.7856457858243782
A_mu,"mu{1.00,2.00,20.00}",3,"nuts_D_1.00,nuts_D_2.00,nuts_D_20.00",pooled,29,0.42860558406871857,0.020350746518072584,0.009505429386191252,0.7456711266197507,-0.5462518568421153,False,0.42860558406871857
A_mu,"mu{1.00,3.00,20.00}",3,"nuts_D_1.00,nuts_D_3.00,nuts_D_20.00",pz,21,-0.562230563339975,0.00798159645084827,-0.8435571403630586,-0.11068084359611723,-0.4801069979082933,True,0.562230563339975
A_mu,"mu{1.00,3.00,20.00}",3,"nuts_D_1.00,nuts_D_3.00,nuts_D_20.00",tz,8,0.7119914934033427,0.04756711506633378,-0.029385263257720447,0.9805806756909201,-0.6137857701752955,True,0.7119914934033427
A_mu,"mu{1.00,3.00,20.00}",3,"nuts_D_1.00,nuts_D_3.00,nuts_D_20.00",pooled,29,0.022285417309498064,0.9086466879673137,-0.3463811309548564,0.384170426491257,-0.5462518568421153,False,0.022285417309498064
A_mu,"mu{1.50,2.00,3.00}",3,"nuts_D_1.50,nuts_D_2.00,nuts_D_3.00",pz,21,0.1368726090528029,0.5541068577925305,-0.35949996273200757,0.6229432338717029,-0.4801069979082933,False,0.1368726090528029
A_mu,"mu{1.50,2.00,3.00}",3,"nuts_D_1.50,nuts_D_2.00,nuts_D_3.00",tz,8,-0.27006573887713003,0.5177097259590575,-0.82034915459863,0.8113673800691724,-0.6137857701752955,False,0.27006573887713003
A_mu,"mu{1.50,2.00,3.00}",3,"nuts_D_1.50,nuts_D_2.00,nuts_D_3.00",pooled,29,0.238143005900334,0.21349217035605203,-0.20674833637805745,0.6219203242465108,-0.5462518568421153,False,0.238143005900334
A_mu,"mu{1.50,2.00,20.00}",3,"nuts_D_1.50,nuts_D_2.00,nuts_D_20.00",pz,21,0.17196814983557288,0.45604088847988555,-0.33840910655093875,0.6478299505206921,-0.4801069979082933,False,0.17196814983557288
A_mu,"mu{1.50,2.00,20.00}",3,"nuts_D_1.50,nuts_D_2.00,nuts_D_20.00",tz,8,0.7733700704208724,0.024377926367031698,0.29113924050632917,0.9805806756909201,-0.6137857701752955,True,0.7733700704208724
A_mu,"mu{1.50,2.00,20.00}",3,"nuts_D_1.50,nuts_D_2.00,nuts_D_20.00",pooled,29,0.44104395652053147,0.016626689397309026,0.06967633673276395,0.7286581590542729,-0.5462518568421153,False,0.44104395652053147
A_mu,"mu{1.50,3.00,20.00}",3,"nuts_D_1.50,nuts_D_3.00,nuts_D_20.00",pz,21,-0.4092140055270979,0.06546913956934457,-0.775837275514375,0.09536082260764957,-0.4801069979082933,False,0.4092140055270979
A_mu,"mu{1.50,3.00,20.00}",3,"nuts_D_1.50,nuts_D_3.00,nuts_D_20.00",tz,8,0.5646829085612719,0.1447623093054763,-0.19499916722002705,0.9743547036924464,-0.6137857701752955,False,0.5646829085612719
A_mu,"mu{1.50,3.00,20.00}",3,"nuts_D_1.50,nuts_D_3.00,nuts_D_20.00",pooled,29,0.29022869054230044,0.12669410368048037,-0.0778600557253153,0.6197892262263125,-0.5462518568421153,False,0.29022869054230044
A_mu,"mu{2.00,3.00,20.00}",3,"nuts_D_2.00,nuts_D_3.00,nuts_D_20.00",pz,21,0.19934267164613348,0.38632083718547805,-0.24673204688380837,0.6109534321653765,-0.4801069979082933,False,0.19934267164613348
A_mu,"mu{2.00,3.00,20.00}",3,"nuts_D_2.00,nuts_D_3.00,nuts_D_20.00",tz,8,0.38054717750868317,0.3523679925335408,-0.5993815092833701,0.830336491706037,-0.6137857701752955,False,0.38054717750868317
A_mu,"mu{2.00,3.00,20.00}",3,"nuts_D_2.00,nuts_D_3.00,nuts_D_20.00",pooled,29,0.4529640634535188,0.01360563131502958,0.12439559148657098,0.7197379637721117,-0.5462518568421153,False,0.4529640634535188
A_mu,mu_intermediate_only{0.50-2.00},5,"nuts_D_0.50,nuts_D_0.75,nuts_D_1.00,nuts_D_1.50,nuts_D_2.00",pz,21,0.24707260711070067,0.28025346088816616,-0.2738773397743274,0.7014060282295552,-0.4801069979082933,False,0.24707260711070067
A_mu,mu_intermediate_only{0.50-2.00},5,"nuts_D_0.50,nuts_D_0.75,nuts_D_1.00,nuts_D_1.50,nuts_D_2.00",tz,8,-0.20868716185960046,0.6199236393861473,-0.8421052631578949,0.8521612416122253,-0.6137857701752955,False,0.20868716185960046
A_mu,mu_intermediate_only{0.50-2.00},5,"nuts_D_0.50,nuts_D_0.75,nuts_D_1.00,nuts_D_1.50,nuts_D_2.00",pooled,29,0.3244342147847858,0.0859651459639077,-0.07306944583496451,0.6584557347940684,-0.5462518568421153,False,0.3244342147847858
A_mu,"mu_outer_only{0.25,3.00,20.00}",3,"nuts_D_0.25,nuts_D_3.00,nuts_D_20.00",pz,21,-0.0007019108156553995,0.99759072475335,-0.46063778601531546,0.4623695670426195,-0.4801069979082933,False,0.0007019108156553995
A_mu,"mu_outer_only{0.25,3.00,20.00}",3,"nuts_D_0.25,nuts_D_3.00,nuts_D_20.00",tz,8,0.6997157779998369,0.053362469677282115,0.09035079029052512,0.9726465388251878,-0.6137857701752955,True,0.6997157779998369
A_mu,"mu_outer_only{0.25,3.00,20.00}",3,"nuts_D_0.25,nuts_D_3.00,nuts_D_20.00",pooled,29,0.40269230812744183,0.03032511511467872,0.09003132841449106,0.6841519144085317,-0.5462518568421153,False,0.40269230812744183
A_mu,mu_full8,8,"nuts_D_0.25,nuts_D_0.50,nuts_D_0.75,nuts_D_1.00,nuts_D_1.50,nuts_D_2.00,nuts_D_3.00,nuts_D_20.00",pz,21,0.23092865835062643,0.3138644735128012,-0.2702568710155823,0.6480643403327492,-0.4801069979082933,False,0.23092865835062643
A_mu,mu_full8,8,"nuts_D_0.25,nuts_D_0.50,nuts_D_0.75,nuts_D_1.00,nuts_D_1.50,nuts_D_2.00,nuts_D_3.00,nuts_D_20.00",tz,8,0.4664771853332245,0.24395471730937485,-0.24097117815211866,0.9546861842554014,-0.6137857701752955,False,0.4664771853332245
A_mu,mu_full8,8,"nuts_D_0.25,nuts_D_0.50,nuts_D_0.75,nuts_D_1.00,nuts_D_1.50,nuts_D_2.00,nuts_D_3.00,nuts_D_20.00",pooled,29,0.44026655824229316,0.01684159220648618,0.0958250740422529,0.7164949219481522,-0.5462518568421153,False,0.44026655824229316
B_sig,sig{0.25},1,nuts_std_D_0.25,pz,21,0.3678012674034294,0.10093054987699801,-0.039646250125210517,0.6931819827176178,-0.4801069979082933,False,0.3678012674034294
B_sig,sig{0.25},1,nuts_std_D_0.25,tz,8,0.23323859266661226,0.5782790921913368,-0.7452413135250994,0.9179399367755531,-0.6137857701752955,False,0.23323859266661226
B_sig,sig{0.25},1,nuts_std_D_0.25,pooled,29,0.4993488273884043,0.005819489581150696,0.18733930674229402,0.7168485058784724,-0.5462518568421153,False,0.4993488273884043
B_sig,sig{0.50},1,nuts_std_D_0.50,pz,21,0.5425770605016239,0.011044078807228071,0.2296444379658772,0.7463692071549766,-0.4801069979082933,True,0.5425770605016239
B_sig,sig{0.50},1,nuts_std_D_0.50,tz,8,0.23323859266661226,0.5782790921913368,-0.7060769714364923,0.9172160579609908,-0.6137857701752955,False,0.23323859266661226
B_sig,sig{0.50},1,nuts_std_D_0.50,pooled,29,0.5662050793168985,0.001366091959789578,0.32006601152815295,0.7474439033472936,-0.5462518568421153,True,0.5662050793168985
B_sig,sig{0.75},1,nuts_std_D_0.75,pz,21,0.47378980056739467,0.03003266330408337,0.13670936452199334,0.740105910077358,-0.4801069979082933,False,0.47378980056739467
B_sig,sig{0.75},1,nuts_std_D_0.75,tz,8,-0.03682714621051773,0.9310115084540986,-0.8499781260482254,0.7008578154261602,-0.6137857701752955,False,0.03682714621051773
B_sig,sig{0.75},1,nuts_std_D_0.75,pooled,29,0.46151544451414017,0.01173241343259836,0.15078403777211144,0.6988619529632056,-0.5462518568421153,False,0.46151544451414017
B_sig,sig{1.00},1,nuts_std_D_1.00,pz,21,0.3327057266206594,0.14057513660955734,-0.17454068753762247,0.6848857115203558,-0.4801069979082933,False,0.3327057266206594
B_sig,sig{1.00},1,nuts_std_D_1.00,tz,8,-0.19641144645609454,0.6410902415841975,-0.9612755239323388,0.5789473684210528,-0.6137857701752955,False,0.19641144645609454
B_sig,sig{1.00},1,nuts_std_D_1.00,pooled,29,0.3511248890043009,0.061809810407153,-0.009287159087122151,0.6604858505759171,-0.5462518568421153,False,0.3511248890043009
B_sig,sig{1.50},1,nuts_std_D_1.50,pz,21,0.028778343441871385,0.9014509385230185,-0.5351931988250436,0.5739036203000906,-0.4801069979082933,False,0.028778343441871385
B_sig,sig{1.50},1,nuts_std_D_1.50,tz,8,-0.6137857701752955,0.10552589403223339,-0.9230769230769231,-0.016327134284909495,-0.6137857701752955,False,0.6137857701752955
B_sig,sig{1.50},1,nuts_std_D_1.50,pooled,29,-0.13371250385698838,0.48924802427139,-0.5617357222662979,0.30357872409549386,-0.5462518568421153,False,0.13371250385698838
B_sig,sig{2.00},1,nuts_std_D_2.00,pz,21,-0.28637961278740304,0.20818970308717652,-0.697021419164388,0.1929385841104049,-0.4801069979082933,False,0.28637961278740304
B_sig,sig{2.00},1,nuts_std_D_2.00,tz,8,-0.15958430024557682,0.7058208200215368,-0.9234227517421869,0.588348405414552,-0.6137857701752955,False,0.15958430024557682
B_sig,sig{2.00},1,nuts_std_D_2.00,pooled,29,-0.35863973902727114,0.05607068008269421,-0.6719091388306916,0.008239033329817083,-0.5462518568421153,False,0.35863973902727114
B_sig,sig{3.00},1,nuts_std_D_3.00,pz,21,-0.16284330923205273,0.4806380474862406,-0.6625123070539123,0.3556962065023834,-0.4801069979082933,False,0.16284330923205273
B_sig,sig{3.00},1,nuts_std_D_3.00,tz,8,-0.14730858484207093,0.727766103618572,-0.8446240361030535,0.5531515961272908,-0.6137857701752955,False,0.14730858484207093
B_sig,sig{3.00},1,nuts_std_D_3.00,pooled,29,-0.24384392660741486,0.20240704111093022,-0.6045864355430263,0.1401301314466414,-0.5462518568421153,False,0.24384392660741486
B_sig,sig{20.00},1,nuts_std_D_20.00,pz,21,0.21408279877489686,0.3514168160047425,-0.20396732549371566,0.574481797341895,-0.4801069979082933,False,0.21408279877489686
B_sig,sig{20.00},1,nuts_std_D_20.00,tz,8,-0.33144431589465956,0.422555590022422,-0.8405105148872367,0.9069990828237643,-0.6137857701752955,False,0.33144431589465956
B_sig,sig{20.00},1,nuts_std_D_20.00,pooled,29,0.10676269687806049,0.5814798228450508,-0.23281429488987818,0.46867749511135987,-0.5462518568421153,False,0.10676269687806049
B_sig,"sig{0.25,0.50}",2,"nuts_std_D_0.25,nuts_std_D_0.50",pz,21,-0.21759235285317385,0.3433861886377293,-0.6117587911867617,0.3044413611957332,-0.4801069979082933,False,0.21759235285317385
B_sig,"sig{0.25,0.50}",2,"nuts_std_D_0.25,nuts_std_D_0.50",tz,8,-0.5646829085612719,0.1447623093054763,-0.9726027397260274,0.19646273832930172,-0.6137857701752955,False,0.5646829085612719
B_sig,"sig{0.25,0.50}",2,"nuts_std_D_0.25,nuts_std_D_0.50",pooled,29,0.40606103399980775,0.028839931766934515,0.08146443091424226,0.6438775392750433,-0.5462518568421153,False,0.40606103399980775
B_sig,"sig{0.25,0.75}",2,"nuts_std_D_0.25,nuts_std_D_0.75",pz,21,-0.30462929399444344,0.17937560192867208,-0.6692088519684063,0.22955726917540986,-0.4801069979082933,False,0.30462929399444344
B_sig,"sig{0.25,0.75}",2,"nuts_std_D_0.25,nuts_std_D_0.75",tz,8,-0.3682714621051773,0.3693837880267032,-0.9618959582620377,0.47575226832865797,-0.6137857701752955,False,0.3682714621051773
B_sig,"sig{0.25,0.75}",2,"nuts_std_D_0.25,nuts_std_D_0.75",pooled,29,0.3161419664835772,0.09477056831699944,-0.027926315775706506,0.606662705211954,-0.5462518568421153,False,0.3161419664835772
B_sig,"sig{0.25,1.00}",2,"nuts_std_D_0.25,nuts_std_D_1.00",pz,21,-0.23514012324455885,0.30487112014270407,-0.6008271237725847,0.25689607626859656,-0.4801069979082933,False,0.23514012324455885
B_sig,"sig{0.25,1.00}",2,"nuts_std_D_0.25,nuts_std_D_1.00",tz,8,-0.29461716968414187,0.4787261235710182,-0.9117264773053533,0.7191880214804167,-0.6137857701752955,False,0.29461716968414187
B_sig,"sig{0.25,1.00}",2,"nuts_std_D_0.25,nuts_std_D_1.00",pooled,29,0.2625014852851341,0.16891497046450063,-0.06296167095848479,0.5740448484999985,-0.5462518568421153,False,0.2625014852851341
B_sig,"sig{0.25,1.50}",2,"nuts_std_D_0.25,nuts_std_D_1.50",pz,21,-0.10318088990134375,0.6562674870366971,-0.5602562814964985,0.3628679379186394,-0.4801069979082933,False,0.10318088990134375
B_sig,"sig{0.25,1.50}",2,"nuts_std_D_0.25,nuts_std_D_1.50",tz,8,-0.06137857701752955,0.885203883089007,-0.699454637990666,0.7368676723158947,-0.6137857701752955,False,0.06137857701752955
B_sig,"sig{0.25,1.50}",2,"nuts_std_D_0.25,nuts_std_D_1.50",pooled,29,0.22259504033556787,0.2457981292233838,-0.1333932061776302,0.567303598472089,-0.5462518568421153,False,0.22259504033556787
B_sig,"sig{0.25,2.00}",2,"nuts_std_D_0.25,nuts_std_D_2.00",pz,21,0.19653502838351186,0.39318210139344856,-0.3031452511424202,0.6225262901777467,-0.4801069979082933,False,0.19653502838351186
B_sig,"sig{0.25,2.00}",2,"nuts_std_D_0.25,nuts_std_D_2.00",tz,8,-0.5769586239647777,0.13430118862983761,-0.9813067629253164,0.29767027889379366,-0.6137857701752955,False,0.5769586239647777
B_sig,"sig{0.25,2.00}",2,"nuts_std_D_0.25,nuts_std_D_2.00",pooled,29,0.33505865792070927,0.07561108244952629,-0.029421698942542,0.6168714749795697,-0.5462518568421153,False,0.33505865792070927
B_sig,"sig{0.25,3.00}",2,"nuts_std_D_0.25,nuts_std_D_3.00",pz,21,0.06387388422464135,0.7832669137143795,-0.38756999171334616,0.5289851734600786,-0.4801069979082933,False,0.06387388422464135
B_sig,"sig{0.25,3.00}",2,"nuts_std_D_0.25,nuts_std_D_3.00",tz,8,-0.5524071931577659,0.1556580838427514,-0.9473647425468213,0.2582389921667588,-0.6137857701752955,False,0.5524071931577659
B_sig,"sig{0.25,3.00}",2,"nuts_std_D_0.25,nuts_std_D_3.00",pooled,29,0.29048782330171313,0.1263401126870476,-0.06221789651655388,0.5976340079466211,-0.5462518568421153,False,0.29048782330171313
B_sig,"sig{0.25,20.00}",2,"nuts_std_D_0.25,nuts_std_D_20.00",pz,21,-0.3699069998503956,0.0988453427579376,-0.7199232589721521,0.16563515775161905,-0.4801069979082933,False,0.3699069998503956
B_sig,"sig{0.25,20.00}",2,"nuts_std_D_0.25,nuts_std_D_20.00",tz,8,-0.6260614855788014,0.09680053497397738,-0.980828892547368,0.21262162778128119,-0.6137857701752955,True,0.6260614855788014
B_sig,"sig{0.25,20.00}",2,"nuts_std_D_0.25,nuts_std_D_20.00",pooled,29,0.25731883009687884,0.1777959910194364,-0.09704681035152642,0.5455631418812734,-0.5462518568421153,False,0.25731883009687884
B_sig,"sig{0.50,0.75}",2,"nuts_std_D_0.50,nuts_std_D_0.75",pz,21,-0.3467439429337674,0.12358184759885349,-0.738317867992099,0.22148882911651105,-0.4801069979082933,False,0.3467439429337674
B_sig,"sig{0.50,0.75}",2,"nuts_std_D_0.50,nuts_std_D_0.75",tz,8,-0.7979215012278841,0.01762975126971794,-1.0,-0.22501758018520482,-0.6137857701752955,True,0.7979215012278841
B_sig,"sig{0.50,0.75}",2,"nuts_std_D_0.50,nuts_std_D_0.75",pooled,29,0.39077220119445444,0.03608513509588622,0.10805104761210303,0.6060940252604312,-0.5462518568421153,False,0.39077220119445444
B_sig,"sig{0.50,1.00}",2,"nuts_std_D_0.50,nuts_std_D_1.00",pz,21,-0.3523592294590106,0.1172152265808804,-0.722554143327084,0.16605816278362237,-0.4801069979082933,False,0.3523592294590106
B_sig,"sig{0.50,1.00}",2,"nuts_std_D_0.50,nuts_std_D_1.00",tz,8,-0.4910286161402364,0.21660620777244885,-0.9413533972554379,0.27456258919345766,-0.6137857701752955,False,0.4910286161402364
B_sig,"sig{0.50,1.00}",2,"nuts_std_D_0.50,nuts_std_D_1.00",pooled,29,0.4006192460521396,0.03126945379879176,0.08374686350454179,0.6136274174803606,-0.5462518568421153,False,0.4006192460521396
B_sig,"sig{0.50,1.50}",2,"nuts_std_D_0.50,nuts_std_D_1.50",pz,21,-0.03369171915145918,0.8847256179225798,-0.44437405992830076,0.4184477930293356,-0.4801069979082933,False,0.03369171915145918
B_sig,"sig{0.50,1.50}",2,"nuts_std_D_0.50,nuts_std_D_1.50",tz,8,-0.3068928850876477,0.4596851913195994,-0.9805806756909201,0.588348405414552,-0.6137857701752955,False,0.3068928850876477
B_sig,"sig{0.50,1.50}",2,"nuts_std_D_0.50,nuts_std_D_1.50",pooled,29,0.25239530766803625,0.1865318906874952,-0.11338362860961199,0.5832687036168916,-0.5462518568421153,False,0.25239530766803625
B_sig,"sig{0.50,2.00}",2,"nuts_std_D_0.50,nuts_std_D_2.00",pz,21,0.22882292590366024,0.318420594896606,-0.2782461258664884,0.6578076050303316,-0.4801069979082933,False,0.22882292590366024
B_sig,"sig{0.50,2.00}",2,"nuts_std_D_0.50,nuts_std_D_2.00",tz,8,-0.7610943550173663,0.02827313252875805,-0.9931270663228413,-0.1246020573598069,-0.6137857701752955,True,0.7610943550173663
B_sig,"sig{0.50,2.00}",2,"nuts_std_D_0.50,nuts_std_D_2.00",pooled,29,0.34101871138720297,0.0702388665084167,-0.043471443292270665,0.6544710366178074,-0.5462518568421153,False,0.34101871138720297
B_sig,"sig{0.50,3.00}",2,"nuts_std_D_0.50,nuts_std_D_3.00",pz,21,0.07370063564381694,0.7508718491603131,-0.36819250600668846,0.5587173391876321,-0.4801069979082933,False,0.07370063564381694
B_sig,"sig{0.50,3.00}",2,"nuts_std_D_0.50,nuts_std_D_3.00",tz,8,-0.7610943550173663,0.02827313252875805,-0.9932247359861931,-0.17674461847124523,-0.6137857701752955,True,0.7610943550173663
B_sig,"sig{0.50,3.00}",2,"nuts_std_D_0.50,nuts_std_D_3.00",pooled,29,0.2412525990132872,0.20739563619598123,-0.11910709619613896,0.5287650856447215,-0.5462518568421153,False,0.2412525990132872
B_sig,"sig{0.50,20.00}",2,"nuts_std_D_0.50,nuts_std_D_20.00",pz,21,-0.2590050909768424,0.25691518065292224,-0.6531172445955586,0.28710722829658086,-0.4801069979082933,False,0.2590050909768424
B_sig,"sig{0.50,20.00}",2,"nuts_std_D_0.50,nuts_std_D_20.00",tz,8,-0.7119914934033427,0.04756711506633378,-0.9607942528856135,0.10002560531729666,-0.6137857701752955,True,0.7119914934033427
B_sig,"sig{0.50,20.00}",2,"nuts_std_D_0.50,nuts_std_D_20.00",pooled,29,0.23218295243384032,0.2255154308763621,-0.1250120904022606,0.5226710011336922,-0.5462518568421153,False,0.23218295243384032
B_sig,"sig{0.75,1.00}",2,"nuts_std_D_0.75,nuts_std_D_1.00",pz,21,-0.3523592294590106,0.1172152265808804,-0.7504587872135013,0.19862653436805972,-0.4801069979082933,False,0.3523592294590106
B_sig,"sig{0.75,1.00}",2,"nuts_std_D_0.75,nuts_std_D_1.00",tz,8,-0.6997157779998369,0.053362469677282115,-0.9816022705102545,0.22107772248157992,-0.6137857701752955,True,0.6997157779998369
B_sig,"sig{0.75,1.00}",2,"nuts_std_D_0.75,nuts_std_D_1.00",pooled,29,0.062450995018477125,0.7475815612072143,-0.26649976798874947,0.3961148296360497,-0.5462518568421153,False,0.062450995018477125
B_sig,"sig{0.75,1.50}",2,"nuts_std_D_0.75,nuts_std_D_1.50",pz,21,-0.045624203017600964,0.8443161885308438,-0.4895583297857514,0.43488791530588067,-0.4801069979082933,False,0.045624203017600964
B_sig,"sig{0.75,1.50}",2,"nuts_std_D_0.75,nuts_std_D_1.50",tz,8,-0.6015100547717895,0.11468356116727643,-0.9792364931869324,0.5891581267221058,-0.6137857701752955,False,0.6015100547717895
B_sig,"sig{0.75,1.50}",2,"nuts_std_D_0.75,nuts_std_D_1.50",pooled,29,0.20782447304904011,0.2793387749616446,-0.22870063424687517,0.5774984364908086,-0.5462518568421153,False,0.20782447304904011
B_sig,"sig{0.75,2.00}",2,"nuts_std_D_0.75,nuts_std_D_2.00",pz,21,0.1572280227068095,0.4960975166869137,-0.3572372052649569,0.6290115793096397,-0.4801069979082933,False,0.1572280227068095
B_sig,"sig{0.75,2.00}",2,"nuts_std_D_0.75,nuts_std_D_2.00",tz,8,-0.675164347192825,0.06617004538137725,-0.9879994701332522,0.19194297398747864,-0.6137857701752955,True,0.675164347192825
B_sig,"sig{0.75,2.00}",2,"nuts_std_D_0.75,nuts_std_D_2.00",pooled,29,0.21948544722261468,0.2526273083480741,-0.18874070877865168,0.5619830466843403,-0.5462518568421153,False,0.21948544722261468
B_sig,"sig{0.75,3.00}",2,"nuts_std_D_0.75,nuts_std_D_3.00",pz,21,-0.015442037944418792,0.9470316623906736,-0.4553573208786559,0.44337603469358533,-0.4801069979082933,False,0.015442037944418792
B_sig,"sig{0.75,3.00}",2,"nuts_std_D_0.75,nuts_std_D_3.00",tz,8,-0.7979215012278841,0.01762975126971794,-0.9938079899999065,-0.09916179444796915,-0.6137857701752955,True,0.7979215012278841
B_sig,"sig{0.75,3.00}",2,"nuts_std_D_0.75,nuts_std_D_3.00",pooled,29,0.11609147621692016,0.5487024841043561,-0.27465310632095813,0.477402973974693,-0.5462518568421153,False,0.11609147621692016
B_sig,"sig{0.75,20.00}",2,"nuts_std_D_0.75,nuts_std_D_20.00",pz,21,-0.3327057266206594,0.14057513660955734,-0.700401950009078,0.24876843426775339,-0.4801069979082933,False,0.3327057266206594
B_sig,"sig{0.75,20.00}",2,"nuts_std_D_0.75,nuts_std_D_20.00",tz,8,-0.7979215012278841,0.01762975126971794,-0.9999999999999998,-0.206490293167867,-0.6137857701752955,True,0.7979215012278841
B_sig,"sig{0.75,20.00}",2,"nuts_std_D_0.75,nuts_std_D_20.00",pooled,29,-0.14848307114351617,0.44206590464553586,-0.5093107314946305,0.24210375112287913,-0.5462518568421153,False,0.14848307114351617
B_sig,"sig{1.00,1.50}",2,"nuts_std_D_1.00,nuts_std_D_1.50",pz,21,-0.1284496792649381,0.5789671865923768,-0.5623922550860443,0.34921278445409193,-0.4801069979082933,False,0.1284496792649381
B_sig,"sig{1.00,1.50}",2,"nuts_std_D_1.00,nuts_std_D_1.50",tz,8,-0.35599574670167133,0.3867593227979817,-0.9563650695950073,0.6730257234905047,-0.6137857701752955,False,0.35599574670167133
B_sig,"sig{1.00,1.50}",2,"nuts_std_D_1.00,nuts_std_D_1.50",pooled,29,0.15651618668531198,0.4174774774548601,-0.2099434589514179,0.5577185432130248,-0.5462518568421153,False,0.15651618668531198
B_sig,"sig{1.00,2.00}",2,"nuts_std_D_1.00,nuts_std_D_2.00",pz,21,0.1474012712876339,0.5237251991092852,-0.33164712010813596,0.6211962074758356,-0.4801069979082933,False,0.1474012712876339
B_sig,"sig{1.00,2.00}",2,"nuts_std_D_1.00,nuts_std_D_2.00",tz,8,-0.7488186396138605,0.03253018541167287,-0.9936507294577401,-0.0410958904109589,-0.6137857701752955,True,0.7488186396138605
B_sig,"sig{1.00,2.00}",2,"nuts_std_D_1.00,nuts_std_D_2.00",pooled,29,0.12049673312693722,0.5335297407999255,-0.30379776194138736,0.517429902308274,-0.5462518568421153,False,0.12049673312693722
B_sig,"sig{1.00,3.00}",2,"nuts_std_D_1.00,nuts_std_D_3.00",pz,21,-0.24847642874201142,0.27744135083284416,-0.6311729812137452,0.21458103415202448,-0.4801069979082933,False,0.24847642874201142
B_sig,"sig{1.00,3.00}",2,"nuts_std_D_1.00,nuts_std_D_3.00",tz,8,-0.7488186396138605,0.03253018541167287,-0.9936507294577401,-0.09799078929868855,-0.6137857701752955,True,0.7488186396138605
B_sig,"sig{1.00,3.00}",2,"nuts_std_D_1.00,nuts_std_D_3.00",pooled,29,-0.00440525691001706,0.9819058685362614,-0.3589624613550312,0.381300766906194,-0.5462518568421153,False,0.00440525691001706
B_sig,"sig{1.00,20.00}",2,"nuts_std_D_1.00,nuts_std_D_20.00",pz,21,-0.4674726032264961,0.032614382725237534,-0.7790239801334763,0.036840487620676564,-0.4801069979082933,False,0.4674726032264961
B_sig,"sig{1.00,20.00}",2,"nuts_std_D_1.00,nuts_std_D_20.00",tz,8,-0.7979215012278841,0.01762975126971794,-0.9999999999999998,-0.22424235719352376,-0.6137857701752955,True,0.7979215012278841
B_sig,"sig{1.00,20.00}",2,"nuts_std_D_1.00,nuts_std_D_20.00",pooled,29,-0.5882313638669838,0.0007905381566752749,-0.7716617669683206,-0.20606681525599257,-0.5462518568421153,True,0.5882313638669838
B_sig,"sig{1.50,2.00}",2,"nuts_std_D_1.50,nuts_std_D_2.00",pz,21,0.011230573050486392,0.9614653138706835,-0.48508656220142504,0.5297924990635988,-0.4801069979082933,False,0.011230573050486392
B_sig,"sig{1.50,2.00}",2,"nuts_std_D_1.50,nuts_std_D_2.00",tz,8,-0.38054717750868317,0.3523679925335408,-0.9058216273156766,0.6331171750110672,-0.6137857701752955,False,0.38054717750868317
B_sig,"sig{1.50,2.00}",2,"nuts_std_D_1.50,nuts_std_D_2.00",pooled,29,0.15677531944472478,0.4166971911747881,-0.2883325871359387,0.5760832514913979,-0.5462518568421153,False,0.15677531944472478
B_sig,"sig{1.50,3.00}",2,"nuts_std_D_1.50,nuts_std_D_3.00",pz,21,-0.37973375126957115,0.08953004332600659,-0.7454865102689825,0.19779158535312608,-0.4801069979082933,False,0.37973375126957115
B_sig,"sig{1.50,3.00}",2,"nuts_std_D_1.50,nuts_std_D_3.00",tz,8,-0.4419257545262127,0.2729525519369343,-0.9294929637030394,0.5790619096859548,-0.6137857701752955,False,0.4419257545262127
B_sig,"sig{1.50,3.00}",2,"nuts_std_D_1.50,nuts_std_D_3.00",pooled,29,0.010624443135923495,0.9563782019161244,-0.44536893120527615,0.44994749910007076,-0.5462518568421153,False,0.010624443135923495
B_sig,"sig{1.50,20.00}",2,"nuts_std_D_1.50,nuts_std_D_20.00",pz,21,-0.3642917133251524,0.10447711040191565,-0.7905511442554786,0.1330299183771895,-0.4801069979082933,False,0.3642917133251524
B_sig,"sig{1.50,20.00}",2,"nuts_std_D_1.50,nuts_std_D_20.00",tz,8,-0.35599574670167133,0.3867593227979817,-0.8461538461538464,0.4443633988154591,-0.6137857701752955,False,0.35599574670167133
B_sig,"sig{1.50,20.00}",2,"nuts_std_D_1.50,nuts_std_D_20.00",pooled,29,-0.028245470775991734,0.884359934576882,-0.4532635462669279,0.4269134827939474,-0.5462518568421153,False,0.028245470775991734
B_sig,"sig{2.00,3.00}",2,"nuts_std_D_2.00,nuts_std_D_3.00",pz,21,0.004913375709587797,0.9831362032352742,-0.48780004532519816,0.5078579250445283,-0.4801069979082933,False,0.004913375709587797
B_sig,"sig{2.00,3.00}",2,"nuts_std_D_2.00,nuts_std_D_3.00",tz,8,-0.6506129163858132,0.0806376088345106,-0.9491709448120704,0.14968886708497886,-0.6137857701752955,True,0.6506129163858132
B_sig,"sig{2.00,3.00}",2,"nuts_std_D_2.00,nuts_std_D_3.00",pooled,29,0.15988491255767798,0.40739725333210564,-0.26042291016514035,0.546684273468275,-0.5462518568421153,False,0.15988491255767798
B_sig,"sig{2.00,20.00}",2,"nuts_std_D_2.00,nuts_std_D_20.00",pz,21,0.09826751419175593,0.6717319838997997,-0.40263708983730767,0.5824439388301419,-0.4801069979082933,False,0.09826751419175593
B_sig,"sig{2.00,20.00}",2,"nuts_std_D_2.00,nuts_std_D_20.00",tz,8,-0.6015100547717895,0.11468356116727643,-0.9172160579609908,0.19213819021997386,-0.6137857701752955,False,0.6015100547717895
B_sig,"sig{2.00,20.00}",2,"nuts_std_D_2.00,nuts_std_D_20.00",pooled,29,0.2070470747708018,0.28118156777240394,-0.21884057068000237,0.5702705876124663,-0.5462518568421153,False,0.2070470747708018
B_sig,"sig{3.00,20.00}",2,"nuts_std_D_3.00,nuts_std_D_20.00",pz,21,-0.01684585957572959,0.9422237761262415,-0.5023325434428443,0.4749779067841574,-0.4801069979082933,False,0.01684585957572959
B_sig,"sig{3.00,20.00}",2,"nuts_std_D_3.00,nuts_std_D_20.00",tz,8,-0.7979215012278841,0.01762975126971794,-0.9622504486493761,-0.2910976015989341,-0.6137857701752955,True,0.7979215012278841
B_sig,"sig{3.00,20.00}",2,"nuts_std_D_3.00,nuts_std_D_20.00",pooled,29,0.12153326416458829,0.5299889953961732,-0.2780612396196451,0.47784708052416947,-0.5462518568421153,False,0.12153326416458829
B_sig,"sig{0.25,0.50,0.75}",3,"nuts_std_D_0.25,nuts_std_D_0.50,nuts_std_D_0.75",pz,21,-0.26462037750208567,0.24637494159245651,-0.6174461384614502,0.20622578451428528,-0.4801069979082933,False,0.26462037750208567
B_sig,"sig{0.25,0.50,0.75}",3,"nuts_std_D_0.25,nuts_std_D_0.50,nuts_std_D_0.75",tz,8,-0.4664771853332245,0.24395471730937485,-0.9612755239323388,0.3452882649188248,-0.6137857701752955,False,0.4664771853332245
B_sig,"sig{0.25,0.50,0.75}",3,"nuts_std_D_0.25,nuts_std_D_0.50,nuts_std_D_0.75",pooled,29,0.37703816494557774,0.04377858480759793,0.03645263438082797,0.6159493814261618,-0.5462518568421153,False,0.37703816494557774
B_sig,"sig{0.25,0.50,1.00}",3,"nuts_std_D_0.25,nuts_std_D_0.50,nuts_std_D_1.00",pz,21,-0.21267897714358605,0.3546593968617997,-0.5810143608555455,0.27648736012827085,-0.4801069979082933,False,0.21267897714358605
B_sig,"sig{0.25,0.50,1.00}",3,"nuts_std_D_0.25,nuts_std_D_0.50,nuts_std_D_1.00",tz,8,-0.15958430024557682,0.7058208200215368,-0.8913269769590533,0.671216683633392,-0.6137857701752955,False,0.15958430024557682
B_sig,"sig{0.25,0.50,1.00}",3,"nuts_std_D_0.25,nuts_std_D_0.50,nuts_std_D_1.00",pooled,29,0.34801529589134766,0.06431456684726318,0.03215192967436538,0.5945804738019707,-0.5462518568421153,False,0.34801529589134766
B_sig,"sig{0.25,0.50,1.50}",3,"nuts_std_D_0.25,nuts_std_D_0.50,nuts_std_D_1.50",pz,21,-0.06738343830291836,0.7716545834283378,-0.4959660068350178,0.40269659170232813,-0.4801069979082933,False,0.06738343830291836
B_sig,"sig{0.25,0.50,1.50}",3,"nuts_std_D_0.25,nuts_std_D_0.50,nuts_std_D_1.50",tz,8,-0.06137857701752955,0.885203883089007,-0.6710934527955676,0.7999999999999999,-0.6137857701752955,False,0.06137857701752955
B_sig,"sig{0.25,0.50,1.50}",3,"nuts_std_D_0.25,nuts_std_D_0.50,nuts_std_D_1.50",pooled,29,0.2363290765844446,0.21710424442185894,-0.15075195191020935,0.5781299503269403,-0.5462518568421153,False,0.2363290765844446
B_sig,"sig{0.25,0.50,2.00}",3,"nuts_std_D_0.25,nuts_std_D_0.50,nuts_std_D_2.00",pz,21,0.20846751224965368,0.3644907047431033,-0.25235271216287614,0.6592629834983942,-0.4801069979082933,False,0.20846751224965368
B_sig,"sig{0.25,0.50,2.00}",3,"nuts_std_D_0.25,nuts_std_D_0.50,nuts_std_D_2.00",tz,8,-0.687440062596331,0.059561396500617064,-0.9805806756909201,0.15106770743569486,-0.6137857701752955,True,0.687440062596331
B_sig,"sig{0.25,0.50,2.00}",3,"nuts_std_D_0.25,nuts_std_D_0.50,nuts_std_D_2.00",pooled,29,0.3005940009188111,0.11309408385772501,-0.08029673565094633,0.6079110445650259,-0.5462518568421153,False,0.3005940009188111
B_sig,"sig{0.25,0.50,3.00}",3,"nuts_std_D_0.25,nuts_std_D_0.50,nuts_std_D_3.00",pz,21,0.05194140035849957,0.8230679808944646,-0.4334292305591744,0.5161948552511254,-0.4801069979082933,False,0.05194140035849957
B_sig,"sig{0.25,0.50,3.00}",3,"nuts_std_D_0.25,nuts_std_D_0.50,nuts_std_D_3.00",tz,8,-0.7119914934033427,0.04756711506633378,-0.9597412212597215,0.016622449346420636,-0.6137857701752955,True,0.7119914934033427
B_sig,"sig{0.25,0.50,3.00}",3,"nuts_std_D_0.25,nuts_std_D_0.50,nuts_std_D_3.00",pooled,29,0.2663884766763257,0.1624634911934367,-0.09184988768154535,0.5790444473713339,-0.5462518568421153,False,0.2663884766763257
B_sig,"sig{0.25,0.50,20.00}",3,"nuts_std_D_0.25,nuts_std_D_0.50,nuts_std_D_20.00",pz,21,-0.3305999941736932,0.14325956057899034,-0.6907615720433553,0.2247686369826668,-0.4801069979082933,False,0.3305999941736932
B_sig,"sig{0.25,0.50,20.00}",3,"nuts_std_D_0.25,nuts_std_D_0.50,nuts_std_D_20.00",tz,8,-0.6383372009823073,0.08850536086905555,-0.9413160730419347,0.11023963796102461,-0.6137857701752955,True,0.6383372009823073
B_sig,"sig{0.25,0.50,20.00}",3,"nuts_std_D_0.25,nuts_std_D_0.50,nuts_std_D_20.00",pooled,29,0.2645745473604364,0.16545200227706525,-0.06482781464271176,0.5312759585696777,-0.5462518568421153,False,0.2645745473604364
B_sig,"sig{0.25,0.75,1.00}",3,"nuts_std_D_0.25,nuts_std_D_0.75,nuts_std_D_1.00",pz,21,-0.21127515551227527,0.35791926125051154,-0.5975098176402885,0.32137001808599097,-0.4801069979082933,False,0.21127515551227527
B_sig,"sig{0.25,0.75,1.00}",3,"nuts_std_D_0.25,nuts_std_D_0.75,nuts_std_D_1.00",tz,8,-0.33144431589465956,0.422555590022422,-0.9304148555375739,0.838316030282474,-0.6137857701752955,False,0.33144431589465956
B_sig,"sig{0.25,0.75,1.00}",3,"nuts_std_D_0.25,nuts_std_D_0.75,nuts_std_D_1.00",pooled,29,0.28089991120344077,0.1399278556185946,-0.029623067665217755,0.5615938991434192,-0.5462518568421153,False,0.28089991120344077
B_sig,"sig{0.25,0.75,1.50}",3,"nuts_std_D_0.25,nuts_std_D_0.75,nuts_std_D_1.50",pz,21,-0.06738343830291836,0.7716545834283378,-0.5316637028966239,0.4017895282494028,-0.4801069979082933,False,0.06738343830291836
B_sig,"sig{0.25,0.75,1.50}",3,"nuts_std_D_0.25,nuts_std_D_0.75,nuts_std_D_1.50",tz,8,-0.20868716185960046,0.6199236393861473,-0.959753886287267,0.5350427004772447,-0.6137857701752955,False,0.20868716185960046
B_sig,"sig{0.25,0.75,1.50}",3,"nuts_std_D_0.25,nuts_std_D_0.75,nuts_std_D_1.50",pooled,29,0.21326626099670823,0.26665649710279693,-0.1652998293303399,0.5582027816302167,-0.5462518568421153,False,0.21326626099670823
B_sig,"sig{0.25,0.75,2.00}",3,"nuts_std_D_0.25,nuts_std_D_0.75,nuts_std_D_2.00",pz,21,0.1607375767850865,0.48640691958171145,-0.30490571010732487,0.5957155476499775,-0.4801069979082933,False,0.1607375767850865
B_sig,"sig{0.25,0.75,2.00}",3,"nuts_std_D_0.25,nuts_std_D_0.75,nuts_std_D_2.00",tz,8,-0.7488186396138605,0.03253018541167287,-1.0,-0.07721004770146961,-0.6137857701752955,True,0.7488186396138605
B_sig,"sig{0.25,0.75,2.00}",3,"nuts_std_D_0.25,nuts_std_D_0.75,nuts_std_D_2.00",pooled,29,0.3013713991970494,0.11211968077220494,-0.061266011288746515,0.5868407409919564,-0.5462518568421153,False,0.3013713991970494
B_sig,"sig{0.25,0.75,3.00}",3,"nuts_std_D_0.25,nuts_std_D_0.75,nuts_std_D_3.00",pz,21,0.01824968120704039,0.9374178229130672,-0.4251724695645854,0.4991352026638905,-0.4801069979082933,False,0.01824968120704039
B_sig,"sig{0.25,0.75,3.00}",3,"nuts_std_D_0.25,nuts_std_D_0.75,nuts_std_D_3.00",tz,8,-0.8470243628419077,0.007954270632103343,-1.0,-0.3239685300090664,-0.6137857701752955,True,0.8470243628419077
B_sig,"sig{0.25,0.75,3.00}",3,"nuts_std_D_0.25,nuts_std_D_0.75,nuts_std_D_3.00",pooled,29,0.2580962283751171,0.17644336003952013,-0.14523877718679282,0.597591703541294,-0.5462518568421153,False,0.2580962283751171
B_sig,"sig{0.25,0.75,20.00}",3,"nuts_std_D_0.25,nuts_std_D_0.75,nuts_std_D_20.00",pz,21,-0.4281655975497937,0.05282018555866423,-0.7607616089091032,0.11059567541329385,-0.4801069979082933,False,0.4281655975497937
B_sig,"sig{0.25,0.75,20.00}",3,"nuts_std_D_0.25,nuts_std_D_0.75,nuts_std_D_20.00",tz,8,-0.7488186396138605,0.03253018541167287,-1.0,-0.08068423483216582,-0.6137857701752955,True,0.7488186396138605
B_sig,"sig{0.25,0.75,20.00}",3,"nuts_std_D_0.25,nuts_std_D_0.75,nuts_std_D_20.00",pooled,29,0.2161167213502487,0.2601649874886617,-0.11345212161000769,0.5119005464410824,-0.5462518568421153,False,0.2161167213502487
B_sig,"sig{0.25,1.00,1.50}",3,"nuts_std_D_0.25,nuts_std_D_1.00,nuts_std_D_1.50",pz,21,-0.06738343830291836,0.7716545834283378,-0.5063499748732871,0.43383054849025104,-0.4801069979082933,False,0.06738343830291836
B_sig,"sig{0.25,1.00,1.50}",3,"nuts_std_D_0.25,nuts_std_D_1.00,nuts_std_D_1.50",tz,8,0.049102861614023635,0.9080800167647649,-0.7548513560963972,0.7859003316414019,-0.6137857701752955,False,0.049102861614023635
B_sig,"sig{0.25,1.00,1.50}",3,"nuts_std_D_0.25,nuts_std_D_1.00,nuts_std_D_1.50",pooled,29,0.19849569371018042,0.30196474653954297,-0.18728641472815927,0.5510876111419685,-0.5462518568421153,False,0.19849569371018042
B_sig,"sig{0.25,1.00,2.00}",3,"nuts_std_D_0.25,nuts_std_D_1.00,nuts_std_D_2.00",pz,21,0.1403821631310799,0.5438922399171209,-0.33991506708942676,0.6150753028719338,-0.4801069979082933,False,0.1403821631310799
B_sig,"sig{0.25,1.00,2.00}",3,"nuts_std_D_0.25,nuts_std_D_1.00,nuts_std_D_2.00",tz,8,-0.5155800469472482,0.19094164560521146,-1.0,0.35683245986391515,-0.6137857701752955,False,0.5155800469472482
B_sig,"sig{0.25,1.00,2.00}",3,"nuts_std_D_0.25,nuts_std_D_1.00,nuts_std_D_2.00",pooled,29,0.2606875559692448,0.17198686914951622,-0.0912405959096826,0.57863630748458,-0.5462518568421153,False,0.2606875559692448
B_sig,"sig{0.25,1.00,3.00}",3,"nuts_std_D_0.25,nuts_std_D_1.00,nuts_std_D_3.00",pz,21,-0.13476687660583672,0.5602767018526569,-0.5589961943695176,0.30232299571748006,-0.4801069979082933,False,0.13476687660583672
B_sig,"sig{0.25,1.00,3.00}",3,"nuts_std_D_0.25,nuts_std_D_1.00,nuts_std_D_3.00",tz,8,-0.6260614855788014,0.09680053497397738,-1.0,0.22243388145255683,-0.6137857701752955,True,0.6260614855788014
B_sig,"sig{0.25,1.00,3.00}",3,"nuts_std_D_0.25,nuts_std_D_1.00,nuts_std_D_3.00",pooled,29,0.1865755867771931,0.33250047156838414,-0.21765985495003207,0.5116358211707309,-0.5462518568421153,False,0.1865755867771931
B_sig,"sig{0.25,1.00,20.00}",3,"nuts_std_D_0.25,nuts_std_D_1.00,nuts_std_D_20.00",pz,21,-0.3853490377948144,0.08450747573613102,-0.7205008438745095,0.1273400054144084,-0.4801069979082933,False,0.3853490377948144
B_sig,"sig{0.25,1.00,20.00}",3,"nuts_std_D_0.25,nuts_std_D_1.00,nuts_std_D_20.00",tz,8,-0.6260614855788014,0.09680053497397738,-1.0,0.14553900563615896,-0.6137857701752955,True,0.6260614855788014
B_sig,"sig{0.25,1.00,20.00}",3,"nuts_std_D_0.25,nuts_std_D_1.00,nuts_std_D_20.00",pooled,29,0.19434956955957614,0.3123794582409432,-0.11589012205448276,0.49688455095493145,-0.5462518568421153,False,0.19434956955957614
B_sig,"sig{0.25,1.50,2.00}",3,"nuts_std_D_0.25,nuts_std_D_1.50,nuts_std_D_2.00",pz,21,0.10949808724224233,0.6365823884446089,-0.38913932564398446,0.6050111860860424,-0.4801069979082933,False,0.10949808724224233
B_sig,"sig{0.25,1.50,2.00}",3,"nuts_std_D_0.25,nuts_std_D_1.50,nuts_std_D_2.00",tz,8,-0.20868716185960046,0.6199236393861473,-0.7851798560938288,0.42473482343510977,-0.6137857701752955,False,0.20868716185960046
B_sig,"sig{0.25,1.50,2.00}",3,"nuts_std_D_0.25,nuts_std_D_1.50,nuts_std_D_2.00",pooled,29,0.24384392660741486,0.20240704111093022,-0.16600956202953504,0.5651268932540976,-0.5462518568421153,False,0.24384392660741486
B_sig,"sig{0.25,1.50,3.00}",3,"nuts_std_D_0.25,nuts_std_D_1.50,nuts_std_D_3.00",pz,21,-0.11932483866141791,0.6064280236206001,-0.5738147056835479,0.34752586154197757,-0.4801069979082933,False,0.11932483866141791
B_sig,"sig{0.25,1.50,3.00}",3,"nuts_std_D_0.25,nuts_std_D_1.50,nuts_std_D_3.00",tz,8,-0.28234145428063595,0.49807110466292026,-0.7951923208052686,0.4548021768735911,-0.6137857701752955,False,0.28234145428063595
B_sig,"sig{0.25,1.50,3.00}",3,"nuts_std_D_0.25,nuts_std_D_1.50,nuts_std_D_3.00",pooled,29,0.2207811110196785,0.2497668222773877,-0.1624939599699727,0.5568227344524889,-0.5462518568421153,False,0.2207811110196785
B_sig,"sig{0.25,1.50,20.00}",3,"nuts_std_D_0.25,nuts_std_D_1.50,nuts_std_D_20.00",pz,21,-0.09405604929782353,0.6850899112372701,-0.568690131539815,0.4106306722278203,-0.4801069979082933,False,0.09405604929782353
B_sig,"sig{0.25,1.50,20.00}",3,"nuts_std_D_0.25,nuts_std_D_1.50,nuts_std_D_20.00",tz,8,-0.17186001564908274,0.6840512915318457,-0.6710934527955676,0.5407583124183066,-0.6137857701752955,False,0.17186001564908274
B_sig,"sig{0.25,1.50,20.00}",3,"nuts_std_D_0.25,nuts_std_D_1.50,nuts_std_D_20.00",pooled,29,0.24047520073504888,0.20890847529882747,-0.1539519312542905,0.567318174409368,-0.5462518568421153,False,0.24047520073504888
B_sig,"sig{0.25,2.00,3.00}",3,"nuts_std_D_0.25,nuts_std_D_2.00,nuts_std_D_3.00",pz,21,0.045624203017600964,0.8443161885308438,-0.46136147048534376,0.5715243506539912,-0.4801069979082933,False,0.045624203017600964
B_sig,"sig{0.25,2.00,3.00}",3,"nuts_std_D_0.25,nuts_std_D_2.00,nuts_std_D_3.00",tz,8,-0.6506129163858132,0.0806376088345106,-0.9622504486493761,0.21265559324313554,-0.6137857701752955,True,0.6506129163858132
B_sig,"sig{0.25,2.00,3.00}",3,"nuts_std_D_0.25,nuts_std_D_2.00,nuts_std_D_3.00",pooled,29,0.29126522157995144,0.125282497674351,-0.0688231492688102,0.6135624781360085,-0.5462518568421153,False,0.29126522157995144
B_sig,"sig{0.25,2.00,20.00}",3,"nuts_std_D_0.25,nuts_std_D_2.00,nuts_std_D_20.00",pz,21,0.12704585763362733,0.5831568208817154,-0.3674376309983036,0.6115960826319251,-0.4801069979082933,False,0.12704585763362733
B_sig,"sig{0.25,2.00,20.00}",3,"nuts_std_D_0.25,nuts_std_D_2.00,nuts_std_D_20.00",tz,8,-0.6383372009823073,0.08850536086905555,-0.9413533972554379,0.014222222913256812,-0.6137857701752955,True,0.6383372009823073
B_sig,"sig{0.25,2.00,20.00}",3,"nuts_std_D_0.25,nuts_std_D_2.00,nuts_std_D_20.00",pooled,29,0.29204261985818974,0.12423140431349933,-0.07035514613278207,0.5965795393666417,-0.5462518568421153,False,0.29204261985818974
B_sig,"sig{0.25,3.00,20.00}",3,"nuts_std_D_0.25,nuts_std_D_3.00,nuts_std_D_20.00",pz,21,0.030884075888837584,0.8942776153448458,-0.44814175941901446,0.5182572110416315,-0.4801069979082933,False,0.030884075888837584
B_sig,"sig{0.25,3.00,20.00}",3,"nuts_std_D_0.25,nuts_std_D_3.00,nuts_std_D_20.00",tz,8,-0.6506129163858132,0.0806376088345106,-0.9552524691031852,0.22423064292050726,-0.6137857701752955,True,0.6506129163858132
B_sig,"sig{0.25,3.00,20.00}",3,"nuts_std_D_0.25,nuts_std_D_3.00,nuts_std_D_20.00",pooled,29,0.24954484731449578,0.19172401255160387,-0.0914290213433347,0.5599499561105876,-0.5462518568421153,False,0.24954484731449578
B_sig,"sig{0.50,0.75,1.00}",3,"nuts_std_D_0.50,nuts_std_D_0.75,nuts_std_D_1.00",pz,21,-0.3404267455928688,0.13103626213761382,-0.7170348810568531,0.17406384743037062,-0.4801069979082933,False,0.3404267455928688
B_sig,"sig{0.50,0.75,1.00}",3,"nuts_std_D_0.50,nuts_std_D_0.75,nuts_std_D_1.00",tz,8,-0.4910286161402364,0.21660620777244885,-0.9549737501018583,0.35483673124145204,-0.6137857701752955,False,0.4910286161402364
B_sig,"sig{0.50,0.75,1.00}",3,"nuts_std_D_0.50,nuts_std_D_0.75,nuts_std_D_1.00",pooled,29,0.4006192460521396,0.03126945379879176,0.08306232829047008,0.6315361714266006,-0.5462518568421153,False,0.4006192460521396
B_sig,"sig{0.50,0.75,1.50}",3,"nuts_std_D_0.50,nuts_std_D_0.75,nuts_std_D_1.50",pz,21,-0.021759235285317383,0.9254124485782675,-0.46657520166185024,0.42810568013389577,-0.4801069979082933,False,0.021759235285317383
B_sig,"sig{0.50,0.75,1.50}",3,"nuts_std_D_0.50,nuts_std_D_0.75,nuts_std_D_1.50",tz,8,-0.45420146992971866,0.25824993551060044,-0.9805806756909201,0.4911028679884537,-0.6137857701752955,False,0.45420146992971866
B_sig,"sig{0.50,0.75,1.50}",3,"nuts_std_D_0.50,nuts_std_D_0.75,nuts_std_D_1.50",pooled,29,0.24799005075801916,0.19459793722695168,-0.15974910931970676,0.5916652187478665,-0.5462518568421153,False,0.24799005075801916
B_sig,"sig{0.50,0.75,2.00}",3,"nuts_std_D_0.50,nuts_std_D_0.75,nuts_std_D_2.00",pz,21,0.22039999611579544,0.3370399240251756,-0.23897654751036304,0.6360679745616301,-0.4801069979082933,False,0.22039999611579544
B_sig,"sig{0.50,0.75,2.00}",3,"nuts_std_D_0.50,nuts_std_D_0.75,nuts_std_D_2.00",tz,8,-0.7488186396138605,0.03253018541167287,-0.9933992677987828,0.0667004512286195,-0.6137857701752955,True,0.7488186396138605
B_sig,"sig{0.50,0.75,2.00}",3,"nuts_std_D_0.50,nuts_std_D_0.75,nuts_std_D_2.00",pooled,29,0.3114775768141474,0.1000141213260695,-0.0565077984262601,0.6334016588249871,-0.5462518568421153,False,0.3114775768141474
B_sig,"sig{0.50,0.75,3.00}",3,"nuts_std_D_0.50,nuts_std_D_0.75,nuts_std_D_3.00",pz,21,0.03649936241408078,0.8751889860741628,-0.40331214722523834,0.4582328256549031,-0.4801069979082933,False,0.03649936241408078
B_sig,"sig{0.50,0.75,3.00}",3,"nuts_std_D_0.50,nuts_std_D_0.75,nuts_std_D_3.00",tz,8,-0.7979215012278841,0.01762975126971794,-0.9938079899999065,-0.20377586326059935,-0.6137857701752955,True,0.7979215012278841
B_sig,"sig{0.50,0.75,3.00}",3,"nuts_std_D_0.50,nuts_std_D_0.75,nuts_std_D_3.00",pooled,29,0.28608256639169605,0.13245739386861005,-0.07284649104080994,0.5675922942203744,-0.5462518568421153,False,0.28608256639169605
B_sig,"sig{0.50,0.75,20.00}",3,"nuts_std_D_0.50,nuts_std_D_0.75,nuts_std_D_20.00",pz,21,-0.356570694352943,0.11259790587844902,-0.7116722994653282,0.21352314545448348,-0.4801069979082933,False,0.356570694352943
B_sig,"sig{0.50,0.75,20.00}",3,"nuts_std_D_0.50,nuts_std_D_0.75,nuts_std_D_20.00",tz,8,-0.7488186396138605,0.03253018541167287,-0.9939627902499089,0.0857280961239971,-0.6137857701752955,True,0.7488186396138605
B_sig,"sig{0.50,0.75,20.00}",3,"nuts_std_D_0.50,nuts_std_D_0.75,nuts_std_D_20.00",pooled,29,0.2568005645780533,0.17870177946495167,-0.07091860669570657,0.5013675680567198,-0.5462518568421153,False,0.2568005645780533
B_sig,"sig{0.50,1.00,1.50}",3,"nuts_std_D_0.50,nuts_std_D_1.00,nuts_std_D_1.50",pz,21,-0.04211464893932398,0.8561668366261304,-0.4919020038329593,0.41253690890595657,-0.4801069979082933,False,0.04211464893932398
B_sig,"sig{0.50,1.00,1.50}",3,"nuts_std_D_0.50,nuts_std_D_1.00,nuts_std_D_1.50",tz,8,-0.2455143080701182,0.5578248245683866,-0.9117264773053533,0.5165299883283623,-0.6137857701752955,False,0.2455143080701182
B_sig,"sig{0.50,1.00,1.50}",3,"nuts_std_D_0.50,nuts_std_D_1.00,nuts_std_D_1.50",pooled,29,0.24358479384800208,0.20290215514642337,-0.14268418472759012,0.58147297469313,-0.5462518568421153,False,0.24358479384800208
B_sig,"sig{0.50,1.00,2.00}",3,"nuts_std_D_0.50,nuts_std_D_1.00,nuts_std_D_2.00",pz,21,0.1761796147295053,0.44491213264177354,-0.3054404355291629,0.6532529994495512,-0.4801069979082933,False,0.1761796147295053
B_sig,"sig{0.50,1.00,2.00}",3,"nuts_std_D_0.50,nuts_std_D_1.00,nuts_std_D_2.00",tz,8,-0.6260614855788014,0.09680053497397738,-0.9607942528856135,0.15097027121927944,-0.6137857701752955,True,0.6260614855788014
B_sig,"sig{0.50,1.00,2.00}",3,"nuts_std_D_0.50,nuts_std_D_1.00,nuts_std_D_2.00",pooled,29,0.26535194563867465,0.16416647161484452,-0.13967571602036757,0.6173392260648598,-0.5462518568421153,False,0.26535194563867465
B_sig,"sig{0.50,1.00,3.00}",3,"nuts_std_D_0.50,nuts_std_D_1.00,nuts_std_D_3.00",pz,21,-0.11511337376748554,0.619279699765604,-0.5161797255291323,0.32891111484692426,-0.4801069979082933,False,0.11511337376748554
B_sig,"sig{0.50,1.00,3.00}",3,"nuts_std_D_0.50,nuts_std_D_1.00,nuts_std_D_3.00",tz,8,-0.6260614855788014,0.09680053497397738,-0.9612755239323388,0.08850974065936734,-0.6137857701752955,True,0.6260614855788014
B_sig,"sig{0.50,1.00,3.00}",3,"nuts_std_D_0.50,nuts_std_D_1.00,nuts_std_D_3.00",pooled,29,0.26379714908219803,0.16674466034752908,-0.13617495647794928,0.5706399876434514,-0.5462518568421153,False,0.26379714908219803
B_sig,"sig{0.50,1.00,20.00}",3,"nuts_std_D_0.50,nuts_std_D_1.00,nuts_std_D_20.00",pz,21,-0.4436076354942125,0.04397568390264497,-0.7782248800712863,0.0540566072900277,-0.4801069979082933,False,0.4436076354942125
B_sig,"sig{0.50,1.00,20.00}",3,"nuts_std_D_0.50,nuts_std_D_1.00,nuts_std_D_20.00",tz,8,-0.6260614855788014,0.09680053497397738,-0.9737177351846226,0.10332271796491438,-0.6137857701752955,True,0.6260614855788014
B_sig,"sig{0.50,1.00,20.00}",3,"nuts_std_D_0.50,nuts_std_D_1.00,nuts_std_D_20.00",pooled,29,0.2811590439628535,0.13954722688515714,-0.058096650628659874,0.5441601151698291,-0.5462518568421153,False,0.2811590439628535
B_sig,"sig{0.50,1.50,2.00}",3,"nuts_std_D_0.50,nuts_std_D_1.50,nuts_std_D_2.00",pz,21,0.09616178174478975,0.6783993446810117,-0.4066001112660102,0.5705042045589435,-0.4801069979082933,False,0.09616178174478975
B_sig,"sig{0.50,1.50,2.00}",3,"nuts_std_D_0.50,nuts_std_D_1.50,nuts_std_D_2.00",tz,8,-0.6015100547717895,0.11468356116727643,-0.8911638077990078,0.2247150382255843,-0.6137857701752955,False,0.6015100547717895
B_sig,"sig{0.50,1.50,2.00}",3,"nuts_std_D_0.50,nuts_std_D_1.50,nuts_std_D_2.00",pooled,29,0.22959162483971263,0.23088239054369167,-0.17348886100128638,0.5794669128777667,-0.5462518568421153,False,0.22959162483971263
B_sig,"sig{0.50,1.50,3.00}",3,"nuts_std_D_0.50,nuts_std_D_1.50,nuts_std_D_3.00",pz,21,-0.09054649521954654,0.6962912288837557,-0.5109336489247712,0.4457335323636141,-0.4801069979082933,False,0.09054649521954654
B_sig,"sig{0.50,1.50,3.00}",3,"nuts_std_D_0.50,nuts_std_D_1.50,nuts_std_D_3.00",tz,8,-0.6628886317893191,0.07319386368357712,-0.9292063192554012,0.26553479554025977,-0.6137857701752955,True,0.6628886317893191
B_sig,"sig{0.50,1.50,3.00}",3,"nuts_std_D_0.50,nuts_std_D_1.50,nuts_std_D_3.00",pooled,29,0.23399688174972968,0.22180894448619756,-0.14535929793904773,0.5614434094779357,-0.5462518568421153,False,0.23399688174972968
B_sig,"sig{0.50,1.50,20.00}",3,"nuts_std_D_0.50,nuts_std_D_1.50,nuts_std_D_20.00",pz,21,-0.09405604929782353,0.6850899112372701,-0.5415448300264623,0.38905053744334095,-0.4801069979082933,False,0.09405604929782353
B_sig,"sig{0.50,1.50,20.00}",3,"nuts_std_D_0.50,nuts_std_D_1.50,nuts_std_D_20.00",tz,8,-0.4419257545262127,0.2729525519369343,-0.8131553625425346,0.26584078731636146,-0.6137857701752955,False,0.4419257545262127
B_sig,"sig{0.50,1.50,20.00}",3,"nuts_std_D_0.50,nuts_std_D_1.50,nuts_std_D_20.00",pooled,29,0.2249272351702828,0.24075712006939906,-0.17825717920289164,0.5660772037643846,-0.5462518568421153,False,0.2249272351702828
B_sig,"sig{0.50,2.00,3.00}",3,"nuts_std_D_0.50,nuts_std_D_2.00,nuts_std_D_3.00",pz,21,0.08142165461602636,0.7256957303268423,-0.4201010470178857,0.5291237376327144,-0.4801069979082933,False,0.08142165461602636
B_sig,"sig{0.50,2.00,3.00}",3,"nuts_std_D_0.50,nuts_std_D_2.00,nuts_std_D_3.00",tz,8,-0.7610943550173663,0.02827313252875805,-0.9931338713597399,-0.03901371573204352,-0.6137857701752955,True,0.7610943550173663
B_sig,"sig{0.50,2.00,3.00}",3,"nuts_std_D_0.50,nuts_std_D_2.00,nuts_std_D_3.00",pooled,29,0.26379714908219803,0.16674466034752908,-0.14117609270834083,0.5997428863137498,-0.5462518568421153,False,0.26379714908219803
B_sig,"sig{0.50,2.00,20.00}",3,"nuts_std_D_0.50,nuts_std_D_2.00,nuts_std_D_20.00",pz,21,0.13055541171190432,0.5727072149915163,-0.37602564240404723,0.610127408973841,-0.4801069979082933,False,0.13055541171190432
B_sig,"sig{0.50,2.00,20.00}",3,"nuts_std_D_0.50,nuts_std_D_2.00,nuts_std_D_20.00",tz,8,-0.7119914934033427,0.04756711506633378,-0.9792700977495321,-0.05213193122460172,-0.6137857701752955,True,0.7119914934033427
B_sig,"sig{0.50,2.00,20.00}",3,"nuts_std_D_0.50,nuts_std_D_2.00,nuts_std_D_20.00",pooled,29,0.27183026462399384,0.1537287954760054,-0.10705354550099444,0.5860463334996017,-0.5462518568421153,False,0.27183026462399384
B_sig,"sig{0.50,3.00,20.00}",3,"nuts_std_D_0.50,nuts_std_D_3.00,nuts_std_D_20.00",pz,21,0.04071082730801318,0.8609155943296319,-0.4606935493889332,0.5259237507015937,-0.4801069979082933,False,0.04071082730801318
B_sig,"sig{0.50,3.00,20.00}",3,"nuts_std_D_0.50,nuts_std_D_3.00,nuts_std_D_20.00",tz,8,-0.7610943550173663,0.02827313252875805,-0.9808527860662655,-0.09413160730419345,-0.6137857701752955,True,0.7610943550173663
B_sig,"sig{0.50,3.00,20.00}",3,"nuts_std_D_0.50,nuts_std_D_3.00,nuts_std_D_20.00",pooled,29,0.20989753512434223,0.27446260851101045,-0.1452436421154888,0.5346596308747648,-0.5462518568421153,False,0.20989753512434223
B_sig,"sig{0.75,1.00,1.50}",3,"nuts_std_D_0.75,nuts_std_D_1.00,nuts_std_D_1.50",pz,21,-0.05755668688374277,0.8042797460453753,-0.5125995483626606,0.4139671956366544,-0.4801069979082933,False,0.05755668688374277
B_sig,"sig{0.75,1.00,1.50}",3,"nuts_std_D_0.75,nuts_std_D_1.00,nuts_std_D_1.50",tz,8,-0.6015100547717895,0.11468356116727643,-0.9743547036924464,0.1882632146083869,-0.6137857701752955,False,0.6015100547717895
B_sig,"sig{0.75,1.00,1.50}",3,"nuts_std_D_0.75,nuts_std_D_1.00,nuts_std_D_1.50",pooled,29,0.2005687557854826,0.29684013457391467,-0.2040785771819782,0.541236524245026,-0.5462518568421153,False,0.2005687557854826
B_sig,"sig{0.75,1.00,2.00}",3,"nuts_std_D_0.75,nuts_std_D_1.00,nuts_std_D_2.00",pz,21,0.14880509291894473,0.5197345467091445,-0.33634134754635325,0.6308068201909676,-0.4801069979082933,False,0.14880509291894473
B_sig,"sig{0.75,1.00,2.00}",3,"nuts_std_D_0.75,nuts_std_D_1.00,nuts_std_D_2.00",tz,8,-0.675164347192825,0.06617004538137725,-0.9814596159248479,0.19595111617145172,-0.6137857701752955,True,0.675164347192825
B_sig,"sig{0.75,1.00,2.00}",3,"nuts_std_D_0.75,nuts_std_D_1.00,nuts_std_D_2.00",pooled,29,0.2111931989214061,0.27144302469082043,-0.19306008631271504,0.5691248510627233,-0.5462518568421153,False,0.2111931989214061
B_sig,"sig{0.75,1.00,3.00}",3,"nuts_std_D_0.75,nuts_std_D_1.00,nuts_std_D_3.00",pz,21,-0.1530165578128771,0.5078497443276042,-0.5448672093185464,0.31340646989350524,-0.4801069979082933,False,0.1530165578128771
B_sig,"sig{0.75,1.00,3.00}",3,"nuts_std_D_0.75,nuts_std_D_1.00,nuts_std_D_3.00",tz,8,-0.7488186396138605,0.03253018541167287,-1.0,0.014615565762458708,-0.6137857701752955,True,0.7488186396138605
B_sig,"sig{0.75,1.00,3.00}",3,"nuts_std_D_0.75,nuts_std_D_1.00,nuts_std_D_3.00",pooled,29,0.13811776076700544,0.47491471922532735,-0.20184576593429343,0.4871207660487741,-0.5462518568421153,False,0.13811776076700544
B_sig,"sig{0.75,1.00,20.00}",3,"nuts_std_D_0.75,nuts_std_D_1.00,nuts_std_D_20.00",pz,21,-0.3958777000296454,0.0756585417714386,-0.7507853887985493,0.16285919059244325,-0.4801069979082933,False,0.3958777000296454
B_sig,"sig{0.75,1.00,20.00}",3,"nuts_std_D_0.75,nuts_std_D_1.00,nuts_std_D_20.00",tz,8,-0.7979215012278841,0.01762975126971794,-0.9936507294577401,-0.10061126194997995,-0.6137857701752955,True,0.7979215012278841
B_sig,"sig{0.75,1.00,20.00}",3,"nuts_std_D_0.75,nuts_std_D_1.00,nuts_std_D_20.00",pooled,29,-0.18268859538600157,0.34285017036519894,-0.4725886093180262,0.16497581109209844,-0.5462518568421153,False,0.18268859538600157
B_sig,"sig{0.75,1.50,2.00}",3,"nuts_std_D_0.75,nuts_std_D_1.50,nuts_std_D_2.00",pz,21,0.09265222766651274,0.6895629643106693,-0.4345755233979598,0.606550582965698,-0.4801069979082933,False,0.09265222766651274
B_sig,"sig{0.75,1.50,2.00}",3,"nuts_std_D_0.75,nuts_std_D_1.50,nuts_std_D_2.00",tz,8,-0.675164347192825,0.06617004538137725,-0.9808408393068168,0.19584729863738648,-0.6137857701752955,True,0.675164347192825
B_sig,"sig{0.75,1.50,2.00}",3,"nuts_std_D_0.75,nuts_std_D_1.50,nuts_std_D_2.00",pooled,29,0.17180501949066532,0.3728468297984835,-0.2424638307868418,0.5754925962147458,-0.5462518568421153,False,0.17180501949066532
B_sig,"sig{0.75,1.50,3.00}",3,"nuts_std_D_0.75,nuts_std_D_1.50,nuts_std_D_3.00",pz,21,-0.08563311950995874,0.7120753847417203,-0.5477075689812883,0.4174700901278825,-0.4801069979082933,False,0.08563311950995874
B_sig,"sig{0.75,1.50,3.00}",3,"nuts_std_D_0.75,nuts_std_D_1.50,nuts_std_D_3.00",tz,8,-0.675164347192825,0.06617004538137725,-0.992180999766062,0.15389675281277312,-0.6137857701752955,True,0.675164347192825
B_sig,"sig{0.75,1.50,3.00}",3,"nuts_std_D_0.75,nuts_std_D_1.50,nuts_std_D_3.00",pooled,29,0.17232328500949087,0.3713846365603154,-0.23957191745934286,0.5470040981902001,-0.5462518568421153,False,0.17232328500949087
B_sig,"sig{0.75,1.50,20.00}",3,"nuts_std_D_0.75,nuts_std_D_1.50,nuts_std_D_20.00",pz,21,-0.11090190887355313,0.6322391634388611,-0.5641314845608797,0.3826917240076011,-0.4801069979082933,False,0.11090190887355313
B_sig,"sig{0.75,1.50,20.00}",3,"nuts_std_D_0.75,nuts_std_D_1.50,nuts_std_D_20.00",tz,8,-0.675164347192825,0.06617004538137725,-0.9813067629253164,0.1554547160496459,-0.6137857701752955,True,0.675164347192825
B_sig,"sig{0.75,1.50,20.00}",3,"nuts_std_D_0.75,nuts_std_D_1.50,nuts_std_D_20.00",pooled,29,0.14718740734645233,0.4461035913905216,-0.2666280834414992,0.5166097942947169,-0.5462518568421153,False,0.14718740734645233
B_sig,"sig{0.75,2.00,3.00}",3,"nuts_std_D_0.75,nuts_std_D_2.00,nuts_std_D_3.00",pz,21,0.030182165073182176,0.896667867878207,-0.41117018980270936,0.5238058767631697,-0.4801069979082933,False,0.030182165073182176
B_sig,"sig{0.75,2.00,3.00}",3,"nuts_std_D_0.75,nuts_std_D_2.00,nuts_std_D_3.00",tz,8,-0.675164347192825,0.06617004538137725,-0.9813067629253164,0.19584729863738648,-0.6137857701752955,True,0.675164347192825
B_sig,"sig{0.75,2.00,3.00}",3,"nuts_std_D_0.75,nuts_std_D_2.00,nuts_std_D_3.00",pooled,29,0.14744654010586508,0.44529447336183725,-0.26842104478908335,0.5364279652786926,-0.5462518568421153,False,0.14744654010586508
B_sig,"sig{0.75,2.00,20.00}",3,"nuts_std_D_0.75,nuts_std_D_2.00,nuts_std_D_20.00",pz,21,0.09826751419175593,0.6717319838997997,-0.3520000609987259,0.586356243476212,-0.4801069979082933,False,0.09826751419175593
B_sig,"sig{0.75,2.00,20.00}",3,"nuts_std_D_0.75,nuts_std_D_2.00,nuts_std_D_20.00",tz,8,-0.675164347192825,0.06617004538137725,-0.9813067629253164,0.1905171573644421,-0.6137857701752955,True,0.675164347192825
B_sig,"sig{0.75,2.00,20.00}",3,"nuts_std_D_0.75,nuts_std_D_2.00,nuts_std_D_20.00",pooled,29,0.14459607975232466,0.4542380520618121,-0.25869272175213054,0.5163839579655387,-0.5462518568421153,False,0.14459607975232466
B_sig,"sig{0.75,3.00,20.00}",3,"nuts_std_D_0.75,nuts_std_D_3.00,nuts_std_D_20.00",pz,21,-0.1684585957572959,0.4654234738292159,-0.6020561991384262,0.33982593099780295,-0.4801069979082933,False,0.1684585957572959
B_sig,"sig{0.75,3.00,20.00}",3,"nuts_std_D_0.75,nuts_std_D_3.00,nuts_std_D_20.00",tz,8,-0.7979215012278841,0.01762975126971794,-1.0,-0.09799078929868855,-0.6137857701752955,True,0.7979215012278841
B_sig,"sig{0.75,3.00,20.00}",3,"nuts_std_D_0.75,nuts_std_D_3.00,nuts_std_D_20.00",pooled,29,0.06504232261260481,0.7374653930117573,-0.32701324595842557,0.41732040272099524,-0.5462518568421153,False,0.06504232261260481
B_sig,"sig{1.00,1.50,2.00}",3,"nuts_std_D_1.00,nuts_std_D_1.50,nuts_std_D_2.00",pz,21,0.07931592216906015,0.7325361974261224,-0.3829292154722602,0.5960523186641351,-0.4801069979082933,False,0.07931592216906015
B_sig,"sig{1.00,1.50,2.00}",3,"nuts_std_D_1.00,nuts_std_D_1.50,nuts_std_D_2.00",tz,8,-0.5401314777542601,0.16698762473215406,-0.9813067629253164,0.4707565417620043,-0.6137857701752955,False,0.5401314777542601
B_sig,"sig{1.00,1.50,2.00}",3,"nuts_std_D_1.00,nuts_std_D_1.50,nuts_std_D_2.00",pooled,29,0.1433004159552608,0.4583346516462026,-0.3062359154012046,0.5302557407798708,-0.5462518568421153,False,0.1433004159552608
B_sig,"sig{1.00,1.50,3.00}",3,"nuts_std_D_1.00,nuts_std_D_1.50,nuts_std_D_3.00",pz,21,-0.1389783414997691,0.5479677442907175,-0.5985471938833486,0.38466352586751923,-0.4801069979082933,False,0.1389783414997691
B_sig,"sig{1.00,1.50,3.00}",3,"nuts_std_D_1.00,nuts_std_D_1.50,nuts_std_D_3.00",tz,8,-0.5401314777542601,0.16698762473215406,-0.9932202608115113,0.5995363039728581,-0.6137857701752955,False,0.5401314777542601
B_sig,"sig{1.00,1.50,3.00}",3,"nuts_std_D_1.00,nuts_std_D_1.50,nuts_std_D_3.00",pooled,29,0.13345337109757563,0.4900979434448659,-0.335610970890962,0.536635127216259,-0.5462518568421153,False,0.13345337109757563
B_sig,"sig{1.00,1.50,20.00}",3,"nuts_std_D_1.00,nuts_std_D_1.50,nuts_std_D_20.00",pz,21,-0.23584203406021426,0.3033876614310592,-0.6875985005911787,0.2902366268043712,-0.4801069979082933,False,0.23584203406021426
B_sig,"sig{1.00,1.50,20.00}",3,"nuts_std_D_1.00,nuts_std_D_1.50,nuts_std_D_20.00",tz,8,-0.4173743237192009,0.3035574624392368,-0.9486832980505137,0.588383039938345,-0.6137857701752955,False,0.4173743237192009
B_sig,"sig{1.00,1.50,20.00}",3,"nuts_std_D_1.00,nuts_std_D_1.50,nuts_std_D_20.00",pooled,29,0.10417136928393281,0.5907352930566452,-0.29960177610360383,0.5159786429867097,-0.5462518568421153,False,0.10417136928393281
B_sig,"sig{1.00,2.00,3.00}",3,"nuts_std_D_1.00,nuts_std_D_2.00,nuts_std_D_3.00",pz,21,0.001403821631310799,0.9951814696855963,-0.5057503914500621,0.517367930694631,-0.4801069979082933,False,0.001403821631310799
B_sig,"sig{1.00,2.00,3.00}",3,"nuts_std_D_1.00,nuts_std_D_2.00,nuts_std_D_3.00",tz,8,-0.7488186396138605,0.03253018541167287,-0.9999999999999998,-0.06268346876587995,-0.6137857701752955,True,0.7488186396138605
B_sig,"sig{1.00,2.00,3.00}",3,"nuts_std_D_1.00,nuts_std_D_2.00,nuts_std_D_3.00",pooled,29,0.06530145537201759,0.736456100253003,-0.3724668253047317,0.4945670852628817,-0.5462518568421153,False,0.06530145537201759
B_sig,"sig{1.00,2.00,20.00}",3,"nuts_std_D_1.00,nuts_std_D_2.00,nuts_std_D_20.00",pz,21,0.09826751419175593,0.6717319838997997,-0.39358393118958884,0.5916164267846263,-0.4801069979082933,False,0.09826751419175593
B_sig,"sig{1.00,2.00,20.00}",3,"nuts_std_D_1.00,nuts_std_D_2.00,nuts_std_D_20.00",tz,8,-0.7488186396138605,0.03253018541167287,-0.9999999999999998,0.027600984754145096,-0.6137857701752955,True,0.7488186396138605
B_sig,"sig{1.00,2.00,20.00}",3,"nuts_std_D_1.00,nuts_std_D_2.00,nuts_std_D_20.00",pooled,29,0.1391542918046565,0.4715740847511639,-0.2631978501457189,0.5144710900891217,-0.5462518568421153,False,0.1391542918046565
B_sig,"sig{1.00,3.00,20.00}",3,"nuts_std_D_1.00,nuts_std_D_3.00,nuts_std_D_20.00",pz,21,-0.3649936241408077,0.10376063434229557,-0.7517873085516625,0.1321331917232855,-0.4801069979082933,False,0.3649936241408077
B_sig,"sig{1.00,3.00,20.00}",3,"nuts_std_D_1.00,nuts_std_D_3.00,nuts_std_D_20.00",tz,8,-0.7979215012278841,0.01762975126971794,-1.0,-0.09470146981599566,-0.6137857701752955,True,0.7979215012278841
B_sig,"sig{1.00,3.00,20.00}",3,"nuts_std_D_1.00,nuts_std_D_3.00,nuts_std_D_20.00",pooled,29,-0.03005940009188111,0.8769876021391636,-0.4061532468853292,0.3203419387149677,-0.5462518568421153,False,0.03005940009188111
B_sig,"sig{1.50,2.00,3.00}",3,"nuts_std_D_1.50,nuts_std_D_2.00,nuts_std_D_3.00",pz,21,-0.03439362996711458,0.8823399702851337,-0.5454623838469206,0.5261220843514103,-0.4801069979082933,False,0.03439362996711458
B_sig,"sig{1.50,2.00,3.00}",3,"nuts_std_D_1.50,nuts_std_D_2.00,nuts_std_D_3.00",tz,8,-0.38054717750868317,0.3523679925335408,-0.8770580193070293,0.630003656940836,-0.6137857701752955,False,0.38054717750868317
B_sig,"sig{1.50,2.00,3.00}",3,"nuts_std_D_1.50,nuts_std_D_2.00,nuts_std_D_3.00",pooled,29,0.11039055550983926,0.5686308241241012,-0.31666802563840496,0.5005961887186284,-0.5462518568421153,False,0.11039055550983926
B_sig,"sig{1.50,2.00,20.00}",3,"nuts_std_D_1.50,nuts_std_D_2.00,nuts_std_D_20.00",pz,21,-0.010528662234830994,0.9638721687142664,-0.5174434476927849,0.5485207272572391,-0.4801069979082933,False,0.010528662234830994
B_sig,"sig{1.50,2.00,20.00}",3,"nuts_std_D_1.50,nuts_std_D_2.00,nuts_std_D_20.00",tz,8,-0.38054717750868317,0.3523679925335408,-0.8481692199325709,0.7139328934618737,-0.6137857701752955,False,0.38054717750868317
B_sig,"sig{1.50,2.00,20.00}",3,"nuts_std_D_1.50,nuts_std_D_2.00,nuts_std_D_20.00",pooled,29,0.09950697961450299,0.607554010195636,-0.33648369413589285,0.4891412708786748,-0.5462518568421153,False,0.09950697961450299
B_sig,"sig{1.50,3.00,20.00}",3,"nuts_std_D_1.50,nuts_std_D_3.00,nuts_std_D_20.00",pz,21,-0.32217706438582844,0.15435819370907844,-0.7267084523214714,0.16720932050704068,-0.4801069979082933,False,0.32217706438582844
B_sig,"sig{1.50,3.00,20.00}",3,"nuts_std_D_1.50,nuts_std_D_3.00,nuts_std_D_20.00",tz,8,-0.35599574670167133,0.3867593227979817,-0.8121801951269442,0.4588314677411236,-0.6137857701752955,False,0.35599574670167133
B_sig,"sig{1.50,3.00,20.00}",3,"nuts_std_D_1.50,nuts_std_D_3.00,nuts_std_D_20.00",pooled,29,0.008033115541795813,0.9670110215350747,-0.4219995338554764,0.39423836251651045,-0.5462518568421153,False,0.008033115541795813
B_sig,"sig{2.00,3.00,20.00}",3,"nuts_std_D_2.00,nuts_std_D_3.00,nuts_std_D_20.00",pz,21,0.028778343441871385,0.9014509385230185,-0.4711199584536987,0.5498742986543687,-0.4801069979082933,False,0.028778343441871385
B_sig,"sig{2.00,3.00,20.00}",3,"nuts_std_D_2.00,nuts_std_D_3.00,nuts_std_D_20.00",tz,8,-0.6506129163858132,0.0806376088345106,-0.956448814603567,0.09923927684679659,-0.6137857701752955,True,0.6506129163858132
B_sig,"sig{2.00,3.00,20.00}",3,"nuts_std_D_2.00,nuts_std_D_3.00,nuts_std_D_20.00",pooled,29,0.16714062982123548,0.38615728697439367,-0.23209214398091121,0.5255329455464919,-0.5462518568421153,False,0.16714062982123548
B_sig,sig_full8,8,"nuts_std_D_0.25,nuts_std_D_0.50,nuts_std_D_0.75,nuts_std_D_1.00,nuts_std_D_1.50,nuts_std_D_2.00,nuts_std_D_3.00,nuts_std_D_20.00",pz,21,0.013336305497452593,0.9542467651542195,-0.45901748633415573,0.5413290765354253,-0.4801069979082933,False,0.013336305497452593
B_sig,sig_full8,8,"nuts_std_D_0.25,nuts_std_D_0.50,nuts_std_D_0.75,nuts_std_D_1.00,nuts_std_D_1.50,nuts_std_D_2.00,nuts_std_D_3.00,nuts_std_D_20.00",tz,8,-0.29461716968414187,0.4787261235710182,-0.9230769230769231,0.5032342373975981,-0.6137857701752955,False,0.29461716968414187
B_sig,sig_full8,8,"nuts_std_D_0.25,nuts_std_D_0.50,nuts_std_D_0.75,nuts_std_D_1.00,nuts_std_D_1.50,nuts_std_D_2.00,nuts_std_D_3.00,nuts_std_D_20.00",pooled,29,0.17854247123539727,0.35410126711376455,-0.18543875519104075,0.5121582848480424,-0.5462518568421153,False,0.17854247123539727
C_joint,mu{0.25}+sig{0.25},2,"nuts_D_0.25,nuts_std_D_0.25",pz,21,0.23373630161324804,0.30785127326940004,-0.23948387045927388,0.6213286969270776,-0.4801069979082933,False,0.23373630161324804
C_joint,mu{0.25}+sig{0.25},2,"nuts_D_0.25,nuts_std_D_0.25",tz,8,-0.1227571540350591,0.77213221596926,-0.8504884452022241,0.8195201153278766,-0.6137857701752955,False,0.1227571540350591
C_joint,mu{0.25}+sig{0.25},2,"nuts_D_0.25,nuts_std_D_0.25",pooled,29,0.4780999411165573,0.008709973219122362,0.15576597010622498,0.7136967510472065,-0.5462518568421153,False,0.4780999411165573
C_joint,mu{0.50}+sig{0.50},2,"nuts_D_0.50,nuts_std_D_0.50",pz,21,-0.1677566849416405,0.4673117344607546,-0.5720604404752228,0.38484148969419113,-0.4801069979082933,False,0.1677566849416405
C_joint,mu{0.50}+sig{0.50},2,"nuts_D_0.50,nuts_std_D_0.50",tz,8,-0.6383372009823073,0.08850536086905555,-0.9413160730419347,0.18829328891033392,-0.6137857701752955,True,0.6383372009823073
C_joint,mu{0.50}+sig{0.50},2,"nuts_D_0.50,nuts_std_D_0.50",pooled,29,0.41979507024868445,0.023383291834662437,0.10891385090265944,0.6468187856697936,-0.5462518568421153,False,0.41979507024868445
C_joint,mu{0.75}+sig{0.75},2,"nuts_D_0.75,nuts_std_D_0.75",pz,21,-0.23092865835062643,0.3138644735128012,-0.6701601278779875,0.43972656495359697,-0.4801069979082933,False,0.23092865835062643
C_joint,mu{0.75}+sig{0.75},2,"nuts_D_0.75,nuts_std_D_0.75",tz,8,-0.675164347192825,0.06617004538137725,-0.9813067629253164,0.19458589471213147,-0.6137857701752955,True,0.675164347192825
C_joint,mu{0.75}+sig{0.75},2,"nuts_D_0.75,nuts_std_D_0.75",pooled,29,0.13448990213522669,0.48670276591509765,-0.25565131319683426,0.4859794593885198,-0.5462518568421153,False,0.13448990213522669
C_joint,mu{1.00}+sig{1.00},2,"nuts_D_1.00,nuts_std_D_1.00",pz,21,-0.38815668105743595,0.08207613512616631,-0.7460750339723216,0.13657568005876414,-0.4801069979082933,False,0.38815668105743595
C_joint,mu{1.00}+sig{1.00},2,"nuts_D_1.00,nuts_std_D_1.00",tz,8,-0.687440062596331,0.059561396500617064,-0.9792364931869324,0.08692704727352962,-0.6137857701752955,True,0.687440062596331
C_joint,mu{1.00}+sig{1.00},2,"nuts_D_1.00,nuts_std_D_1.00",pooled,29,-0.5319995550744131,0.0029744993542951794,-0.7522760016740149,-0.1374309506147312,-0.5462518568421153,False,0.5319995550744131
C_joint,mu{1.50}+sig{1.50},2,"nuts_D_1.50,nuts_std_D_1.50",pz,21,-0.314456045413619,0.1650466421071856,-0.7279948044829238,0.17842991277476802,-0.4801069979082933,False,0.314456045413619
C_joint,mu{1.50}+sig{1.50},2,"nuts_D_1.50,nuts_std_D_1.50",tz,8,-0.1227571540350591,0.77213221596926,-0.7844645405527362,0.7388684911352426,-0.6137857701752955,False,0.1227571540350591
C_joint,mu{1.50}+sig{1.50},2,"nuts_D_1.50,nuts_std_D_1.50",pooled,29,0.03757425011485139,0.8465587647081433,-0.38554478013499327,0.5195970356903696,-0.5462518568421153,False,0.03757425011485139
C_joint,mu{2.00}+sig{2.00},2,"nuts_D_2.00,nuts_std_D_2.00",pz,21,0.27304330728995047,0.231093876941155,-0.2714755842289563,0.7386425867058812,-0.4801069979082933,False,0.27304330728995047
C_joint,mu{2.00}+sig{2.00},2,"nuts_D_2.00,nuts_std_D_2.00",tz,8,-0.7242672088068488,0.04216846779740496,-0.9936507294577401,0.1032451465839335,-0.6137857701752955,True,0.7242672088068488
C_joint,mu{2.00}+sig{2.00},2,"nuts_D_2.00,nuts_std_D_2.00",pooled,29,0.3392047820713136,0.07184162468394148,-0.03251382301896545,0.6656739903392617,-0.5462518568421153,False,0.3392047820713136
C_joint,mu{3.00}+sig{3.00},2,"nuts_D_3.00,nuts_std_D_3.00",pz,21,-0.24777451792635605,0.2788451913636711,-0.6537392377843502,0.18892421630874184,-0.4801069979082933,False,0.24777451792635605
C_joint,mu{3.00}+sig{3.00},2,"nuts_D_3.00,nuts_std_D_3.00",tz,8,-0.7242672088068488,0.04216846779740496,-0.9597675725820498,-0.09906082933272178,-0.6137857701752955,True,0.7242672088068488
C_joint,mu{3.00}+sig{3.00},2,"nuts_D_3.00,nuts_std_D_3.00",pooled,29,-0.07773982782383046,0.6885420284444228,-0.429595052280342,0.29424698393661336,-0.5462518568421153,False,0.07773982782383046
C_joint,mu{20.00}+sig{20.00},2,"nuts_D_20.00,nuts_std_D_20.00",pz,21,-0.41553120286799655,0.06102183963629926,-0.7295254439066017,0.08081413622322514,-0.4801069979082933,False,0.41553120286799655
C_joint,mu{20.00}+sig{20.00},2,"nuts_D_20.00,nuts_std_D_20.00",tz,8,0.6015100547717895,0.11468356116727643,-0.25811286645983367,0.8741397549192153,-0.6137857701752955,False,0.6015100547717895
C_joint,mu{20.00}+sig{20.00},2,"nuts_D_20.00,nuts_std_D_20.00",pooled,29,0.05934140190552393,0.7597751716028084,-0.283824594507343,0.4163743240289761,-0.5462518568421153,False,0.05934140190552393
C_joint,"mu+sig_at_grading_bins{0.50,2.00}",4,"nuts_D_0.50,nuts_std_D_0.50,nuts_D_2.00,nuts_std_D_2.00",pz,21,0.2660241991333964,0.2437840436736136,-0.20755565895748845,0.6643625381532892,-0.4801069979082933,False,0.2660241991333964
C_joint,"mu+sig_at_grading_bins{0.50,2.00}",4,"nuts_D_0.50,nuts_std_D_0.50,nuts_D_2.00,nuts_std_D_2.00",tz,8,-0.7610943550173663,0.02827313252875805,-0.9936507294577401,-0.10256410256410257,-0.6137857701752955,True,0.7610943550173663
C_joint,"mu+sig_at_grading_bins{0.50,2.00}",4,"nuts_D_0.50,nuts_std_D_0.50,nuts_D_2.00,nuts_std_D_2.00",pooled,29,0.3132915061300367,0.09794965096530579,-0.0711887029139619,0.6262605819035643,-0.5462518568421153,False,0.3132915061300367
C_joint,"mu+sig_at_headline_bins{0.25,3.00}",4,"nuts_D_0.25,nuts_std_D_0.25,nuts_D_3.00,nuts_std_D_3.00",pz,21,0.10037324663872214,0.6650882636523759,-0.42381373861460797,0.5704675070673758,-0.4801069979082933,False,0.10037324663872214
C_joint,"mu+sig_at_headline_bins{0.25,3.00}",4,"nuts_D_0.25,nuts_std_D_0.25,nuts_D_3.00,nuts_std_D_3.00",tz,8,0.07365429242103547,0.8623968528479391,-0.5962847939999439,0.7744031672415916,-0.6137857701752955,False,0.07365429242103547
C_joint,"mu+sig_at_headline_bins{0.25,3.00}",4,"nuts_D_0.25,nuts_std_D_0.25,nuts_D_3.00,nuts_std_D_3.00",pooled,29,0.3601945355837478,0.05493729127216452,-0.011440212552235821,0.6432524326612941,-0.5462518568421153,False,0.3601945355837478
C_joint,mu+sig_full16,16,"nuts_D_0.25,nuts_D_0.50,nuts_D_0.75,nuts_D_1.00,nuts_D_1.50,nuts_D_2.00,nuts_D_3.00,nuts_D_20.00,nuts_std_D_0.25,nuts_std_D_0.50,nuts_std_D_0.75,nuts_std_D_1.00,nuts_std_D_1.50,nuts_std_D_2.00,nuts_std_D_3.00,nuts_std_D_20.00",pz,21,0.09124840603520193,0.6940460046960847,-0.37182940401564696,0.5568844113212467,-0.4801069979082933,False,0.09124840603520193
C_joint,mu+sig_full16,16,"nuts_D_0.25,nuts_D_0.50,nuts_D_0.75,nuts_D_1.00,nuts_D_1.50,nuts_D_2.00,nuts_D_3.00,nuts_D_20.00,nuts_std_D_0.25,nuts_std_D_0.50,nuts_std_D_0.75,nuts_std_D_1.00,nuts_std_D_1.50,nuts_std_D_2.00,nuts_std_D_3.00,nuts_std_D_20.00",tz,8,0.18413573105258865,0.6624702474819881,-0.5949367088607596,0.805174779836157,-0.6137857701752955,False,0.18413573105258865
C_joint,mu+sig_full16,16,"nuts_D_0.25,nuts_D_0.50,nuts_D_0.75,nuts_D_1.00,nuts_D_1.50,nuts_D_2.00,nuts_D_3.00,nuts_D_20.00,nuts_std_D_0.25,nuts_std_D_0.50,nuts_std_D_0.75,nuts_std_D_1.00,nuts_std_D_1.50,nuts_std_D_2.00,nuts_std_D_3.00,nuts_std_D_20.00",pooled,29,0.3591580045460967,0.055690862332638244,-0.009067138069947845,0.6363326895299062,-0.5462518568421153,False,0.3591580045460967
