Model,Parameters,B-Values,Comparison,AUC,AUC Std,GS ≤ 6 Count,GS 3+4 Count,.25 Importance,.50 Importance,.75 Importance,1. Importance,1.25 Importance,1.50 Importance,2. Importance,2.50 Importance,3. Importance,20. Importance,ADC (0-1000) Importance,ADC (250-1000) Importance,ADC (0-1250) Importance,ADC (250-1250) Importance,GS 4+3 Count,GS ≥ 8 Count,GS ≤ 7 Count
Weighted Linear Combination,All Features,0-3500,GS ≤ 6 vs GS 3+4,0.3,0.24494897427831783,7.0,12.0,2.3610017739428475,1.9947034919234896,0.45680778984112164,1.4873735718324985,1.0075814688942573,0.3245899630545106,0.2795235214348428,0.6683222174759185,1.4904601281615963,0.1694031161630417,0.7724522243378233,1.343087146444361,0.5633438052759259,0.8274158976789353,,,
Weighted Linear Combination,All Features,0-3500,GS ≤ 6 vs GS 4+3,1.0,0.0,7.0,,0.292121842892885,0.5691597784789864,0.29814357742956477,1.2957572483812951,2.349351332200579,1.8648303776092687,1.231628362588077,0.30585145875104075,0.7926508114849634,2.129822040386261,0.8571552012397118,0.901751186411773,0.7114627586743212,0.6670022354527062,5.0,,
Weighted Linear Combination,All Features,0-3500,GS ≤ 6 vs GS ≥ 8,,,7.0,,1.0075286313382195,0.4928374808942856,0.10714306866032536,0.07296364130652618,2.1478538871258275,0.6768778304194654,1.0859522010130622,0.5883382445086115,0.39102077632063553,1.4372844139399497,0.8556675786532649,0.7546375494164506,0.7768618442480034,0.6690176922829406,,4.0,
Weighted Linear Combination,All Features,0-3500,GS ≤ 7 vs GS ≥ 8,,,,,0.5950644381937361,0.034832197904829824,0.39959143350579984,1.6946240100533483,1.231358809505305,1.8153412994273572,3.077153776311968,0.47356247920563277,1.7480150183039298,0.20304072122851002,1.0398418113049281,1.5509733113595052,0.6010074616812863,0.705592049738807,,4.0,24.0
